[ 2026-08-24 16:05:32,028 ] faiss.loader - DEBUG - Environment variable FAISS_OPT_LEVEL is not set, so let's pick the instruction set according to the current CPU
[ 2026-08-24 16:05:32,028 ] faiss.loader - INFO - Loading faiss with AVX2 support.
[ 2026-08-24 16:05:32,049 ] faiss.loader - INFO - Successfully loaded faiss with AVX2 support.
[ 2026-08-24 16:05:36,285 ] torio._extension.utils - DEBUG - Loading FFmpeg6
[ 2026-08-24 16:05:36,292 ] torio._extension.utils - DEBUG - Failed to load FFmpeg6 extension.
Traceback (most recent call last):
  File "C:\Users\22094\.conda\envs\agent\Lib\site-packages\torio\_extension\utils.py", line 116, in _find_ffmpeg_extension
    ext = _find_versionsed_ffmpeg_extension(ffmpeg_ver)
          ^^^^^^^^^^^^^^^^^^^^^^^^^^^^^^^^^^^^^^^^^^^^^
  File "C:\Users\22094\.conda\envs\agent\Lib\site-packages\torio\_extension\utils.py", line 108, in _find_versionsed_ffmpeg_extension
    _load_lib(lib)
  File "C:\Users\22094\.conda\envs\agent\Lib\site-packages\torio\_extension\utils.py", line 94, in _load_lib
    torch.ops.load_library(path)
  File "C:\Users\22094\.conda\envs\agent\Lib\site-packages\torch\_ops.py", line 1357, in load_library
    ctypes.CDLL(path)
  File "C:\Users\22094\.conda\envs\agent\Lib\ctypes\__init__.py", line 379, in __init__
    self._handle = _dlopen(self._name, mode)
                   ^^^^^^^^^^^^^^^^^^^^^^^^^
FileNotFoundError: Could not find module 'C:\Users\22094\.conda\envs\agent\Lib\site-packages\torio\lib\libtorio_ffmpeg6.pyd' (or one of its dependencies). Try using the full path with constructor syntax.
[ 2026-08-24 16:05:36,295 ] torio._extension.utils - DEBUG - Loading FFmpeg5
[ 2026-08-24 16:05:36,298 ] torio._extension.utils - DEBUG - Failed to load FFmpeg5 extension.
Traceback (most recent call last):
  File "C:\Users\22094\.conda\envs\agent\Lib\site-packages\torio\_extension\utils.py", line 116, in _find_ffmpeg_extension
    ext = _find_versionsed_ffmpeg_extension(ffmpeg_ver)
          ^^^^^^^^^^^^^^^^^^^^^^^^^^^^^^^^^^^^^^^^^^^^^
  File "C:\Users\22094\.conda\envs\agent\Lib\site-packages\torio\_extension\utils.py", line 108, in _find_versionsed_ffmpeg_extension
    _load_lib(lib)
  File "C:\Users\22094\.conda\envs\agent\Lib\site-packages\torio\_extension\utils.py", line 94, in _load_lib
    torch.ops.load_library(path)
  File "C:\Users\22094\.conda\envs\agent\Lib\site-packages\torch\_ops.py", line 1357, in load_library
    ctypes.CDLL(path)
  File "C:\Users\22094\.conda\envs\agent\Lib\ctypes\__init__.py", line 379, in __init__
    self._handle = _dlopen(self._name, mode)
                   ^^^^^^^^^^^^^^^^^^^^^^^^^
FileNotFoundError: Could not find module 'C:\Users\22094\.conda\envs\agent\Lib\site-packages\torio\lib\libtorio_ffmpeg5.pyd' (or one of its dependencies). Try using the full path with constructor syntax.
[ 2026-08-24 16:05:36,298 ] torio._extension.utils - DEBUG - Loading FFmpeg4
[ 2026-08-24 16:05:36,304 ] torio._extension.utils - DEBUG - Failed to load FFmpeg4 extension.
Traceback (most recent call last):
  File "C:\Users\22094\.conda\envs\agent\Lib\site-packages\torio\_extension\utils.py", line 116, in _find_ffmpeg_extension
    ext = _find_versionsed_ffmpeg_extension(ffmpeg_ver)
          ^^^^^^^^^^^^^^^^^^^^^^^^^^^^^^^^^^^^^^^^^^^^^
  File "C:\Users\22094\.conda\envs\agent\Lib\site-packages\torio\_extension\utils.py", line 108, in _find_versionsed_ffmpeg_extension
    _load_lib(lib)
  File "C:\Users\22094\.conda\envs\agent\Lib\site-packages\torio\_extension\utils.py", line 94, in _load_lib
    torch.ops.load_library(path)
  File "C:\Users\22094\.conda\envs\agent\Lib\site-packages\torch\_ops.py", line 1357, in load_library
    ctypes.CDLL(path)
  File "C:\Users\22094\.conda\envs\agent\Lib\ctypes\__init__.py", line 379, in __init__
    self._handle = _dlopen(self._name, mode)
                   ^^^^^^^^^^^^^^^^^^^^^^^^^
FileNotFoundError: Could not find module 'C:\Users\22094\.conda\envs\agent\Lib\site-packages\torio\lib\libtorio_ffmpeg4.pyd' (or one of its dependencies). Try using the full path with constructor syntax.
[ 2026-08-24 16:05:36,305 ] torio._extension.utils - DEBUG - Loading FFmpeg
[ 2026-08-24 16:05:36,305 ] torio._extension.utils - DEBUG - Failed to load FFmpeg extension.
Traceback (most recent call last):
  File "C:\Users\22094\.conda\envs\agent\Lib\site-packages\torio\_extension\utils.py", line 116, in _find_ffmpeg_extension
    ext = _find_versionsed_ffmpeg_extension(ffmpeg_ver)
          ^^^^^^^^^^^^^^^^^^^^^^^^^^^^^^^^^^^^^^^^^^^^^
  File "C:\Users\22094\.conda\envs\agent\Lib\site-packages\torio\_extension\utils.py", line 106, in _find_versionsed_ffmpeg_extension
    raise RuntimeError(f"FFmpeg{version} extension is not available.")
RuntimeError: FFmpeg extension is not available.
[ 2026-08-24 16:05:36,944 ] sentence_transformers.base.model - INFO - No device provided, using cuda:0
[ 2026-08-24 16:05:36,975 ] httpcore.connection - DEBUG - connect_tcp.started host='127.0.0.1' port=7897 local_address=None timeout=10 socket_options=None
[ 2026-08-24 16:05:36,997 ] httpcore.connection - DEBUG - connect_tcp.complete return_value=<httpcore._backends.sync.SyncStream object at 0x000001F696D01D60>
[ 2026-08-24 16:05:36,997 ] httpcore.http11 - DEBUG - send_request_headers.started request=<Request [b'CONNECT']>
[ 2026-08-24 16:05:36,997 ] httpcore.http11 - DEBUG - send_request_headers.complete
[ 2026-08-24 16:05:36,997 ] httpcore.http11 - DEBUG - send_request_body.started request=<Request [b'CONNECT']>
[ 2026-08-24 16:05:36,997 ] httpcore.http11 - DEBUG - send_request_body.complete
[ 2026-08-24 16:05:36,997 ] httpcore.http11 - DEBUG - receive_response_headers.started request=<Request [b'CONNECT']>
[ 2026-08-24 16:05:36,997 ] httpcore.http11 - DEBUG - receive_response_headers.complete return_value=(b'HTTP/1.1', 200, b'Connection established', [])
[ 2026-08-24 16:05:36,998 ] httpcore.proxy - DEBUG - start_tls.started ssl_context=<ssl.SSLContext object at 0x000001F696F41D50> server_hostname='huggingface.co' timeout=10
[ 2026-08-24 16:05:47,007 ] httpcore.proxy - DEBUG - start_tls.failed exception=ConnectTimeout(TimeoutError('_ssl.c:993: The handshake operation timed out'))
[ 2026-08-24 16:05:47,013 ] httpcore.connection - DEBUG - connect_tcp.started host='127.0.0.1' port=7897 local_address=None timeout=10 socket_options=None
[ 2026-08-24 16:05:47,038 ] httpcore.connection - DEBUG - connect_tcp.complete return_value=<httpcore._backends.sync.SyncStream object at 0x000001F696F3C320>
[ 2026-08-24 16:05:47,038 ] httpcore.http11 - DEBUG - send_request_headers.started request=<Request [b'CONNECT']>
[ 2026-08-24 16:05:47,038 ] httpcore.http11 - DEBUG - send_request_headers.complete
[ 2026-08-24 16:05:47,039 ] httpcore.http11 - DEBUG - send_request_body.started request=<Request [b'CONNECT']>
[ 2026-08-24 16:05:47,039 ] httpcore.http11 - DEBUG - send_request_body.complete
[ 2026-08-24 16:05:47,039 ] httpcore.http11 - DEBUG - receive_response_headers.started request=<Request [b'CONNECT']>
[ 2026-08-24 16:05:47,039 ] httpcore.http11 - DEBUG - receive_response_headers.complete return_value=(b'HTTP/1.1', 200, b'Connection established', [])
[ 2026-08-24 16:05:47,039 ] httpcore.proxy - DEBUG - start_tls.started ssl_context=<ssl.SSLContext object at 0x000001F696F41D50> server_hostname='huggingface.co' timeout=10
[ 2026-08-24 16:05:47,495 ] httpcore.proxy - DEBUG - start_tls.complete return_value=<httpcore._backends.sync.SyncStream object at 0x000001F6955A64E0>
[ 2026-08-24 16:05:47,495 ] httpcore.http11 - DEBUG - send_request_headers.started request=<Request [b'HEAD']>
[ 2026-08-24 16:05:47,496 ] httpcore.http11 - DEBUG - send_request_headers.complete
[ 2026-08-24 16:05:47,496 ] httpcore.http11 - DEBUG - send_request_body.started request=<Request [b'HEAD']>
[ 2026-08-24 16:05:47,496 ] httpcore.http11 - DEBUG - send_request_body.complete
[ 2026-08-24 16:05:47,496 ] httpcore.http11 - DEBUG - receive_response_headers.started request=<Request [b'HEAD']>
[ 2026-08-24 16:05:47,757 ] httpcore.http11 - DEBUG - receive_response_headers.complete return_value=(b'HTTP/1.1', 307, b'Temporary Redirect', [(b'Content-Type', b'text/plain; charset=utf-8'), (b'Content-Length', b'292'), (b'Connection', b'keep-alive'), (b'Date', b'Mon, 24 Aug 2026 08:05:47 GMT'), (b'Location', b'/api/resolve-cache/models/BAAI/bge-large-zh-v1.5/79e7739b6ab944e86d6171e44d24c997fc1e0116/config_sentence_transformers.json?%2FBAAI%2Fbge-large-zh-v1.5%2Fresolve%2Fmain%2Fconfig_sentence_transformers.json=&etag=%22dcb0c0d97d09b930d13600b1a773ddb27e441aab%22'), (b'X-Powered-By', b'huggingface-moon'), (b'X-Request-Id', b'Root=1-6a8bfb5b-380d4b5f491f5fb456ab2499;245245dd-2c7d-4bcf-bea6-0525a2a671d6'), (b'RateLimit', b'"resolvers";r=2999;t=109'), (b'RateLimit-Policy', b'"fixed window";"resolvers";q=3000;w=300'), (b'cross-origin-opener-policy', b'same-origin'), (b'Referrer-Policy', b'strict-origin-when-cross-origin'), (b'Access-Control-Max-Age', b'86400'), (b'Access-Control-Allow-Origin', b'https://huggingface.co'), (b'Vary', b'Origin, Accept'), (b'Access-Control-Expose-Headers', b'X-Repo-Commit,X-Request-Id,X-Error-Code,X-Error-Message,X-Total-Count,ETag,Link,Accept-Ranges,Content-Range,X-Linked-Size,X-Linked-ETag,X-Xet-Hash'), (b'X-Repo-Commit', b'79e7739b6ab944e86d6171e44d24c997fc1e0116'), (b'Accept-Ranges', b'bytes'), (b'X-HF-Warning', b'unauthenticated; Warning: You are sending unauthenticated requests to the HF Hub. Please set a HF_TOKEN to enable higher rate limits and faster downloads.'), (b'X-Hub-Cache', b'MISS'), (b'Content-Disposition', b'inline; filename*=UTF-8\'\'config_sentence_transformers.json; filename="config_sentence_transformers.json";'), (b'Content-Security-Policy', b"default-src 'none'; sandbox"), (b'X-Linked-ETag', b'"dcb0c0d97d09b930d13600b1a773ddb27e441aab"'), (b'X-Cache', b'Miss from cloudfront'), (b'Via', b'1.1 eb20e7a8d493ecd61b97c07c2941de64.cloudfront.net (CloudFront)'), (b'X-Amz-Cf-Pop', b'FRA56-P17'), (b'Alt-Svc', b'h3=":443"; ma=86400'), (b'X-Amz-Cf-Id', b'UzWEEgWF-8Kk0fkBTXOkWuCsZQU4YIArFM8qnlVoAYLbKpDgHy8Ecg==')])
[ 2026-08-24 16:05:47,758 ] httpx - INFO - HTTP Request: HEAD https://huggingface.co/BAAI/bge-large-zh-v1.5/resolve/main/config_sentence_transformers.json "HTTP/1.1 307 Temporary Redirect"
[ 2026-08-24 16:05:47,758 ] httpcore.http11 - DEBUG - receive_response_body.started request=<Request [b'HEAD']>
[ 2026-08-24 16:05:47,758 ] httpcore.http11 - DEBUG - receive_response_body.complete
[ 2026-08-24 16:05:47,758 ] httpcore.http11 - DEBUG - response_closed.started
[ 2026-08-24 16:05:47,759 ] httpcore.http11 - DEBUG - response_closed.complete
[ 2026-08-24 16:05:47,759 ] huggingface_hub.utils._http - WARNING - Warning: You are sending unauthenticated requests to the HF Hub. Please set a HF_TOKEN to enable higher rate limits and faster downloads.
[ 2026-08-24 16:05:47,759 ] httpcore.http11 - DEBUG - send_request_headers.started request=<Request [b'HEAD']>
[ 2026-08-24 16:05:47,760 ] httpcore.http11 - DEBUG - send_request_headers.complete
[ 2026-08-24 16:05:47,760 ] httpcore.http11 - DEBUG - send_request_body.started request=<Request [b'HEAD']>
[ 2026-08-24 16:05:47,760 ] httpcore.http11 - DEBUG - send_request_body.complete
[ 2026-08-24 16:05:47,760 ] httpcore.http11 - DEBUG - receive_response_headers.started request=<Request [b'HEAD']>
[ 2026-08-24 16:05:47,911 ] httpcore.http11 - DEBUG - receive_response_headers.complete return_value=(b'HTTP/1.1', 200, b'OK', [(b'Content-Type', b'text/plain; charset=utf-8'), (b'Content-Length', b'124'), (b'Connection', b'keep-alive'), (b'Date', b'Thu, 09 Jul 2026 05:42:28 GMT'), (b'ETag', b'"dcb0c0d97d09b930d13600b1a773ddb27e441aab"'), (b'X-Powered-By', b'huggingface-moon'), (b'X-Request-Id', b'Root=1-6a4f34c4-58aee01843c4aec11e288903;1d717f18-aa12-4285-826b-3f3b0ce22277'), (b'RateLimit', b'"resolvers";r=2997;t=280'), (b'RateLimit-Policy', b'"fixed window";"resolvers";q=3000;w=300'), (b'cross-origin-opener-policy', b'same-origin'), (b'Referrer-Policy', b'strict-origin-when-cross-origin'), (b'Access-Control-Max-Age', b'86400'), (b'Access-Control-Allow-Origin', b'https://huggingface.co'), (b'Access-Control-Expose-Headers', b'X-Repo-Commit,X-Request-Id,X-Error-Code,X-Error-Message,X-Total-Count,ETag,Link,Accept-Ranges,Content-Range,X-Linked-Size,X-Linked-ETag,X-Xet-Hash'), (b'X-Repo-Commit', b'79e7739b6ab944e86d6171e44d24c997fc1e0116'), (b'Accept-Ranges', b'bytes'), (b'X-Hub-Cache', b'HIT'), (b'Content-Disposition', b'inline; filename*=UTF-8\'\'config_sentence_transformers.json; filename="config_sentence_transformers.json";'), (b'Content-Security-Policy', b"default-src 'none'; sandbox"), (b'Vary', b'Origin'), (b'X-Cache', b'Hit from cloudfront'), (b'Via', b'1.1 eb20e7a8d493ecd61b97c07c2941de64.cloudfront.net (CloudFront)'), (b'X-Amz-Cf-Pop', b'FRA56-P17'), (b'Alt-Svc', b'h3=":443"; ma=86400'), (b'X-Amz-Cf-Id', b'lsWQ6_vQ2Ov0AF53hvInIB2y568pT34khQHFETUYLP1mvfZEKWugFw=='), (b'Age', b'3982999')])
[ 2026-08-24 16:05:47,911 ] httpx - INFO - HTTP Request: HEAD https://huggingface.co/api/resolve-cache/models/BAAI/bge-large-zh-v1.5/79e7739b6ab944e86d6171e44d24c997fc1e0116/config_sentence_transformers.json "HTTP/1.1 200 OK"
[ 2026-08-24 16:05:47,911 ] httpcore.http11 - DEBUG - receive_response_body.started request=<Request [b'HEAD']>
[ 2026-08-24 16:05:47,911 ] httpcore.http11 - DEBUG - receive_response_body.complete
[ 2026-08-24 16:05:47,911 ] httpcore.http11 - DEBUG - response_closed.started
[ 2026-08-24 16:05:47,912 ] httpcore.http11 - DEBUG - response_closed.complete
[ 2026-08-24 16:05:47,914 ] sentence_transformers.base.model - INFO - Loading SentenceTransformer model from BAAI/bge-large-zh-v1.5.
[ 2026-08-24 16:05:47,917 ] httpcore.http11 - DEBUG - send_request_headers.started request=<Request [b'HEAD']>
[ 2026-08-24 16:05:47,918 ] httpcore.http11 - DEBUG - send_request_headers.complete
[ 2026-08-24 16:05:47,918 ] httpcore.http11 - DEBUG - send_request_body.started request=<Request [b'HEAD']>
[ 2026-08-24 16:05:47,918 ] httpcore.http11 - DEBUG - send_request_body.complete
[ 2026-08-24 16:05:47,918 ] httpcore.http11 - DEBUG - receive_response_headers.started request=<Request [b'HEAD']>
[ 2026-08-24 16:05:48,799 ] httpcore.http11 - DEBUG - receive_response_headers.complete return_value=(b'HTTP/1.1', 307, b'Temporary Redirect', [(b'Content-Type', b'text/plain; charset=utf-8'), (b'Content-Length', b'292'), (b'Connection', b'keep-alive'), (b'Date', b'Mon, 24 Aug 2026 08:05:48 GMT'), (b'Location', b'/api/resolve-cache/models/BAAI/bge-large-zh-v1.5/79e7739b6ab944e86d6171e44d24c997fc1e0116/config_sentence_transformers.json?%2FBAAI%2Fbge-large-zh-v1.5%2Fresolve%2Fmain%2Fconfig_sentence_transformers.json=&etag=%22dcb0c0d97d09b930d13600b1a773ddb27e441aab%22'), (b'X-Powered-By', b'huggingface-moon'), (b'X-Request-Id', b'Root=1-6a8bfb5c-4ba94e872061eeb037c78537;dbf900f3-be8b-4c0d-abd6-3c5675d8d121'), (b'RateLimit', b'"resolvers";r=2998;t=108'), (b'RateLimit-Policy', b'"fixed window";"resolvers";q=3000;w=300'), (b'cross-origin-opener-policy', b'same-origin'), (b'Referrer-Policy', b'strict-origin-when-cross-origin'), (b'Access-Control-Max-Age', b'86400'), (b'Access-Control-Allow-Origin', b'https://huggingface.co'), (b'Vary', b'Origin, Accept'), (b'Access-Control-Expose-Headers', b'X-Repo-Commit,X-Request-Id,X-Error-Code,X-Error-Message,X-Total-Count,ETag,Link,Accept-Ranges,Content-Range,X-Linked-Size,X-Linked-ETag,X-Xet-Hash'), (b'X-Repo-Commit', b'79e7739b6ab944e86d6171e44d24c997fc1e0116'), (b'Accept-Ranges', b'bytes'), (b'X-HF-Warning', b'unauthenticated; Warning: You are sending unauthenticated requests to the HF Hub. Please set a HF_TOKEN to enable higher rate limits and faster downloads.'), (b'X-Hub-Cache', b'HIT'), (b'Content-Disposition', b'inline; filename*=UTF-8\'\'config_sentence_transformers.json; filename="config_sentence_transformers.json";'), (b'Content-Security-Policy', b"default-src 'none'; sandbox"), (b'X-Linked-ETag', b'"dcb0c0d97d09b930d13600b1a773ddb27e441aab"'), (b'X-Cache', b'Miss from cloudfront'), (b'Via', b'1.1 eb20e7a8d493ecd61b97c07c2941de64.cloudfront.net (CloudFront)'), (b'X-Amz-Cf-Pop', b'FRA56-P17'), (b'Alt-Svc', b'h3=":443"; ma=86400'), (b'X-Amz-Cf-Id', b'nTwaFTHZsHxf4vOpJLM3GGcMBTBwjfTgbzbr2rqcJjc__277Dtt8BA==')])
[ 2026-08-24 16:05:48,799 ] httpx - INFO - HTTP Request: HEAD https://huggingface.co/BAAI/bge-large-zh-v1.5/resolve/main/config_sentence_transformers.json "HTTP/1.1 307 Temporary Redirect"
[ 2026-08-24 16:05:48,800 ] httpcore.http11 - DEBUG - receive_response_body.started request=<Request [b'HEAD']>
[ 2026-08-24 16:05:48,800 ] httpcore.http11 - DEBUG - receive_response_body.complete
[ 2026-08-24 16:05:48,800 ] httpcore.http11 - DEBUG - response_closed.started
[ 2026-08-24 16:05:48,800 ] httpcore.http11 - DEBUG - response_closed.complete
[ 2026-08-24 16:05:48,801 ] httpcore.http11 - DEBUG - send_request_headers.started request=<Request [b'HEAD']>
[ 2026-08-24 16:05:48,801 ] httpcore.http11 - DEBUG - send_request_headers.complete
[ 2026-08-24 16:05:48,801 ] httpcore.http11 - DEBUG - send_request_body.started request=<Request [b'HEAD']>
[ 2026-08-24 16:05:48,801 ] httpcore.http11 - DEBUG - send_request_body.complete
[ 2026-08-24 16:05:48,801 ] httpcore.http11 - DEBUG - receive_response_headers.started request=<Request [b'HEAD']>
[ 2026-08-24 16:05:48,959 ] httpcore.http11 - DEBUG - receive_response_headers.complete return_value=(b'HTTP/1.1', 200, b'OK', [(b'Content-Type', b'text/plain; charset=utf-8'), (b'Content-Length', b'124'), (b'Connection', b'keep-alive'), (b'Date', b'Thu, 09 Jul 2026 05:42:28 GMT'), (b'ETag', b'"dcb0c0d97d09b930d13600b1a773ddb27e441aab"'), (b'X-Powered-By', b'huggingface-moon'), (b'X-Request-Id', b'Root=1-6a4f34c4-58aee01843c4aec11e288903;1d717f18-aa12-4285-826b-3f3b0ce22277'), (b'RateLimit', b'"resolvers";r=2997;t=280'), (b'RateLimit-Policy', b'"fixed window";"resolvers";q=3000;w=300'), (b'cross-origin-opener-policy', b'same-origin'), (b'Referrer-Policy', b'strict-origin-when-cross-origin'), (b'Access-Control-Max-Age', b'86400'), (b'Access-Control-Allow-Origin', b'https://huggingface.co'), (b'Access-Control-Expose-Headers', b'X-Repo-Commit,X-Request-Id,X-Error-Code,X-Error-Message,X-Total-Count,ETag,Link,Accept-Ranges,Content-Range,X-Linked-Size,X-Linked-ETag,X-Xet-Hash'), (b'X-Repo-Commit', b'79e7739b6ab944e86d6171e44d24c997fc1e0116'), (b'Accept-Ranges', b'bytes'), (b'X-Hub-Cache', b'HIT'), (b'Content-Disposition', b'inline; filename*=UTF-8\'\'config_sentence_transformers.json; filename="config_sentence_transformers.json";'), (b'Content-Security-Policy', b"default-src 'none'; sandbox"), (b'Vary', b'Origin'), (b'X-Cache', b'Hit from cloudfront'), (b'Via', b'1.1 eb20e7a8d493ecd61b97c07c2941de64.cloudfront.net (CloudFront)'), (b'X-Amz-Cf-Pop', b'FRA56-P17'), (b'Alt-Svc', b'h3=":443"; ma=86400'), (b'X-Amz-Cf-Id', b'OrKeyWRJSTjrQSLwWs-l0sWM-8bT0xdXvAcaG74_iQ-PjHKYOXyQUw=='), (b'Age', b'3983000')])
[ 2026-08-24 16:05:48,959 ] httpx - INFO - HTTP Request: HEAD https://huggingface.co/api/resolve-cache/models/BAAI/bge-large-zh-v1.5/79e7739b6ab944e86d6171e44d24c997fc1e0116/config_sentence_transformers.json "HTTP/1.1 200 OK"
[ 2026-08-24 16:05:48,959 ] httpcore.http11 - DEBUG - receive_response_body.started request=<Request [b'HEAD']>
[ 2026-08-24 16:05:48,960 ] httpcore.http11 - DEBUG - receive_response_body.complete
[ 2026-08-24 16:05:48,960 ] httpcore.http11 - DEBUG - response_closed.started
[ 2026-08-24 16:05:48,960 ] httpcore.http11 - DEBUG - response_closed.complete
[ 2026-08-24 16:05:48,962 ] httpcore.http11 - DEBUG - send_request_headers.started request=<Request [b'HEAD']>
[ 2026-08-24 16:05:48,962 ] httpcore.http11 - DEBUG - send_request_headers.complete
[ 2026-08-24 16:05:48,963 ] httpcore.http11 - DEBUG - send_request_body.started request=<Request [b'HEAD']>
[ 2026-08-24 16:05:48,963 ] httpcore.http11 - DEBUG - send_request_body.complete
[ 2026-08-24 16:05:48,963 ] httpcore.http11 - DEBUG - receive_response_headers.started request=<Request [b'HEAD']>
[ 2026-08-24 16:05:49,247 ] httpcore.http11 - DEBUG - receive_response_headers.complete return_value=(b'HTTP/1.1', 307, b'Temporary Redirect', [(b'Content-Type', b'text/plain; charset=utf-8'), (b'Content-Length', b'244'), (b'Connection', b'keep-alive'), (b'Date', b'Mon, 24 Aug 2026 08:05:49 GMT'), (b'Location', b'/api/resolve-cache/models/BAAI/bge-large-zh-v1.5/79e7739b6ab944e86d6171e44d24c997fc1e0116/README.md?%2FBAAI%2Fbge-large-zh-v1.5%2Fresolve%2Fmain%2FREADME.md=&etag=%228ff328740d1166d0461691bb455cbe5047067f88%22'), (b'X-Powered-By', b'huggingface-moon'), (b'X-Request-Id', b'Root=1-6a8bfb5d-4752f27046526d873bd806e3;71b31f7e-5493-45da-90ca-1a985b8c9530'), (b'RateLimit', b'"resolvers";r=2997;t=107'), (b'RateLimit-Policy', b'"fixed window";"resolvers";q=3000;w=300'), (b'cross-origin-opener-policy', b'same-origin'), (b'Referrer-Policy', b'strict-origin-when-cross-origin'), (b'Access-Control-Max-Age', b'86400'), (b'Access-Control-Allow-Origin', b'https://huggingface.co'), (b'Vary', b'Origin, Accept'), (b'Access-Control-Expose-Headers', b'X-Repo-Commit,X-Request-Id,X-Error-Code,X-Error-Message,X-Total-Count,ETag,Link,Accept-Ranges,Content-Range,X-Linked-Size,X-Linked-ETag,X-Xet-Hash'), (b'X-Repo-Commit', b'79e7739b6ab944e86d6171e44d24c997fc1e0116'), (b'Accept-Ranges', b'bytes'), (b'X-Hub-Cache', b'HIT'), (b'Content-Disposition', b'inline; filename*=UTF-8\'\'README.md; filename="README.md";'), (b'Content-Security-Policy', b"default-src 'none'; sandbox"), (b'X-Linked-ETag', b'"8ff328740d1166d0461691bb455cbe5047067f88"'), (b'X-Cache', b'Miss from cloudfront'), (b'Via', b'1.1 eb20e7a8d493ecd61b97c07c2941de64.cloudfront.net (CloudFront)'), (b'X-Amz-Cf-Pop', b'FRA56-P17'), (b'Alt-Svc', b'h3=":443"; ma=86400'), (b'X-Amz-Cf-Id', b'xcCHNn0swczIB4bCdw77XiiY3lDlDfrG7YyX_I8mBSIxNDaPPdQ_GA==')])
[ 2026-08-24 16:05:49,247 ] httpx - INFO - HTTP Request: HEAD https://huggingface.co/BAAI/bge-large-zh-v1.5/resolve/main/README.md "HTTP/1.1 307 Temporary Redirect"
[ 2026-08-24 16:05:49,248 ] httpcore.http11 - DEBUG - receive_response_body.started request=<Request [b'HEAD']>
[ 2026-08-24 16:05:49,248 ] httpcore.http11 - DEBUG - receive_response_body.complete
[ 2026-08-24 16:05:49,248 ] httpcore.http11 - DEBUG - response_closed.started
[ 2026-08-24 16:05:49,248 ] httpcore.http11 - DEBUG - response_closed.complete
[ 2026-08-24 16:05:49,248 ] httpcore.http11 - DEBUG - send_request_headers.started request=<Request [b'HEAD']>
[ 2026-08-24 16:05:49,248 ] httpcore.http11 - DEBUG - send_request_headers.complete
[ 2026-08-24 16:05:49,249 ] httpcore.http11 - DEBUG - send_request_body.started request=<Request [b'HEAD']>
[ 2026-08-24 16:05:49,249 ] httpcore.http11 - DEBUG - send_request_body.complete
[ 2026-08-24 16:05:49,249 ] httpcore.http11 - DEBUG - receive_response_headers.started request=<Request [b'HEAD']>
[ 2026-08-24 16:05:49,399 ] httpcore.http11 - DEBUG - receive_response_headers.complete return_value=(b'HTTP/1.1', 200, b'OK', [(b'Content-Type', b'text/plain; charset=utf-8'), (b'Content-Length', b'30376'), (b'Connection', b'keep-alive'), (b'Date', b'Fri, 17 Jul 2026 09:06:49 GMT'), (b'ETag', b'"8ff328740d1166d0461691bb455cbe5047067f88"'), (b'X-Powered-By', b'huggingface-moon'), (b'X-Request-Id', b'Root=1-6a59f0a9-659079ca64a8ea194f9ae470;48d3cac4-9ce2-4230-bc35-82cc9575c8ef'), (b'RateLimit', b'"resolvers";r=2981;t=159'), (b'RateLimit-Policy', b'"fixed window";"resolvers";q=3000;w=300'), (b'cross-origin-opener-policy', b'same-origin'), (b'Referrer-Policy', b'strict-origin-when-cross-origin'), (b'Access-Control-Max-Age', b'86400'), (b'Access-Control-Allow-Origin', b'https://huggingface.co'), (b'Access-Control-Expose-Headers', b'X-Repo-Commit,X-Request-Id,X-Error-Code,X-Error-Message,X-Total-Count,ETag,Link,Accept-Ranges,Content-Range,X-Linked-Size,X-Linked-ETag,X-Xet-Hash'), (b'X-Repo-Commit', b'79e7739b6ab944e86d6171e44d24c997fc1e0116'), (b'Accept-Ranges', b'bytes'), (b'X-Hub-Cache', b'MISS'), (b'Content-Disposition', b'inline; filename*=UTF-8\'\'README.md; filename="README.md";'), (b'Content-Security-Policy', b"default-src 'none'; sandbox"), (b'Vary', b'Origin'), (b'X-Cache', b'Hit from cloudfront'), (b'Via', b'1.1 eb20e7a8d493ecd61b97c07c2941de64.cloudfront.net (CloudFront)'), (b'X-Amz-Cf-Pop', b'FRA56-P17'), (b'Alt-Svc', b'h3=":443"; ma=86400'), (b'X-Amz-Cf-Id', b'WctMD6_73Q72M0yzbdR-a1wV0lXqoh9RvKqPvbcc0ZV4JazlrEOv-A=='), (b'Age', b'3279540')])
[ 2026-08-24 16:05:49,399 ] httpx - INFO - HTTP Request: HEAD https://huggingface.co/api/resolve-cache/models/BAAI/bge-large-zh-v1.5/79e7739b6ab944e86d6171e44d24c997fc1e0116/README.md "HTTP/1.1 200 OK"
[ 2026-08-24 16:05:49,399 ] httpcore.http11 - DEBUG - receive_response_body.started request=<Request [b'HEAD']>
[ 2026-08-24 16:05:49,399 ] httpcore.http11 - DEBUG - receive_response_body.complete
[ 2026-08-24 16:05:49,399 ] httpcore.http11 - DEBUG - response_closed.started
[ 2026-08-24 16:05:49,399 ] httpcore.http11 - DEBUG - response_closed.complete
[ 2026-08-24 16:05:49,412 ] httpcore.http11 - DEBUG - send_request_headers.started request=<Request [b'HEAD']>
[ 2026-08-24 16:05:49,412 ] httpcore.http11 - DEBUG - send_request_headers.complete
[ 2026-08-24 16:05:49,412 ] httpcore.http11 - DEBUG - send_request_body.started request=<Request [b'HEAD']>
[ 2026-08-24 16:05:49,412 ] httpcore.http11 - DEBUG - send_request_body.complete
[ 2026-08-24 16:05:49,412 ] httpcore.http11 - DEBUG - receive_response_headers.started request=<Request [b'HEAD']>
[ 2026-08-24 16:05:49,974 ] httpcore.http11 - DEBUG - receive_response_headers.complete return_value=(b'HTTP/1.1', 307, b'Temporary Redirect', [(b'Content-Type', b'text/plain; charset=utf-8'), (b'Content-Length', b'250'), (b'Connection', b'keep-alive'), (b'Date', b'Mon, 24 Aug 2026 08:05:49 GMT'), (b'Location', b'/api/resolve-cache/models/BAAI/bge-large-zh-v1.5/79e7739b6ab944e86d6171e44d24c997fc1e0116/modules.json?%2FBAAI%2Fbge-large-zh-v1.5%2Fresolve%2Fmain%2Fmodules.json=&etag=%22952a9b81c0bfd99800fabf352f69c7ccd46c5e43%22'), (b'X-Powered-By', b'huggingface-moon'), (b'X-Request-Id', b'Root=1-6a8bfb5d-476ea30572d2b2dd54c88503;8a28d775-9620-4841-ba44-f245d17b638b'), (b'RateLimit', b'"resolvers";r=2996;t=107'), (b'RateLimit-Policy', b'"fixed window";"resolvers";q=3000;w=300'), (b'cross-origin-opener-policy', b'same-origin'), (b'Referrer-Policy', b'strict-origin-when-cross-origin'), (b'Access-Control-Max-Age', b'86400'), (b'Access-Control-Allow-Origin', b'https://huggingface.co'), (b'Vary', b'Origin, Accept'), (b'Access-Control-Expose-Headers', b'X-Repo-Commit,X-Request-Id,X-Error-Code,X-Error-Message,X-Total-Count,ETag,Link,Accept-Ranges,Content-Range,X-Linked-Size,X-Linked-ETag,X-Xet-Hash'), (b'X-Repo-Commit', b'79e7739b6ab944e86d6171e44d24c997fc1e0116'), (b'Accept-Ranges', b'bytes'), (b'X-HF-Warning', b'unauthenticated; Warning: You are sending unauthenticated requests to the HF Hub. Please set a HF_TOKEN to enable higher rate limits and faster downloads.'), (b'X-Hub-Cache', b'MISS'), (b'Content-Disposition', b'inline; filename*=UTF-8\'\'modules.json; filename="modules.json";'), (b'Content-Security-Policy', b"default-src 'none'; sandbox"), (b'X-Linked-ETag', b'"952a9b81c0bfd99800fabf352f69c7ccd46c5e43"'), (b'X-Cache', b'Miss from cloudfront'), (b'Via', b'1.1 eb20e7a8d493ecd61b97c07c2941de64.cloudfront.net (CloudFront)'), (b'X-Amz-Cf-Pop', b'FRA56-P17'), (b'Alt-Svc', b'h3=":443"; ma=86400'), (b'X-Amz-Cf-Id', b'U1Rodh771Fp4a_UANR4D8AYiE9jUMaTRjyACREGsx9CZ1vrp9l_zLg==')])
[ 2026-08-24 16:05:49,974 ] httpx - INFO - HTTP Request: HEAD https://huggingface.co/BAAI/bge-large-zh-v1.5/resolve/main/modules.json "HTTP/1.1 307 Temporary Redirect"
[ 2026-08-24 16:05:49,975 ] httpcore.http11 - DEBUG - receive_response_body.started request=<Request [b'HEAD']>
[ 2026-08-24 16:05:49,975 ] httpcore.http11 - DEBUG - receive_response_body.complete
[ 2026-08-24 16:05:49,975 ] httpcore.http11 - DEBUG - response_closed.started
[ 2026-08-24 16:05:49,975 ] httpcore.http11 - DEBUG - response_closed.complete
[ 2026-08-24 16:05:49,976 ] httpcore.http11 - DEBUG - send_request_headers.started request=<Request [b'HEAD']>
[ 2026-08-24 16:05:49,976 ] httpcore.http11 - DEBUG - send_request_headers.complete
[ 2026-08-24 16:05:49,976 ] httpcore.http11 - DEBUG - send_request_body.started request=<Request [b'HEAD']>
[ 2026-08-24 16:05:49,976 ] httpcore.http11 - DEBUG - send_request_body.complete
[ 2026-08-24 16:05:49,976 ] httpcore.http11 - DEBUG - receive_response_headers.started request=<Request [b'HEAD']>
[ 2026-08-24 16:05:50,128 ] httpcore.http11 - DEBUG - receive_response_headers.complete return_value=(b'HTTP/1.1', 200, b'OK', [(b'Content-Type', b'text/plain; charset=utf-8'), (b'Content-Length', b'349'), (b'Connection', b'keep-alive'), (b'Date', b'Fri, 10 Jul 2026 00:53:28 GMT'), (b'ETag', b'"952a9b81c0bfd99800fabf352f69c7ccd46c5e43"'), (b'X-Powered-By', b'huggingface-moon'), (b'X-Request-Id', b'Root=1-6a504288-223c81c14e7dec45053907bc;9b2d33cc-6a62-486f-b537-e61c4bea1197'), (b'RateLimit', b'"resolvers";r=2965;t=296'), (b'RateLimit-Policy', b'"fixed window";"resolvers";q=3000;w=300'), (b'cross-origin-opener-policy', b'same-origin'), (b'Referrer-Policy', b'strict-origin-when-cross-origin'), (b'Access-Control-Max-Age', b'86400'), (b'Access-Control-Allow-Origin', b'https://huggingface.co'), (b'Access-Control-Expose-Headers', b'X-Repo-Commit,X-Request-Id,X-Error-Code,X-Error-Message,X-Total-Count,ETag,Link,Accept-Ranges,Content-Range,X-Linked-Size,X-Linked-ETag,X-Xet-Hash'), (b'X-Repo-Commit', b'79e7739b6ab944e86d6171e44d24c997fc1e0116'), (b'Accept-Ranges', b'bytes'), (b'X-Hub-Cache', b'MISS'), (b'Content-Disposition', b'inline; filename*=UTF-8\'\'modules.json; filename="modules.json";'), (b'Content-Security-Policy', b"default-src 'none'; sandbox"), (b'Vary', b'Origin'), (b'X-Cache', b'Hit from cloudfront'), (b'Via', b'1.1 eb20e7a8d493ecd61b97c07c2941de64.cloudfront.net (CloudFront)'), (b'X-Amz-Cf-Pop', b'FRA56-P17'), (b'Alt-Svc', b'h3=":443"; ma=86400'), (b'X-Amz-Cf-Id', b'NqFDcXKkY1rrfKaVXKI1GPJNwbHe3Nj33TScdaBxnhqCbVZhhllLfQ=='), (b'Age', b'3913942')])
[ 2026-08-24 16:05:50,130 ] httpx - INFO - HTTP Request: HEAD https://huggingface.co/api/resolve-cache/models/BAAI/bge-large-zh-v1.5/79e7739b6ab944e86d6171e44d24c997fc1e0116/modules.json "HTTP/1.1 200 OK"
[ 2026-08-24 16:05:50,130 ] httpcore.http11 - DEBUG - receive_response_body.started request=<Request [b'HEAD']>
[ 2026-08-24 16:05:50,131 ] httpcore.http11 - DEBUG - receive_response_body.complete
[ 2026-08-24 16:05:50,131 ] httpcore.http11 - DEBUG - response_closed.started
[ 2026-08-24 16:05:50,132 ] httpcore.http11 - DEBUG - response_closed.complete
[ 2026-08-24 16:05:50,140 ] httpcore.http11 - DEBUG - send_request_headers.started request=<Request [b'HEAD']>
[ 2026-08-24 16:05:50,141 ] httpcore.http11 - DEBUG - send_request_headers.complete
[ 2026-08-24 16:05:50,142 ] httpcore.http11 - DEBUG - send_request_body.started request=<Request [b'HEAD']>
[ 2026-08-24 16:05:50,142 ] httpcore.http11 - DEBUG - send_request_body.complete
[ 2026-08-24 16:05:50,142 ] httpcore.http11 - DEBUG - receive_response_headers.started request=<Request [b'HEAD']>
[ 2026-08-24 16:05:50,402 ] httpcore.http11 - DEBUG - receive_response_headers.complete return_value=(b'HTTP/1.1', 307, b'Temporary Redirect', [(b'Content-Type', b'text/plain; charset=utf-8'), (b'Content-Length', b'276'), (b'Connection', b'keep-alive'), (b'Date', b'Mon, 24 Aug 2026 08:05:50 GMT'), (b'Location', b'/api/resolve-cache/models/BAAI/bge-large-zh-v1.5/79e7739b6ab944e86d6171e44d24c997fc1e0116/sentence_bert_config.json?%2FBAAI%2Fbge-large-zh-v1.5%2Fresolve%2Fmain%2Fsentence_bert_config.json=&etag=%22ea85692bff64b0d1917833c31ddbca8ab10f5455%22'), (b'X-Powered-By', b'huggingface-moon'), (b'X-Request-Id', b'Root=1-6a8bfb5e-5afe2ace5a553b9c766d459a;5b084918-202a-4dd5-9ea1-482ee66875d2'), (b'RateLimit', b'"resolvers";r=2995;t=106'), (b'RateLimit-Policy', b'"fixed window";"resolvers";q=3000;w=300'), (b'cross-origin-opener-policy', b'same-origin'), (b'Referrer-Policy', b'strict-origin-when-cross-origin'), (b'Access-Control-Max-Age', b'86400'), (b'Access-Control-Allow-Origin', b'https://huggingface.co'), (b'Vary', b'Origin, Accept'), (b'Access-Control-Expose-Headers', b'X-Repo-Commit,X-Request-Id,X-Error-Code,X-Error-Message,X-Total-Count,ETag,Link,Accept-Ranges,Content-Range,X-Linked-Size,X-Linked-ETag,X-Xet-Hash'), (b'X-Repo-Commit', b'79e7739b6ab944e86d6171e44d24c997fc1e0116'), (b'Accept-Ranges', b'bytes'), (b'X-HF-Warning', b'unauthenticated; Warning: You are sending unauthenticated requests to the HF Hub. Please set a HF_TOKEN to enable higher rate limits and faster downloads.'), (b'X-Hub-Cache', b'HIT'), (b'Content-Disposition', b'inline; filename*=UTF-8\'\'sentence_bert_config.json; filename="sentence_bert_config.json";'), (b'Content-Security-Policy', b"default-src 'none'; sandbox"), (b'X-Linked-ETag', b'"ea85692bff64b0d1917833c31ddbca8ab10f5455"'), (b'X-Cache', b'Miss from cloudfront'), (b'Via', b'1.1 eb20e7a8d493ecd61b97c07c2941de64.cloudfront.net (CloudFront)'), (b'X-Amz-Cf-Pop', b'FRA56-P17'), (b'Alt-Svc', b'h3=":443"; ma=86400'), (b'X-Amz-Cf-Id', b'4YsWr8SV93KmhQTh3elWeZGWgaMs3k6CgqafY2AoI72xJIu9B58mSQ==')])
[ 2026-08-24 16:05:50,402 ] httpx - INFO - HTTP Request: HEAD https://huggingface.co/BAAI/bge-large-zh-v1.5/resolve/main/sentence_bert_config.json "HTTP/1.1 307 Temporary Redirect"
[ 2026-08-24 16:05:50,403 ] httpcore.http11 - DEBUG - receive_response_body.started request=<Request [b'HEAD']>
[ 2026-08-24 16:05:50,403 ] httpcore.http11 - DEBUG - receive_response_body.complete
[ 2026-08-24 16:05:50,403 ] httpcore.http11 - DEBUG - response_closed.started
[ 2026-08-24 16:05:50,403 ] httpcore.http11 - DEBUG - response_closed.complete
[ 2026-08-24 16:05:50,404 ] httpcore.http11 - DEBUG - send_request_headers.started request=<Request [b'HEAD']>
[ 2026-08-24 16:05:50,404 ] httpcore.http11 - DEBUG - send_request_headers.complete
[ 2026-08-24 16:05:50,404 ] httpcore.http11 - DEBUG - send_request_body.started request=<Request [b'HEAD']>
[ 2026-08-24 16:05:50,405 ] httpcore.http11 - DEBUG - send_request_body.complete
[ 2026-08-24 16:05:50,405 ] httpcore.http11 - DEBUG - receive_response_headers.started request=<Request [b'HEAD']>
[ 2026-08-24 16:05:50,554 ] httpcore.http11 - DEBUG - receive_response_headers.complete return_value=(b'HTTP/1.1', 200, b'OK', [(b'Content-Type', b'text/plain; charset=utf-8'), (b'Content-Length', b'52'), (b'Connection', b'keep-alive'), (b'Date', b'Sat, 25 Jul 2026 07:18:50 GMT'), (b'ETag', b'"ea85692bff64b0d1917833c31ddbca8ab10f5455"'), (b'X-Powered-By', b'huggingface-moon'), (b'X-Request-Id', b'Root=1-6a64635a-26e895777f6a164d2935bed0;a8688795-4197-4255-a025-dcbf00f2ecb7'), (b'RateLimit', b'"resolvers";r=2993;t=150'), (b'RateLimit-Policy', b'"fixed window";"resolvers";q=3000;w=300'), (b'cross-origin-opener-policy', b'same-origin'), (b'Referrer-Policy', b'strict-origin-when-cross-origin'), (b'Access-Control-Max-Age', b'86400'), (b'Access-Control-Allow-Origin', b'https://huggingface.co'), (b'Access-Control-Expose-Headers', b'X-Repo-Commit,X-Request-Id,X-Error-Code,X-Error-Message,X-Total-Count,ETag,Link,Accept-Ranges,Content-Range,X-Linked-Size,X-Linked-ETag,X-Xet-Hash'), (b'X-Repo-Commit', b'79e7739b6ab944e86d6171e44d24c997fc1e0116'), (b'Accept-Ranges', b'bytes'), (b'X-Hub-Cache', b'MISS'), (b'Content-Disposition', b'inline; filename*=UTF-8\'\'sentence_bert_config.json; filename="sentence_bert_config.json";'), (b'Content-Security-Policy', b"default-src 'none'; sandbox"), (b'Vary', b'Origin'), (b'X-Cache', b'Hit from cloudfront'), (b'Via', b'1.1 eb20e7a8d493ecd61b97c07c2941de64.cloudfront.net (CloudFront)'), (b'X-Amz-Cf-Pop', b'FRA56-P17'), (b'Alt-Svc', b'h3=":443"; ma=86400'), (b'X-Amz-Cf-Id', b'ZjKRbOqkdL2YDAMgfgUPvEt6xjA7HyNkkH0J7LBDsbET94UEjuB3Vg=='), (b'Age', b'2594820')])
[ 2026-08-24 16:05:50,555 ] httpx - INFO - HTTP Request: HEAD https://huggingface.co/api/resolve-cache/models/BAAI/bge-large-zh-v1.5/79e7739b6ab944e86d6171e44d24c997fc1e0116/sentence_bert_config.json "HTTP/1.1 200 OK"
[ 2026-08-24 16:05:50,556 ] httpcore.http11 - DEBUG - receive_response_body.started request=<Request [b'HEAD']>
[ 2026-08-24 16:05:50,556 ] httpcore.http11 - DEBUG - receive_response_body.complete
[ 2026-08-24 16:05:50,556 ] httpcore.http11 - DEBUG - response_closed.started
[ 2026-08-24 16:05:50,556 ] httpcore.http11 - DEBUG - response_closed.complete
[ 2026-08-24 16:05:50,561 ] httpcore.http11 - DEBUG - send_request_headers.started request=<Request [b'HEAD']>
[ 2026-08-24 16:05:50,561 ] httpcore.http11 - DEBUG - send_request_headers.complete
[ 2026-08-24 16:05:50,561 ] httpcore.http11 - DEBUG - send_request_body.started request=<Request [b'HEAD']>
[ 2026-08-24 16:05:50,562 ] httpcore.http11 - DEBUG - send_request_body.complete
[ 2026-08-24 16:05:50,562 ] httpcore.http11 - DEBUG - receive_response_headers.started request=<Request [b'HEAD']>
[ 2026-08-24 16:05:50,822 ] httpcore.http11 - DEBUG - receive_response_headers.complete return_value=(b'HTTP/1.1', 404, b'Not Found', [(b'Content-Type', b'text/plain; charset=utf-8'), (b'Content-Length', b'15'), (b'Connection', b'keep-alive'), (b'Date', b'Mon, 24 Aug 2026 08:05:50 GMT'), (b'ETag', b'W/"f-mY2VvLxuxB7KhsoOdQTlMTccuAQ"'), (b'X-Powered-By', b'huggingface-moon'), (b'X-Request-Id', b'Root=1-6a8bfb5e-4731c7f81803f9ec60f3d282;ccf5a95e-fa89-44d3-92e1-fbd3e2229769'), (b'RateLimit', b'"resolvers";r=2994;t=106'), (b'RateLimit-Policy', b'"fixed window";"resolvers";q=3000;w=300'), (b'cross-origin-opener-policy', b'same-origin'), (b'Referrer-Policy', b'strict-origin-when-cross-origin'), (b'Access-Control-Max-Age', b'86400'), (b'Access-Control-Allow-Origin', b'https://huggingface.co'), (b'Vary', b'Origin'), (b'Access-Control-Expose-Headers', b'X-Repo-Commit,X-Request-Id,X-Error-Code,X-Error-Message,X-Total-Count,ETag,Link,Accept-Ranges,Content-Range,X-Linked-Size,X-Linked-ETag,X-Xet-Hash'), (b'X-Repo-Commit', b'79e7739b6ab944e86d6171e44d24c997fc1e0116'), (b'Accept-Ranges', b'bytes'), (b'X-HF-Warning', b'unauthenticated; Warning: You are sending unauthenticated requests to the HF Hub. Please set a HF_TOKEN to enable higher rate limits and faster downloads.'), (b'X-Hub-Cache', b'MISS'), (b'X-Error-Code', b'EntryNotFound'), (b'X-Error-Message', b'Entry not found'), (b'X-Cache', b'Error from cloudfront'), (b'Via', b'1.1 eb20e7a8d493ecd61b97c07c2941de64.cloudfront.net (CloudFront)'), (b'X-Amz-Cf-Pop', b'FRA56-P17'), (b'Alt-Svc', b'h3=":443"; ma=86400'), (b'X-Amz-Cf-Id', b'dfW_WbNrDLwlCv-KSco8eYaKgy5-NyiN4C0qKVURApnEcOpmGlqS8A==')])
[ 2026-08-24 16:05:50,823 ] httpx - INFO - HTTP Request: HEAD https://huggingface.co/BAAI/bge-large-zh-v1.5/resolve/main/adapter_config.json "HTTP/1.1 404 Not Found"
[ 2026-08-24 16:05:50,824 ] httpcore.http11 - DEBUG - receive_response_body.started request=<Request [b'HEAD']>
[ 2026-08-24 16:05:50,824 ] httpcore.http11 - DEBUG - receive_response_body.complete
[ 2026-08-24 16:05:50,824 ] httpcore.http11 - DEBUG - response_closed.started
[ 2026-08-24 16:05:50,824 ] httpcore.http11 - DEBUG - response_closed.complete
[ 2026-08-24 16:05:50,833 ] httpcore.http11 - DEBUG - send_request_headers.started request=<Request [b'HEAD']>
[ 2026-08-24 16:05:50,834 ] httpcore.http11 - DEBUG - send_request_headers.complete
[ 2026-08-24 16:05:50,835 ] httpcore.http11 - DEBUG - send_request_body.started request=<Request [b'HEAD']>
[ 2026-08-24 16:05:50,835 ] httpcore.http11 - DEBUG - send_request_body.complete
[ 2026-08-24 16:05:50,835 ] httpcore.http11 - DEBUG - receive_response_headers.started request=<Request [b'HEAD']>
[ 2026-08-24 16:05:51,090 ] httpcore.http11 - DEBUG - receive_response_headers.complete return_value=(b'HTTP/1.1', 307, b'Temporary Redirect', [(b'Content-Type', b'text/plain; charset=utf-8'), (b'Content-Length', b'248'), (b'Connection', b'keep-alive'), (b'Date', b'Mon, 24 Aug 2026 08:05:50 GMT'), (b'Location', b'/api/resolve-cache/models/BAAI/bge-large-zh-v1.5/79e7739b6ab944e86d6171e44d24c997fc1e0116/config.json?%2FBAAI%2Fbge-large-zh-v1.5%2Fresolve%2Fmain%2Fconfig.json=&etag=%2203df12a02c65a8ba9552ed63f6f1518575d1f7ef%22'), (b'X-Powered-By', b'huggingface-moon'), (b'X-Request-Id', b'Root=1-6a8bfb5e-7cbc38ab1f1532e6457e98ad;6e582a71-7c6e-444e-aa5a-4004d42ce45a'), (b'RateLimit', b'"resolvers";r=2993;t=106'), (b'RateLimit-Policy', b'"fixed window";"resolvers";q=3000;w=300'), (b'cross-origin-opener-policy', b'same-origin'), (b'Referrer-Policy', b'strict-origin-when-cross-origin'), (b'Access-Control-Max-Age', b'86400'), (b'Access-Control-Allow-Origin', b'https://huggingface.co'), (b'Vary', b'Origin, Accept'), (b'Access-Control-Expose-Headers', b'X-Repo-Commit,X-Request-Id,X-Error-Code,X-Error-Message,X-Total-Count,ETag,Link,Accept-Ranges,Content-Range,X-Linked-Size,X-Linked-ETag,X-Xet-Hash'), (b'X-Repo-Commit', b'79e7739b6ab944e86d6171e44d24c997fc1e0116'), (b'Accept-Ranges', b'bytes'), (b'X-HF-Warning', b'unauthenticated; Warning: You are sending unauthenticated requests to the HF Hub. Please set a HF_TOKEN to enable higher rate limits and faster downloads.'), (b'X-Hub-Cache', b'HIT'), (b'Content-Disposition', b'inline; filename*=UTF-8\'\'config.json; filename="config.json";'), (b'Content-Security-Policy', b"default-src 'none'; sandbox"), (b'X-Linked-ETag', b'"03df12a02c65a8ba9552ed63f6f1518575d1f7ef"'), (b'X-Cache', b'Miss from cloudfront'), (b'Via', b'1.1 eb20e7a8d493ecd61b97c07c2941de64.cloudfront.net (CloudFront)'), (b'X-Amz-Cf-Pop', b'FRA56-P17'), (b'Alt-Svc', b'h3=":443"; ma=86400'), (b'X-Amz-Cf-Id', b'rKSDCcLKBUu-Y3ng6VFEOrpvo9L_JIpC6lMJ9YtZblEwzFzfc6-fjg==')])
[ 2026-08-24 16:05:51,090 ] httpx - INFO - HTTP Request: HEAD https://huggingface.co/BAAI/bge-large-zh-v1.5/resolve/main/config.json "HTTP/1.1 307 Temporary Redirect"
[ 2026-08-24 16:05:51,091 ] httpcore.http11 - DEBUG - receive_response_body.started request=<Request [b'HEAD']>
[ 2026-08-24 16:05:51,091 ] httpcore.http11 - DEBUG - receive_response_body.complete
[ 2026-08-24 16:05:51,091 ] httpcore.http11 - DEBUG - response_closed.started
[ 2026-08-24 16:05:51,091 ] httpcore.http11 - DEBUG - response_closed.complete
[ 2026-08-24 16:05:51,091 ] httpcore.http11 - DEBUG - send_request_headers.started request=<Request [b'HEAD']>
[ 2026-08-24 16:05:51,091 ] httpcore.http11 - DEBUG - send_request_headers.complete
[ 2026-08-24 16:05:51,091 ] httpcore.http11 - DEBUG - send_request_body.started request=<Request [b'HEAD']>
[ 2026-08-24 16:05:51,092 ] httpcore.http11 - DEBUG - send_request_body.complete
[ 2026-08-24 16:05:51,092 ] httpcore.http11 - DEBUG - receive_response_headers.started request=<Request [b'HEAD']>
[ 2026-08-24 16:05:51,243 ] httpcore.http11 - DEBUG - receive_response_headers.complete return_value=(b'HTTP/1.1', 200, b'OK', [(b'Content-Type', b'text/plain; charset=utf-8'), (b'Content-Length', b'1000'), (b'Connection', b'keep-alive'), (b'Date', b'Fri, 17 Jul 2026 09:06:51 GMT'), (b'ETag', b'"03df12a02c65a8ba9552ed63f6f1518575d1f7ef"'), (b'X-Powered-By', b'huggingface-moon'), (b'X-Request-Id', b'Root=1-6a59f0ab-0e0ef8ea2170c0b77003df48;1b4092b7-eb26-4eaf-a9a1-114ae7d9b5b8'), (b'RateLimit', b'"resolvers";r=2976;t=157'), (b'RateLimit-Policy', b'"fixed window";"resolvers";q=3000;w=300'), (b'cross-origin-opener-policy', b'same-origin'), (b'Referrer-Policy', b'strict-origin-when-cross-origin'), (b'Access-Control-Max-Age', b'86400'), (b'Access-Control-Allow-Origin', b'https://huggingface.co'), (b'Access-Control-Expose-Headers', b'X-Repo-Commit,X-Request-Id,X-Error-Code,X-Error-Message,X-Total-Count,ETag,Link,Accept-Ranges,Content-Range,X-Linked-Size,X-Linked-ETag,X-Xet-Hash'), (b'X-Repo-Commit', b'79e7739b6ab944e86d6171e44d24c997fc1e0116'), (b'Accept-Ranges', b'bytes'), (b'X-Hub-Cache', b'MISS'), (b'Content-Disposition', b'inline; filename*=UTF-8\'\'config.json; filename="config.json";'), (b'Content-Security-Policy', b"default-src 'none'; sandbox"), (b'Vary', b'Origin'), (b'X-Cache', b'Hit from cloudfront'), (b'Via', b'1.1 eb20e7a8d493ecd61b97c07c2941de64.cloudfront.net (CloudFront)'), (b'X-Amz-Cf-Pop', b'FRA56-P17'), (b'Alt-Svc', b'h3=":443"; ma=86400'), (b'X-Amz-Cf-Id', b'iMv73y1IveM1_4u0p_2oZxlEtK6vxK---mEE2aSd52oLQfewBYGoBw=='), (b'Age', b'3279540')])
[ 2026-08-24 16:05:51,243 ] httpx - INFO - HTTP Request: HEAD https://huggingface.co/api/resolve-cache/models/BAAI/bge-large-zh-v1.5/79e7739b6ab944e86d6171e44d24c997fc1e0116/config.json "HTTP/1.1 200 OK"
[ 2026-08-24 16:05:51,244 ] httpcore.http11 - DEBUG - receive_response_body.started request=<Request [b'HEAD']>
[ 2026-08-24 16:05:51,244 ] httpcore.http11 - DEBUG - receive_response_body.complete
[ 2026-08-24 16:05:51,244 ] httpcore.http11 - DEBUG - response_closed.started
[ 2026-08-24 16:05:51,244 ] httpcore.http11 - DEBUG - response_closed.complete
[ 2026-08-24 16:05:51,302 ] httpcore.http11 - DEBUG - send_request_headers.started request=<Request [b'HEAD']>
[ 2026-08-24 16:05:51,303 ] httpcore.http11 - DEBUG - send_request_headers.complete
[ 2026-08-24 16:05:51,303 ] httpcore.http11 - DEBUG - send_request_body.started request=<Request [b'HEAD']>
[ 2026-08-24 16:05:51,303 ] httpcore.http11 - DEBUG - send_request_body.complete
[ 2026-08-24 16:05:51,303 ] httpcore.http11 - DEBUG - receive_response_headers.started request=<Request [b'HEAD']>
[ 2026-08-24 16:05:51,857 ] httpcore.http11 - DEBUG - receive_response_headers.complete return_value=(b'HTTP/1.1', 404, b'Not Found', [(b'Content-Type', b'text/plain; charset=utf-8'), (b'Content-Length', b'15'), (b'Connection', b'keep-alive'), (b'Date', b'Mon, 24 Aug 2026 08:05:51 GMT'), (b'ETag', b'W/"f-mY2VvLxuxB7KhsoOdQTlMTccuAQ"'), (b'X-Powered-By', b'huggingface-moon'), (b'X-Request-Id', b'Root=1-6a8bfb5f-18cd419752ec69e659a065f7;bb24db49-88b0-4247-a1f5-210ccae029d8'), (b'RateLimit', b'"resolvers";r=2992;t=105'), (b'RateLimit-Policy', b'"fixed window";"resolvers";q=3000;w=300'), (b'cross-origin-opener-policy', b'same-origin'), (b'Referrer-Policy', b'strict-origin-when-cross-origin'), (b'Access-Control-Max-Age', b'86400'), (b'Access-Control-Allow-Origin', b'https://huggingface.co'), (b'Vary', b'Origin'), (b'Access-Control-Expose-Headers', b'X-Repo-Commit,X-Request-Id,X-Error-Code,X-Error-Message,X-Total-Count,ETag,Link,Accept-Ranges,Content-Range,X-Linked-Size,X-Linked-ETag,X-Xet-Hash'), (b'X-Repo-Commit', b'79e7739b6ab944e86d6171e44d24c997fc1e0116'), (b'Accept-Ranges', b'bytes'), (b'X-Hub-Cache', b'MISS'), (b'X-Error-Code', b'EntryNotFound'), (b'X-Error-Message', b'Entry not found'), (b'X-Cache', b'Error from cloudfront'), (b'Via', b'1.1 eb20e7a8d493ecd61b97c07c2941de64.cloudfront.net (CloudFront)'), (b'X-Amz-Cf-Pop', b'FRA56-P17'), (b'Alt-Svc', b'h3=":443"; ma=86400'), (b'X-Amz-Cf-Id', b'KgWGdbQV2cJkheItNz5-PgeoYpIHbJiM3Vp0OVgst-IOqa2KhcF8dw==')])
[ 2026-08-24 16:05:51,857 ] httpx - INFO - HTTP Request: HEAD https://huggingface.co/BAAI/bge-large-zh-v1.5/resolve/main/model.safetensors "HTTP/1.1 404 Not Found"
[ 2026-08-24 16:05:51,857 ] httpcore.http11 - DEBUG - receive_response_body.started request=<Request [b'HEAD']>
[ 2026-08-24 16:05:51,857 ] httpcore.http11 - DEBUG - receive_response_body.complete
[ 2026-08-24 16:05:51,858 ] httpcore.http11 - DEBUG - response_closed.started
[ 2026-08-24 16:05:51,858 ] httpcore.http11 - DEBUG - response_closed.complete
[ 2026-08-24 16:05:51,863 ] httpcore.http11 - DEBUG - send_request_headers.started request=<Request [b'GET']>
[ 2026-08-24 16:05:51,863 ] httpcore.http11 - DEBUG - send_request_headers.complete
[ 2026-08-24 16:05:51,863 ] httpcore.http11 - DEBUG - send_request_body.started request=<Request [b'GET']>
[ 2026-08-24 16:05:51,864 ] httpcore.http11 - DEBUG - send_request_body.complete
[ 2026-08-24 16:05:51,864 ] httpcore.http11 - DEBUG - receive_response_headers.started request=<Request [b'GET']>
[ 2026-08-24 16:05:52,127 ] httpcore.http11 - DEBUG - receive_response_headers.complete return_value=(b'HTTP/1.1', 200, b'OK', [(b'Content-Type', b'application/json; charset=utf-8'), (b'Transfer-Encoding', b'chunked'), (b'Connection', b'keep-alive'), (b'Date', b'Mon, 24 Aug 2026 08:05:51 GMT'), (b'content-encoding', b'gzip'), (b'ETag', b'W/"1087-S+6DM8GSN3MHuNw6xUPojlZRyGk"'), (b'X-Powered-By', b'huggingface-moon'), (b'X-Request-Id', b'Root=1-6a8bfb5f-1c6fa7ec1fdee2c67ffbc745;cc70bedb-c6f1-4174-a2c9-f77920523523'), (b'RateLimit', b'"api";r=499;t=105'), (b'RateLimit-Policy', b'"fixed window";"api";q=500;w=300'), (b'cross-origin-opener-policy', b'same-origin'), (b'Referrer-Policy', b'strict-origin-when-cross-origin'), (b'Access-Control-Max-Age', b'86400'), (b'Access-Control-Allow-Origin', b'https://huggingface.co'), (b'Vary', b'Origin'), (b'vary', b'Accept-Encoding'), (b'Access-Control-Expose-Headers', b'X-Repo-Commit,X-Request-Id,X-Error-Code,X-Error-Message,X-Total-Count,ETag,Link,Accept-Ranges,Content-Range,X-Linked-Size,X-Linked-ETag,X-Xet-Hash'), (b'X-Cache', b'Miss from cloudfront'), (b'Via', b'1.1 eb20e7a8d493ecd61b97c07c2941de64.cloudfront.net (CloudFront)'), (b'X-Amz-Cf-Pop', b'FRA56-P17'), (b'Alt-Svc', b'h3=":443"; ma=86400'), (b'X-Amz-Cf-Id', b'9Bq46Zpa6bPNt3uka_AnorwjIymjSGJ6V_ormwHDWN77wMXgS1pfJg==')])
[ 2026-08-24 16:05:52,128 ] httpx - INFO - HTTP Request: GET https://huggingface.co/api/models/BAAI/bge-large-zh-v1.5 "HTTP/1.1 200 OK"
[ 2026-08-24 16:05:52,128 ] httpcore.http11 - DEBUG - receive_response_body.started request=<Request [b'GET']>
[ 2026-08-24 16:05:52,128 ] httpcore.http11 - DEBUG - receive_response_body.complete
[ 2026-08-24 16:05:52,128 ] httpcore.http11 - DEBUG - response_closed.started
[ 2026-08-24 16:05:52,128 ] httpcore.http11 - DEBUG - response_closed.complete
[ 2026-08-24 16:05:52,130 ] httpcore.http11 - DEBUG - send_request_headers.started request=<Request [b'GET']>
[ 2026-08-24 16:05:52,130 ] httpcore.http11 - DEBUG - send_request_headers.complete
[ 2026-08-24 16:05:52,130 ] httpcore.http11 - DEBUG - send_request_body.started request=<Request [b'GET']>
[ 2026-08-24 16:05:52,131 ] httpcore.http11 - DEBUG - send_request_body.complete
[ 2026-08-24 16:05:52,131 ] httpcore.http11 - DEBUG - receive_response_headers.started request=<Request [b'GET']>
[ 2026-08-24 16:05:52,255 ] httpcore.connection - DEBUG - connect_tcp.started host='127.0.0.1' port=7897 local_address=None timeout=10 socket_options=None
[ 2026-08-24 16:05:52,276 ] httpcore.connection - DEBUG - connect_tcp.complete return_value=<httpcore._backends.sync.SyncStream object at 0x000001F696FCAA20>
[ 2026-08-24 16:05:52,276 ] httpcore.http11 - DEBUG - send_request_headers.started request=<Request [b'CONNECT']>
[ 2026-08-24 16:05:52,276 ] httpcore.http11 - DEBUG - send_request_headers.complete
[ 2026-08-24 16:05:52,276 ] httpcore.http11 - DEBUG - send_request_body.started request=<Request [b'CONNECT']>
[ 2026-08-24 16:05:52,277 ] httpcore.http11 - DEBUG - send_request_body.complete
[ 2026-08-24 16:05:52,277 ] httpcore.http11 - DEBUG - receive_response_headers.started request=<Request [b'CONNECT']>
[ 2026-08-24 16:05:52,277 ] httpcore.http11 - DEBUG - receive_response_headers.complete return_value=(b'HTTP/1.1', 200, b'Connection established', [])
[ 2026-08-24 16:05:52,277 ] httpcore.proxy - DEBUG - start_tls.started ssl_context=<ssl.SSLContext object at 0x000001F696F41D50> server_hostname='huggingface.co' timeout=10
[ 2026-08-24 16:05:52,402 ] httpcore.http11 - DEBUG - receive_response_headers.complete return_value=(b'HTTP/1.1', 200, b'OK', [(b'Content-Type', b'application/json; charset=utf-8'), (b'Transfer-Encoding', b'chunked'), (b'Connection', b'keep-alive'), (b'Date', b'Mon, 24 Aug 2026 08:05:52 GMT'), (b'content-encoding', b'gzip'), (b'ETag', b'W/"f1f-D23revP1zCuWrEO88XVnAbvY2Dk"'), (b'X-Powered-By', b'huggingface-moon'), (b'X-Request-Id', b'Root=1-6a8bfb60-09abe8990f6be59172b8186f;ebfbe14a-93ff-4d6a-9fc3-840416ea1ef5'), (b'RateLimit', b'"api";r=498;t=104'), (b'RateLimit-Policy', b'"fixed window";"api";q=500;w=300'), (b'cross-origin-opener-policy', b'same-origin'), (b'Referrer-Policy', b'strict-origin-when-cross-origin'), (b'Access-Control-Max-Age', b'86400'), (b'Access-Control-Allow-Origin', b'https://huggingface.co'), (b'Vary', b'Origin'), (b'vary', b'Accept-Encoding'), (b'Access-Control-Expose-Headers', b'X-Repo-Commit,X-Request-Id,X-Error-Code,X-Error-Message,X-Total-Count,ETag,Link,Accept-Ranges,Content-Range,X-Linked-Size,X-Linked-ETag,X-Xet-Hash'), (b'X-Total-Count', b'15'), (b'X-Cache', b'Miss from cloudfront'), (b'Via', b'1.1 eb20e7a8d493ecd61b97c07c2941de64.cloudfront.net (CloudFront)'), (b'X-Amz-Cf-Pop', b'FRA56-P17'), (b'Alt-Svc', b'h3=":443"; ma=86400'), (b'X-Amz-Cf-Id', b'gEWlU4qBIcv_ChtcWObSasAlEKCwo-D-3-JtZlVac_hGJ9d6un8oWQ==')])
[ 2026-08-24 16:05:52,403 ] httpx - INFO - HTTP Request: GET https://huggingface.co/api/models/BAAI/bge-large-zh-v1.5/commits/main "HTTP/1.1 200 OK"
[ 2026-08-24 16:05:52,403 ] httpcore.http11 - DEBUG - receive_response_body.started request=<Request [b'GET']>
[ 2026-08-24 16:05:52,403 ] httpcore.http11 - DEBUG - receive_response_body.complete
[ 2026-08-24 16:05:52,404 ] httpcore.http11 - DEBUG - response_closed.started
[ 2026-08-24 16:05:52,404 ] httpcore.http11 - DEBUG - response_closed.complete
[ 2026-08-24 16:05:52,405 ] httpcore.http11 - DEBUG - send_request_headers.started request=<Request [b'GET']>
[ 2026-08-24 16:05:52,405 ] httpcore.http11 - DEBUG - send_request_headers.complete
[ 2026-08-24 16:05:52,405 ] httpcore.http11 - DEBUG - send_request_body.started request=<Request [b'GET']>
[ 2026-08-24 16:05:52,405 ] httpcore.http11 - DEBUG - send_request_body.complete
[ 2026-08-24 16:05:52,405 ] httpcore.http11 - DEBUG - receive_response_headers.started request=<Request [b'GET']>
[ 2026-08-24 16:05:52,900 ] httpcore.proxy - DEBUG - start_tls.complete return_value=<httpcore._backends.sync.SyncStream object at 0x000001F69ED43EF0>
[ 2026-08-24 16:05:52,900 ] httpcore.http11 - DEBUG - send_request_headers.started request=<Request [b'HEAD']>
[ 2026-08-24 16:05:52,900 ] httpcore.http11 - DEBUG - send_request_headers.complete
[ 2026-08-24 16:05:52,901 ] httpcore.http11 - DEBUG - send_request_body.started request=<Request [b'HEAD']>
[ 2026-08-24 16:05:52,901 ] httpcore.http11 - DEBUG - send_request_body.complete
[ 2026-08-24 16:05:52,901 ] httpcore.http11 - DEBUG - receive_response_headers.started request=<Request [b'HEAD']>
[ 2026-08-24 16:05:52,996 ] httpcore.http11 - DEBUG - receive_response_headers.complete return_value=(b'HTTP/1.1', 200, b'OK', [(b'Content-Type', b'application/json; charset=utf-8'), (b'Transfer-Encoding', b'chunked'), (b'Connection', b'keep-alive'), (b'Date', b'Mon, 24 Aug 2026 08:05:52 GMT'), (b'content-encoding', b'gzip'), (b'ETag', b'W/"6c5f-0yYIP47Noh8TeQXILT7cTNsmCzU"'), (b'X-Powered-By', b'huggingface-moon'), (b'X-Request-Id', b'Root=1-6a8bfb60-491e7dba23d67a086abdd3df;ad1e75eb-a891-4b74-899b-db1f682776d4'), (b'RateLimit', b'"api";r=497;t=104'), (b'RateLimit-Policy', b'"fixed window";"api";q=500;w=300'), (b'cross-origin-opener-policy', b'same-origin'), (b'Referrer-Policy', b'strict-origin-when-cross-origin'), (b'Access-Control-Max-Age', b'86400'), (b'Access-Control-Allow-Origin', b'https://huggingface.co'), (b'Vary', b'Origin'), (b'vary', b'Accept-Encoding'), (b'Access-Control-Expose-Headers', b'X-Repo-Commit,X-Request-Id,X-Error-Code,X-Error-Message,X-Total-Count,ETag,Link,Accept-Ranges,Content-Range,X-Linked-Size,X-Linked-ETag,X-Xet-Hash'), (b'X-Cache', b'Miss from cloudfront'), (b'Via', b'1.1 eb20e7a8d493ecd61b97c07c2941de64.cloudfront.net (CloudFront)'), (b'X-Amz-Cf-Pop', b'FRA56-P17'), (b'Alt-Svc', b'h3=":443"; ma=86400'), (b'X-Amz-Cf-Id', b'27OGaoaEvWtTZvpAxlXElz0YktSxT1tHK0yMMQukRJrRLXYGTYcXTA==')])
[ 2026-08-24 16:05:52,997 ] httpx - INFO - HTTP Request: GET https://huggingface.co/api/models/BAAI/bge-large-zh-v1.5/discussions?p=0 "HTTP/1.1 200 OK"
[ 2026-08-24 16:05:52,998 ] httpcore.http11 - DEBUG - receive_response_body.started request=<Request [b'GET']>
[ 2026-08-24 16:05:52,999 ] httpcore.http11 - DEBUG - receive_response_body.complete
[ 2026-08-24 16:05:52,999 ] httpcore.http11 - DEBUG - response_closed.started
[ 2026-08-24 16:05:52,999 ] httpcore.http11 - DEBUG - response_closed.complete
[ 2026-08-24 16:05:53,002 ] httpcore.http11 - DEBUG - send_request_headers.started request=<Request [b'GET']>
[ 2026-08-24 16:05:53,002 ] httpcore.http11 - DEBUG - send_request_headers.complete
[ 2026-08-24 16:05:53,002 ] httpcore.http11 - DEBUG - send_request_body.started request=<Request [b'GET']>
[ 2026-08-24 16:05:53,003 ] httpcore.http11 - DEBUG - send_request_body.complete
[ 2026-08-24 16:05:53,003 ] httpcore.http11 - DEBUG - receive_response_headers.started request=<Request [b'GET']>
[ 2026-08-24 16:05:53,269 ] httpcore.http11 - DEBUG - receive_response_headers.complete return_value=(b'HTTP/1.1', 404, b'Not Found', [(b'Content-Type', b'text/plain; charset=utf-8'), (b'Content-Length', b'15'), (b'Connection', b'keep-alive'), (b'Date', b'Mon, 24 Aug 2026 08:05:53 GMT'), (b'ETag', b'W/"f-mY2VvLxuxB7KhsoOdQTlMTccuAQ"'), (b'X-Powered-By', b'huggingface-moon'), (b'X-Request-Id', b'Root=1-6a8bfb61-48216ed3433e5e283f7e8129;25e450f5-9d54-4391-9a1b-5135b1eaac1e'), (b'RateLimit', b'"resolvers";r=2991;t=103'), (b'RateLimit-Policy', b'"fixed window";"resolvers";q=3000;w=300'), (b'cross-origin-opener-policy', b'same-origin'), (b'Referrer-Policy', b'strict-origin-when-cross-origin'), (b'Access-Control-Max-Age', b'86400'), (b'Access-Control-Allow-Origin', b'https://huggingface.co'), (b'Vary', b'Origin'), (b'Access-Control-Expose-Headers', b'X-Repo-Commit,X-Request-Id,X-Error-Code,X-Error-Message,X-Total-Count,ETag,Link,Accept-Ranges,Content-Range,X-Linked-Size,X-Linked-ETag,X-Xet-Hash'), (b'X-Repo-Commit', b'79e7739b6ab944e86d6171e44d24c997fc1e0116'), (b'Accept-Ranges', b'bytes'), (b'X-Hub-Cache', b'MISS'), (b'X-Error-Code', b'EntryNotFound'), (b'X-Error-Message', b'Entry not found'), (b'X-Cache', b'Error from cloudfront'), (b'Via', b'1.1 b36267b88dbdb809a67168951d32ad08.cloudfront.net (CloudFront)'), (b'X-Amz-Cf-Pop', b'FRA56-P17'), (b'Alt-Svc', b'h3=":443"; ma=86400'), (b'X-Amz-Cf-Id', b'bD47S-AbnKjJKs1b1Ys-Lnzo1siOpROgB08xMQVcNvRkeYG_ry6pDQ==')])
[ 2026-08-24 16:05:53,269 ] httpx - INFO - HTTP Request: HEAD https://huggingface.co/BAAI/bge-large-zh-v1.5/resolve/main/processor_config.json "HTTP/1.1 404 Not Found"
[ 2026-08-24 16:05:53,269 ] httpcore.http11 - DEBUG - receive_response_body.started request=<Request [b'HEAD']>
[ 2026-08-24 16:05:53,269 ] httpcore.http11 - DEBUG - receive_response_body.complete
[ 2026-08-24 16:05:53,270 ] httpcore.http11 - DEBUG - response_closed.started
[ 2026-08-24 16:05:53,270 ] httpcore.http11 - DEBUG - response_closed.complete
[ 2026-08-24 16:05:53,275 ] httpcore.http11 - DEBUG - send_request_headers.started request=<Request [b'HEAD']>
[ 2026-08-24 16:05:53,276 ] httpcore.http11 - DEBUG - send_request_headers.complete
[ 2026-08-24 16:05:53,276 ] httpcore.http11 - DEBUG - send_request_body.started request=<Request [b'HEAD']>
[ 2026-08-24 16:05:53,277 ] httpcore.http11 - DEBUG - send_request_body.complete
[ 2026-08-24 16:05:53,277 ] httpcore.http11 - DEBUG - receive_response_headers.started request=<Request [b'HEAD']>
[ 2026-08-24 16:05:53,589 ] httpcore.http11 - DEBUG - receive_response_headers.complete return_value=(b'HTTP/1.1', 200, b'OK', [(b'Content-Type', b'application/json; charset=utf-8'), (b'Transfer-Encoding', b'chunked'), (b'Connection', b'keep-alive'), (b'Date', b'Mon, 24 Aug 2026 08:05:53 GMT'), (b'content-encoding', b'gzip'), (b'ETag', b'W/"12e4-0UhKjGizpPsyzsF8uV7lpRh/v8A"'), (b'X-Powered-By', b'huggingface-moon'), (b'X-Request-Id', b'Root=1-6a8bfb61-5fb4fab7456c934a63d2090e;326261f0-6102-4547-8120-63267733f308'), (b'RateLimit', b'"api";r=496;t=103'), (b'RateLimit-Policy', b'"fixed window";"api";q=500;w=300'), (b'cross-origin-opener-policy', b'same-origin'), (b'Referrer-Policy', b'strict-origin-when-cross-origin'), (b'Access-Control-Max-Age', b'86400'), (b'Access-Control-Allow-Origin', b'https://huggingface.co'), (b'Vary', b'Origin'), (b'vary', b'Accept-Encoding'), (b'Access-Control-Expose-Headers', b'X-Repo-Commit,X-Request-Id,X-Error-Code,X-Error-Message,X-Total-Count,ETag,Link,Accept-Ranges,Content-Range,X-Linked-Size,X-Linked-ETag,X-Xet-Hash'), (b'X-Total-Count', b'16'), (b'X-Cache', b'Miss from cloudfront'), (b'Via', b'1.1 eb20e7a8d493ecd61b97c07c2941de64.cloudfront.net (CloudFront)'), (b'X-Amz-Cf-Pop', b'FRA56-P17'), (b'Alt-Svc', b'h3=":443"; ma=86400'), (b'X-Amz-Cf-Id', b'wzRwxpuE5xMidCiFMRE6kBGXqkuV_NHCNydsmLwSbQzCGunodfY3dg==')])
[ 2026-08-24 16:05:53,590 ] httpx - INFO - HTTP Request: GET https://huggingface.co/api/models/BAAI/bge-large-zh-v1.5/commits/refs%2Fpr%2F35 "HTTP/1.1 200 OK"
[ 2026-08-24 16:05:53,590 ] httpcore.http11 - DEBUG - receive_response_body.started request=<Request [b'GET']>
[ 2026-08-24 16:05:53,590 ] httpcore.http11 - DEBUG - receive_response_body.complete
[ 2026-08-24 16:05:53,590 ] httpcore.http11 - DEBUG - response_closed.started
[ 2026-08-24 16:05:53,590 ] httpcore.http11 - DEBUG - response_closed.complete
[ 2026-08-24 16:05:53,591 ] httpcore.http11 - DEBUG - send_request_headers.started request=<Request [b'HEAD']>
[ 2026-08-24 16:05:53,591 ] httpcore.http11 - DEBUG - send_request_headers.complete
[ 2026-08-24 16:05:53,591 ] httpcore.http11 - DEBUG - send_request_body.started request=<Request [b'HEAD']>
[ 2026-08-24 16:05:53,591 ] httpcore.http11 - DEBUG - send_request_body.complete
[ 2026-08-24 16:05:53,591 ] httpcore.http11 - DEBUG - receive_response_headers.started request=<Request [b'HEAD']>
[ 2026-08-24 16:05:53,614 ] httpcore.http11 - DEBUG - receive_response_headers.complete return_value=(b'HTTP/1.1', 404, b'Not Found', [(b'Content-Type', b'text/plain; charset=utf-8'), (b'Content-Length', b'15'), (b'Connection', b'keep-alive'), (b'Date', b'Mon, 24 Aug 2026 08:05:53 GMT'), (b'ETag', b'W/"f-mY2VvLxuxB7KhsoOdQTlMTccuAQ"'), (b'X-Powered-By', b'huggingface-moon'), (b'X-Request-Id', b'Root=1-6a8bfb61-1d291a046e0e1c8d71fdbab2;7b45fa27-b2bc-4def-87a4-466b73eea19d'), (b'RateLimit', b'"resolvers";r=2990;t=103'), (b'RateLimit-Policy', b'"fixed window";"resolvers";q=3000;w=300'), (b'cross-origin-opener-policy', b'same-origin'), (b'Referrer-Policy', b'strict-origin-when-cross-origin'), (b'Access-Control-Max-Age', b'86400'), (b'Access-Control-Allow-Origin', b'https://huggingface.co'), (b'Vary', b'Origin'), (b'Access-Control-Expose-Headers', b'X-Repo-Commit,X-Request-Id,X-Error-Code,X-Error-Message,X-Total-Count,ETag,Link,Accept-Ranges,Content-Range,X-Linked-Size,X-Linked-ETag,X-Xet-Hash'), (b'X-Repo-Commit', b'79e7739b6ab944e86d6171e44d24c997fc1e0116'), (b'Accept-Ranges', b'bytes'), (b'X-HF-Warning', b'unauthenticated; Warning: You are sending unauthenticated requests to the HF Hub. Please set a HF_TOKEN to enable higher rate limits and faster downloads.'), (b'X-Hub-Cache', b'MISS'), (b'X-Error-Code', b'EntryNotFound'), (b'X-Error-Message', b'Entry not found'), (b'X-Cache', b'Error from cloudfront'), (b'Via', b'1.1 b36267b88dbdb809a67168951d32ad08.cloudfront.net (CloudFront)'), (b'X-Amz-Cf-Pop', b'FRA56-P17'), (b'Alt-Svc', b'h3=":443"; ma=86400'), (b'X-Amz-Cf-Id', b'NktCJ52MN0QI-PBnOgNm8lbEx_5av1wQozumhUBqlq8DrNHVzAiUYw==')])
[ 2026-08-24 16:05:53,614 ] httpx - INFO - HTTP Request: HEAD https://huggingface.co/BAAI/bge-large-zh-v1.5/resolve/main/preprocessor_config.json "HTTP/1.1 404 Not Found"
[ 2026-08-24 16:05:53,614 ] httpcore.http11 - DEBUG - receive_response_body.started request=<Request [b'HEAD']>
[ 2026-08-24 16:05:53,614 ] httpcore.http11 - DEBUG - receive_response_body.complete
[ 2026-08-24 16:05:53,614 ] httpcore.http11 - DEBUG - response_closed.started
[ 2026-08-24 16:05:53,614 ] httpcore.http11 - DEBUG - response_closed.complete
[ 2026-08-24 16:05:53,616 ] httpcore.http11 - DEBUG - send_request_headers.started request=<Request [b'HEAD']>
[ 2026-08-24 16:05:53,616 ] httpcore.http11 - DEBUG - send_request_headers.complete
[ 2026-08-24 16:05:53,616 ] httpcore.http11 - DEBUG - send_request_body.started request=<Request [b'HEAD']>
[ 2026-08-24 16:05:53,616 ] httpcore.http11 - DEBUG - send_request_body.complete
[ 2026-08-24 16:05:53,616 ] httpcore.http11 - DEBUG - receive_response_headers.started request=<Request [b'HEAD']>
[ 2026-08-24 16:05:53,859 ] httpcore.http11 - DEBUG - receive_response_headers.complete return_value=(b'HTTP/1.1', 404, b'Not Found', [(b'Content-Type', b'text/plain; charset=utf-8'), (b'Content-Length', b'15'), (b'Connection', b'keep-alive'), (b'Date', b'Mon, 24 Aug 2026 08:05:53 GMT'), (b'ETag', b'W/"f-mY2VvLxuxB7KhsoOdQTlMTccuAQ"'), (b'X-Powered-By', b'huggingface-moon'), (b'X-Request-Id', b'Root=1-6a8bfb61-3fbeed3d2970cdd412e2ea77;40560ee7-94aa-4381-ac59-9604a55a5dbb'), (b'RateLimit', b'"resolvers";r=2989;t=103'), (b'RateLimit-Policy', b'"fixed window";"resolvers";q=3000;w=300'), (b'cross-origin-opener-policy', b'same-origin'), (b'Referrer-Policy', b'strict-origin-when-cross-origin'), (b'Access-Control-Max-Age', b'86400'), (b'Access-Control-Allow-Origin', b'https://huggingface.co'), (b'Vary', b'Origin'), (b'Access-Control-Expose-Headers', b'X-Repo-Commit,X-Request-Id,X-Error-Code,X-Error-Message,X-Total-Count,ETag,Link,Accept-Ranges,Content-Range,X-Linked-Size,X-Linked-ETag,X-Xet-Hash'), (b'X-Repo-Commit', b'0cc67d9f159c4037e86efde28c42dadf6e3de7aa'), (b'Accept-Ranges', b'bytes'), (b'X-Hub-Cache', b'MISS'), (b'X-Error-Code', b'EntryNotFound'), (b'X-Error-Message', b'Entry not found'), (b'X-Cache', b'Error from cloudfront'), (b'Via', b'1.1 eb20e7a8d493ecd61b97c07c2941de64.cloudfront.net (CloudFront)'), (b'X-Amz-Cf-Pop', b'FRA56-P17'), (b'Alt-Svc', b'h3=":443"; ma=86400'), (b'X-Amz-Cf-Id', b'ei8wA6uzNrk2A-3byLfGFq5n3LGzqa2ZAXDHFUjSf91JWoQ0ykpEOw==')])
[ 2026-08-24 16:05:53,860 ] httpx - INFO - HTTP Request: HEAD https://huggingface.co/BAAI/bge-large-zh-v1.5/resolve/refs%2Fpr%2F35/model.safetensors.index.json "HTTP/1.1 404 Not Found"
[ 2026-08-24 16:05:53,862 ] httpcore.http11 - DEBUG - receive_response_body.started request=<Request [b'HEAD']>
[ 2026-08-24 16:05:53,862 ] httpcore.http11 - DEBUG - receive_response_body.complete
[ 2026-08-24 16:05:53,862 ] httpcore.http11 - DEBUG - response_closed.started
[ 2026-08-24 16:05:53,863 ] httpcore.http11 - DEBUG - response_closed.complete
[ 2026-08-24 16:05:53,867 ] httpcore.http11 - DEBUG - send_request_headers.started request=<Request [b'HEAD']>
[ 2026-08-24 16:05:53,867 ] httpcore.http11 - DEBUG - send_request_headers.complete
[ 2026-08-24 16:05:53,868 ] httpcore.http11 - DEBUG - send_request_body.started request=<Request [b'HEAD']>
[ 2026-08-24 16:05:53,868 ] httpcore.http11 - DEBUG - send_request_body.complete
[ 2026-08-24 16:05:53,868 ] httpcore.http11 - DEBUG - receive_response_headers.started request=<Request [b'HEAD']>
[ 2026-08-24 16:05:53,956 ] httpcore.http11 - DEBUG - receive_response_headers.complete return_value=(b'HTTP/1.1', 404, b'Not Found', [(b'Content-Type', b'text/plain; charset=utf-8'), (b'Content-Length', b'15'), (b'Connection', b'keep-alive'), (b'Date', b'Mon, 24 Aug 2026 08:05:53 GMT'), (b'ETag', b'W/"f-mY2VvLxuxB7KhsoOdQTlMTccuAQ"'), (b'X-Powered-By', b'huggingface-moon'), (b'X-Request-Id', b'Root=1-6a8bfb61-6c844fd94ebf2d8221c6a89c;43cb3ad3-6260-4171-b666-c254274cc36d'), (b'RateLimit', b'"resolvers";r=2988;t=103'), (b'RateLimit-Policy', b'"fixed window";"resolvers";q=3000;w=300'), (b'cross-origin-opener-policy', b'same-origin'), (b'Referrer-Policy', b'strict-origin-when-cross-origin'), (b'Access-Control-Max-Age', b'86400'), (b'Access-Control-Allow-Origin', b'https://huggingface.co'), (b'Vary', b'Origin'), (b'Access-Control-Expose-Headers', b'X-Repo-Commit,X-Request-Id,X-Error-Code,X-Error-Message,X-Total-Count,ETag,Link,Accept-Ranges,Content-Range,X-Linked-Size,X-Linked-ETag,X-Xet-Hash'), (b'X-Repo-Commit', b'79e7739b6ab944e86d6171e44d24c997fc1e0116'), (b'Accept-Ranges', b'bytes'), (b'X-HF-Warning', b'unauthenticated; Warning: You are sending unauthenticated requests to the HF Hub. Please set a HF_TOKEN to enable higher rate limits and faster downloads.'), (b'X-Hub-Cache', b'MISS'), (b'X-Error-Code', b'EntryNotFound'), (b'X-Error-Message', b'Entry not found'), (b'X-Cache', b'Error from cloudfront'), (b'Via', b'1.1 b36267b88dbdb809a67168951d32ad08.cloudfront.net (CloudFront)'), (b'X-Amz-Cf-Pop', b'FRA56-P17'), (b'Alt-Svc', b'h3=":443"; ma=86400'), (b'X-Amz-Cf-Id', b'Mq95hpiB02MOwJH7htJI1xurDdQJj5MW8F3kni9XOjVpBnZTW7rC6A==')])
[ 2026-08-24 16:05:53,957 ] httpx - INFO - HTTP Request: HEAD https://huggingface.co/BAAI/bge-large-zh-v1.5/resolve/main/video_preprocessor_config.json "HTTP/1.1 404 Not Found"
[ 2026-08-24 16:05:53,957 ] httpcore.http11 - DEBUG - receive_response_body.started request=<Request [b'HEAD']>
[ 2026-08-24 16:05:53,957 ] httpcore.http11 - DEBUG - receive_response_body.complete
[ 2026-08-24 16:05:53,957 ] httpcore.http11 - DEBUG - response_closed.started
[ 2026-08-24 16:05:53,957 ] httpcore.http11 - DEBUG - response_closed.complete
[ 2026-08-24 16:05:53,962 ] httpcore.http11 - DEBUG - send_request_headers.started request=<Request [b'HEAD']>
[ 2026-08-24 16:05:53,962 ] httpcore.http11 - DEBUG - send_request_headers.complete
[ 2026-08-24 16:05:53,962 ] httpcore.http11 - DEBUG - send_request_body.started request=<Request [b'HEAD']>
[ 2026-08-24 16:05:53,962 ] httpcore.http11 - DEBUG - send_request_body.complete
[ 2026-08-24 16:05:53,962 ] httpcore.http11 - DEBUG - receive_response_headers.started request=<Request [b'HEAD']>
[ 2026-08-24 16:05:54,136 ] httpcore.http11 - DEBUG - receive_response_headers.complete return_value=(b'HTTP/1.1', 302, b'Found', [(b'Content-Type', b'text/plain; charset=utf-8'), (b'Content-Length', b'982'), (b'Connection', b'keep-alive'), (b'Date', b'Mon, 24 Aug 2026 08:05:54 GMT'), (b'Location', b'https://us.aws.cdn.hf.co/xet-bridge-us/64fff58369219ce3e48e1a1a/57e0f934e2119245da805d8a6e8fb02178d5ded3f2e97ab9eaca5225f8ea47bf?response-content-disposition=inline%3B+filename*%3DUTF-8%27%27model.safetensors%3B+filename%3D%22model.safetensors%22%3B&user_id=public&X-Xet-Cas-Uid=public&Expires=1787562354&Policy=eyJTdGF0ZW1lbnQiOlt7IlJlc291cmNlIjoiaHR0cHM6Ly91cy5hd3MuY2RuLmhmLmNvL3hldC1icmlkZ2UtdXMvNjRmZmY1ODM2OTIxOWNlM2U0OGUxYTFhLzU3ZTBmOTM0ZTIxMTkyNDVkYTgwNWQ4YTZlOGZiMDIxNzhkNWRlZDNmMmU5N2FiOWVhY2E1MjI1ZjhlYTQ3YmZcXD9yZXNwb25zZS1jb250ZW50LWRpc3Bvc2l0aW9uPWlubGluZSUzQitmaWxlbmFtZSUyQSUzRFVURi04JTI3JTI3bW9kZWwuc2FmZXRlbnNvcnMlM0IrZmlsZW5hbWUlM0QlMjJtb2RlbC5zYWZldGVuc29ycyUyMiUzQiZ1c2VyX2lkPXB1YmxpYyZYLVhldC1DYXMtVWlkPXB1YmxpYyIsIkNvbmRpdGlvbiI6eyJEYXRlTGVzc1RoYW4iOnsiRXBvY2hUaW1lIjoxNzg3NTYyMzU0fX19XX0_&Signature=MEQCID07U5mguYr2fP1LxdIIgUdW%7EOsY1eTYEtbNLPbyQHQRAiA-lIAOpNxYKi5ysPstGml-ydDw81cUzQRveJJ--U3bqA__&Key-Pair-Id=01KXEF4KZ1B6FV465MAWR4M21F'), (b'X-Powered-By', b'huggingface-moon'), (b'X-Request-Id', b'Root=1-6a8bfb61-562b14781d1338961b10614f;e0c0f497-9113-48cb-a887-bf5d722722a5'), (b'RateLimit', b'"resolvers";r=2987;t=103'), (b'RateLimit-Policy', b'"fixed window";"resolvers";q=3000;w=300'), (b'cross-origin-opener-policy', b'same-origin'), (b'Referrer-Policy', b'strict-origin-when-cross-origin'), (b'Access-Control-Max-Age', b'86400'), (b'Access-Control-Allow-Origin', b'https://huggingface.co'), (b'Vary', b'Origin, Accept'), (b'Access-Control-Expose-Headers', b'X-Repo-Commit,X-Request-Id,X-Error-Code,X-Error-Message,X-Total-Count,ETag,Link,Accept-Ranges,Content-Range,X-Linked-Size,X-Linked-ETag,X-Xet-Hash'), (b'X-Repo-Commit', b'0cc67d9f159c4037e86efde28c42dadf6e3de7aa'), (b'Accept-Ranges', b'bytes'), (b'X-HF-Warning', b'unauthenticated; Warning: You are sending unauthenticated requests to the HF Hub. Please set a HF_TOKEN to enable higher rate limits and faster downloads.'), (b'X-Hub-Cache', b'MISS'), (b'X-Linked-Size', b'1302138752'), (b'X-Linked-ETag', b'"74541fa3bddf35c2ed35a7c21542776fb830cde7d372dbe05ca42aa70f2bf904"'), (b'Cache-Control', b'no-store'), (b'X-Xet-Hash', b'57e0f934e2119245da805d8a6e8fb02178d5ded3f2e97ab9eaca5225f8ea47bf'), (b'Link', b'<https://huggingface.co/api/models/BAAI/bge-large-zh-v1.5/xet-read-token/0cc67d9f159c4037e86efde28c42dadf6e3de7aa>; rel="xet-auth", <https://cas-server.xethub.hf.co/v1/reconstructions/57e0f934e2119245da805d8a6e8fb02178d5ded3f2e97ab9eaca5225f8ea47bf>; rel="xet-reconstruction-info"'), (b'X-Cache', b'Miss from cloudfront'), (b'Via', b'1.1 eb20e7a8d493ecd61b97c07c2941de64.cloudfront.net (CloudFront)'), (b'X-Amz-Cf-Pop', b'FRA56-P17'), (b'Alt-Svc', b'h3=":443"; ma=86400'), (b'X-Amz-Cf-Id', b'B6msdr6wa_Dq-J8ID-0S3xDx3UmR6nf1RvmjmDGE4R351r4F2vBpjg==')])
[ 2026-08-24 16:05:54,136 ] httpx - INFO - HTTP Request: HEAD https://huggingface.co/BAAI/bge-large-zh-v1.5/resolve/refs%2Fpr%2F35/model.safetensors "HTTP/1.1 302 Found"
[ 2026-08-24 16:05:54,136 ] httpcore.http11 - DEBUG - receive_response_body.started request=<Request [b'HEAD']>
[ 2026-08-24 16:05:54,136 ] httpcore.http11 - DEBUG - receive_response_body.complete
[ 2026-08-24 16:05:54,136 ] httpcore.http11 - DEBUG - response_closed.started
[ 2026-08-24 16:05:54,136 ] httpcore.http11 - DEBUG - response_closed.complete
[ 2026-08-24 16:05:54,308 ] httpcore.http11 - DEBUG - receive_response_headers.complete return_value=(b'HTTP/1.1', 404, b'Not Found', [(b'Content-Type', b'text/plain; charset=utf-8'), (b'Content-Length', b'15'), (b'Connection', b'keep-alive'), (b'Date', b'Mon, 24 Aug 2026 08:05:54 GMT'), (b'ETag', b'W/"f-mY2VvLxuxB7KhsoOdQTlMTccuAQ"'), (b'X-Powered-By', b'huggingface-moon'), (b'X-Request-Id', b'Root=1-6a8bfb62-2712b52709b78e220ebf3255;c9526898-5fc1-4bff-9fa5-f5f39d9dd151'), (b'RateLimit', b'"resolvers";r=2986;t=102'), (b'RateLimit-Policy', b'"fixed window";"resolvers";q=3000;w=300'), (b'cross-origin-opener-policy', b'same-origin'), (b'Referrer-Policy', b'strict-origin-when-cross-origin'), (b'Access-Control-Max-Age', b'86400'), (b'Access-Control-Allow-Origin', b'https://huggingface.co'), (b'Vary', b'Origin'), (b'Access-Control-Expose-Headers', b'X-Repo-Commit,X-Request-Id,X-Error-Code,X-Error-Message,X-Total-Count,ETag,Link,Accept-Ranges,Content-Range,X-Linked-Size,X-Linked-ETag,X-Xet-Hash'), (b'X-Repo-Commit', b'79e7739b6ab944e86d6171e44d24c997fc1e0116'), (b'Accept-Ranges', b'bytes'), (b'X-Hub-Cache', b'MISS'), (b'X-Error-Code', b'EntryNotFound'), (b'X-Error-Message', b'Entry not found'), (b'X-Cache', b'Error from cloudfront'), (b'Via', b'1.1 b36267b88dbdb809a67168951d32ad08.cloudfront.net (CloudFront)'), (b'X-Amz-Cf-Pop', b'FRA56-P17'), (b'Alt-Svc', b'h3=":443"; ma=86400'), (b'X-Amz-Cf-Id', b'thMYBz_6XjytnasHHdT1r48oLHk5z7kxpjddVYOWfTh3hQE4nVyX8A==')])
[ 2026-08-24 16:05:54,308 ] httpx - INFO - HTTP Request: HEAD https://huggingface.co/BAAI/bge-large-zh-v1.5/resolve/main/preprocessor_config.json "HTTP/1.1 404 Not Found"
[ 2026-08-24 16:05:54,309 ] httpcore.http11 - DEBUG - receive_response_body.started request=<Request [b'HEAD']>
[ 2026-08-24 16:05:54,309 ] httpcore.http11 - DEBUG - receive_response_body.complete
[ 2026-08-24 16:05:54,309 ] httpcore.http11 - DEBUG - response_closed.started
[ 2026-08-24 16:05:54,309 ] httpcore.http11 - DEBUG - response_closed.complete
[ 2026-08-24 16:05:54,315 ] httpcore.http11 - DEBUG - send_request_headers.started request=<Request [b'HEAD']>
[ 2026-08-24 16:05:54,316 ] httpcore.http11 - DEBUG - send_request_headers.complete
[ 2026-08-24 16:05:54,317 ] httpcore.http11 - DEBUG - send_request_body.started request=<Request [b'HEAD']>
[ 2026-08-24 16:05:54,317 ] httpcore.http11 - DEBUG - send_request_body.complete
[ 2026-08-24 16:05:54,317 ] httpcore.http11 - DEBUG - receive_response_headers.started request=<Request [b'HEAD']>
[ 2026-08-24 16:05:54,607 ] httpcore.http11 - DEBUG - receive_response_headers.complete return_value=(b'HTTP/1.1', 307, b'Temporary Redirect', [(b'Content-Type', b'text/plain; charset=utf-8'), (b'Content-Length', b'268'), (b'Connection', b'keep-alive'), (b'Date', b'Mon, 24 Aug 2026 08:05:54 GMT'), (b'Location', b'/api/resolve-cache/models/BAAI/bge-large-zh-v1.5/79e7739b6ab944e86d6171e44d24c997fc1e0116/tokenizer_config.json?%2FBAAI%2Fbge-large-zh-v1.5%2Fresolve%2Fmain%2Ftokenizer_config.json=&etag=%2242046bd361a033a24264dc41de1fe6cafd68072f%22'), (b'X-Powered-By', b'huggingface-moon'), (b'X-Request-Id', b'Root=1-6a8bfb62-4dbb60876ea4ec30664fec6b;93202cb4-d3a4-4742-b3df-c089e64f6cc5'), (b'RateLimit', b'"resolvers";r=2985;t=102'), (b'RateLimit-Policy', b'"fixed window";"resolvers";q=3000;w=300'), (b'cross-origin-opener-policy', b'same-origin'), (b'Referrer-Policy', b'strict-origin-when-cross-origin'), (b'Access-Control-Max-Age', b'86400'), (b'Access-Control-Allow-Origin', b'https://huggingface.co'), (b'Vary', b'Origin, Accept'), (b'Access-Control-Expose-Headers', b'X-Repo-Commit,X-Request-Id,X-Error-Code,X-Error-Message,X-Total-Count,ETag,Link,Accept-Ranges,Content-Range,X-Linked-Size,X-Linked-ETag,X-Xet-Hash'), (b'X-Repo-Commit', b'79e7739b6ab944e86d6171e44d24c997fc1e0116'), (b'Accept-Ranges', b'bytes'), (b'X-HF-Warning', b'unauthenticated; Warning: You are sending unauthenticated requests to the HF Hub. Please set a HF_TOKEN to enable higher rate limits and faster downloads.'), (b'X-Hub-Cache', b'HIT'), (b'Content-Disposition', b'inline; filename*=UTF-8\'\'tokenizer_config.json; filename="tokenizer_config.json";'), (b'Content-Security-Policy', b"default-src 'none'; sandbox"), (b'X-Linked-ETag', b'"42046bd361a033a24264dc41de1fe6cafd68072f"'), (b'X-Cache', b'Miss from cloudfront'), (b'Via', b'1.1 eb20e7a8d493ecd61b97c07c2941de64.cloudfront.net (CloudFront)'), (b'X-Amz-Cf-Pop', b'FRA56-P17'), (b'Alt-Svc', b'h3=":443"; ma=86400'), (b'X-Amz-Cf-Id', b'7_CeZIPf_MtSzNvpxE_v91G84MCRCdqTtdQCubycNdk1I_CdQ7G9NA==')])
[ 2026-08-24 16:05:54,608 ] httpx - INFO - HTTP Request: HEAD https://huggingface.co/BAAI/bge-large-zh-v1.5/resolve/main/tokenizer_config.json "HTTP/1.1 307 Temporary Redirect"
[ 2026-08-24 16:05:54,608 ] httpcore.http11 - DEBUG - receive_response_body.started request=<Request [b'HEAD']>
[ 2026-08-24 16:05:54,608 ] httpcore.http11 - DEBUG - receive_response_body.complete
[ 2026-08-24 16:05:54,609 ] httpcore.http11 - DEBUG - response_closed.started
[ 2026-08-24 16:05:54,609 ] httpcore.http11 - DEBUG - response_closed.complete
[ 2026-08-24 16:05:54,610 ] httpcore.http11 - DEBUG - send_request_headers.started request=<Request [b'HEAD']>
[ 2026-08-24 16:05:54,610 ] httpcore.http11 - DEBUG - send_request_headers.complete
[ 2026-08-24 16:05:54,611 ] httpcore.http11 - DEBUG - send_request_body.started request=<Request [b'HEAD']>
[ 2026-08-24 16:05:54,611 ] httpcore.http11 - DEBUG - send_request_body.complete
[ 2026-08-24 16:05:54,611 ] httpcore.http11 - DEBUG - receive_response_headers.started request=<Request [b'HEAD']>
[ 2026-08-24 16:05:55,384 ] httpcore.http11 - DEBUG - receive_response_headers.complete return_value=(b'HTTP/1.1', 200, b'OK', [(b'Content-Type', b'text/plain; charset=utf-8'), (b'Content-Length', b'394'), (b'Connection', b'keep-alive'), (b'Date', b'Thu, 30 Jul 2026 09:53:59 GMT'), (b'ETag', b'"42046bd361a033a24264dc41de1fe6cafd68072f"'), (b'X-Powered-By', b'huggingface-moon'), (b'X-Request-Id', b'Root=1-6a6b1f37-5b25ebf030be26356c15d306;74900a39-ee4e-41b3-90b1-e7fe15b70203'), (b'RateLimit', b'"resolvers";r=2976;t=242'), (b'RateLimit-Policy', b'"fixed window";"resolvers";q=3000;w=300'), (b'cross-origin-opener-policy', b'same-origin'), (b'Referrer-Policy', b'strict-origin-when-cross-origin'), (b'Access-Control-Max-Age', b'86400'), (b'Access-Control-Allow-Origin', b'https://huggingface.co'), (b'Access-Control-Expose-Headers', b'X-Repo-Commit,X-Request-Id,X-Error-Code,X-Error-Message,X-Total-Count,ETag,Link,Accept-Ranges,Content-Range,X-Linked-Size,X-Linked-ETag,X-Xet-Hash'), (b'X-Repo-Commit', b'79e7739b6ab944e86d6171e44d24c997fc1e0116'), (b'Accept-Ranges', b'bytes'), (b'X-Hub-Cache', b'MISS'), (b'Content-Disposition', b'inline; filename*=UTF-8\'\'tokenizer_config.json; filename="tokenizer_config.json";'), (b'Content-Security-Policy', b"default-src 'none'; sandbox"), (b'Vary', b'Origin'), (b'X-Cache', b'Hit from cloudfront'), (b'Via', b'1.1 eb20e7a8d493ecd61b97c07c2941de64.cloudfront.net (CloudFront)'), (b'X-Amz-Cf-Pop', b'FRA56-P17'), (b'Alt-Svc', b'h3=":443"; ma=86400'), (b'X-Amz-Cf-Id', b'kb8JDh7tRP4AZz9li_wbt0EjQoOgd6deO9G4kBMHM63XpnBr4CrInQ=='), (b'Age', b'2153516')])
[ 2026-08-24 16:05:55,385 ] httpx - INFO - HTTP Request: HEAD https://huggingface.co/api/resolve-cache/models/BAAI/bge-large-zh-v1.5/79e7739b6ab944e86d6171e44d24c997fc1e0116/tokenizer_config.json "HTTP/1.1 200 OK"
[ 2026-08-24 16:05:55,385 ] httpcore.http11 - DEBUG - receive_response_body.started request=<Request [b'HEAD']>
[ 2026-08-24 16:05:55,385 ] httpcore.http11 - DEBUG - receive_response_body.complete
[ 2026-08-24 16:05:55,385 ] httpcore.http11 - DEBUG - response_closed.started
[ 2026-08-24 16:05:55,385 ] httpcore.http11 - DEBUG - response_closed.complete
[ 2026-08-24 16:05:55,388 ] httpcore.http11 - DEBUG - send_request_headers.started request=<Request [b'HEAD']>
[ 2026-08-24 16:05:55,388 ] httpcore.http11 - DEBUG - send_request_headers.complete
[ 2026-08-24 16:05:55,388 ] httpcore.http11 - DEBUG - send_request_body.started request=<Request [b'HEAD']>
[ 2026-08-24 16:05:55,388 ] httpcore.http11 - DEBUG - send_request_body.complete
[ 2026-08-24 16:05:55,388 ] httpcore.http11 - DEBUG - receive_response_headers.started request=<Request [b'HEAD']>
[ 2026-08-24 16:05:55,651 ] httpcore.http11 - DEBUG - receive_response_headers.complete return_value=(b'HTTP/1.1', 307, b'Temporary Redirect', [(b'Content-Type', b'text/plain; charset=utf-8'), (b'Content-Length', b'248'), (b'Connection', b'keep-alive'), (b'Date', b'Mon, 24 Aug 2026 08:05:55 GMT'), (b'Location', b'/api/resolve-cache/models/BAAI/bge-large-zh-v1.5/79e7739b6ab944e86d6171e44d24c997fc1e0116/config.json?%2FBAAI%2Fbge-large-zh-v1.5%2Fresolve%2Fmain%2Fconfig.json=&etag=%2203df12a02c65a8ba9552ed63f6f1518575d1f7ef%22'), (b'X-Powered-By', b'huggingface-moon'), (b'X-Request-Id', b'Root=1-6a8bfb63-726bc78f380d37fb0f26f912;53135ad2-a5f7-42ae-a053-8d85f4e3c902'), (b'RateLimit', b'"resolvers";r=2984;t=101'), (b'RateLimit-Policy', b'"fixed window";"resolvers";q=3000;w=300'), (b'cross-origin-opener-policy', b'same-origin'), (b'Referrer-Policy', b'strict-origin-when-cross-origin'), (b'Access-Control-Max-Age', b'86400'), (b'Access-Control-Allow-Origin', b'https://huggingface.co'), (b'Vary', b'Origin, Accept'), (b'Access-Control-Expose-Headers', b'X-Repo-Commit,X-Request-Id,X-Error-Code,X-Error-Message,X-Total-Count,ETag,Link,Accept-Ranges,Content-Range,X-Linked-Size,X-Linked-ETag,X-Xet-Hash'), (b'X-Repo-Commit', b'79e7739b6ab944e86d6171e44d24c997fc1e0116'), (b'Accept-Ranges', b'bytes'), (b'X-Hub-Cache', b'HIT'), (b'Content-Disposition', b'inline; filename*=UTF-8\'\'config.json; filename="config.json";'), (b'Content-Security-Policy', b"default-src 'none'; sandbox"), (b'X-Linked-ETag', b'"03df12a02c65a8ba9552ed63f6f1518575d1f7ef"'), (b'X-Cache', b'Miss from cloudfront'), (b'Via', b'1.1 eb20e7a8d493ecd61b97c07c2941de64.cloudfront.net (CloudFront)'), (b'X-Amz-Cf-Pop', b'FRA56-P17'), (b'Alt-Svc', b'h3=":443"; ma=86400'), (b'X-Amz-Cf-Id', b'YonHlIcX_PMsiDAo0hG41qa0XBxon8gzbeDKQe22lsP8ptPKRxbihQ==')])
[ 2026-08-24 16:05:55,652 ] httpx - INFO - HTTP Request: HEAD https://huggingface.co/BAAI/bge-large-zh-v1.5/resolve/main/config.json "HTTP/1.1 307 Temporary Redirect"
[ 2026-08-24 16:05:55,652 ] httpcore.http11 - DEBUG - receive_response_body.started request=<Request [b'HEAD']>
[ 2026-08-24 16:05:55,652 ] httpcore.http11 - DEBUG - receive_response_body.complete
[ 2026-08-24 16:05:55,652 ] httpcore.http11 - DEBUG - response_closed.started
[ 2026-08-24 16:05:55,652 ] httpcore.http11 - DEBUG - response_closed.complete
[ 2026-08-24 16:05:55,652 ] httpcore.http11 - DEBUG - send_request_headers.started request=<Request [b'HEAD']>
[ 2026-08-24 16:05:55,653 ] httpcore.http11 - DEBUG - send_request_headers.complete
[ 2026-08-24 16:05:55,653 ] httpcore.http11 - DEBUG - send_request_body.started request=<Request [b'HEAD']>
[ 2026-08-24 16:05:55,653 ] httpcore.http11 - DEBUG - send_request_body.complete
[ 2026-08-24 16:05:55,653 ] httpcore.http11 - DEBUG - receive_response_headers.started request=<Request [b'HEAD']>
[ 2026-08-24 16:05:55,807 ] httpcore.http11 - DEBUG - receive_response_headers.complete return_value=(b'HTTP/1.1', 200, b'OK', [(b'Content-Type', b'text/plain; charset=utf-8'), (b'Content-Length', b'1000'), (b'Connection', b'keep-alive'), (b'Date', b'Fri, 17 Jul 2026 09:06:51 GMT'), (b'ETag', b'"03df12a02c65a8ba9552ed63f6f1518575d1f7ef"'), (b'X-Powered-By', b'huggingface-moon'), (b'X-Request-Id', b'Root=1-6a59f0ab-0e0ef8ea2170c0b77003df48;1b4092b7-eb26-4eaf-a9a1-114ae7d9b5b8'), (b'RateLimit', b'"resolvers";r=2976;t=157'), (b'RateLimit-Policy', b'"fixed window";"resolvers";q=3000;w=300'), (b'cross-origin-opener-policy', b'same-origin'), (b'Referrer-Policy', b'strict-origin-when-cross-origin'), (b'Access-Control-Max-Age', b'86400'), (b'Access-Control-Allow-Origin', b'https://huggingface.co'), (b'Access-Control-Expose-Headers', b'X-Repo-Commit,X-Request-Id,X-Error-Code,X-Error-Message,X-Total-Count,ETag,Link,Accept-Ranges,Content-Range,X-Linked-Size,X-Linked-ETag,X-Xet-Hash'), (b'X-Repo-Commit', b'79e7739b6ab944e86d6171e44d24c997fc1e0116'), (b'Accept-Ranges', b'bytes'), (b'X-Hub-Cache', b'MISS'), (b'Content-Disposition', b'inline; filename*=UTF-8\'\'config.json; filename="config.json";'), (b'Content-Security-Policy', b"default-src 'none'; sandbox"), (b'Vary', b'Origin'), (b'X-Cache', b'Hit from cloudfront'), (b'Via', b'1.1 eb20e7a8d493ecd61b97c07c2941de64.cloudfront.net (CloudFront)'), (b'X-Amz-Cf-Pop', b'FRA56-P17'), (b'Alt-Svc', b'h3=":443"; ma=86400'), (b'X-Amz-Cf-Id', b'l1Qo3RpJy89QDtqYNUGFXOdQ2NU9YLejvbMGFHXGeT3LPDDt3ohqRg=='), (b'Age', b'3279544')])
[ 2026-08-24 16:05:55,807 ] httpx - INFO - HTTP Request: HEAD https://huggingface.co/api/resolve-cache/models/BAAI/bge-large-zh-v1.5/79e7739b6ab944e86d6171e44d24c997fc1e0116/config.json "HTTP/1.1 200 OK"
[ 2026-08-24 16:05:55,807 ] httpcore.http11 - DEBUG - receive_response_body.started request=<Request [b'HEAD']>
[ 2026-08-24 16:05:55,807 ] httpcore.http11 - DEBUG - receive_response_body.complete
[ 2026-08-24 16:05:55,807 ] httpcore.http11 - DEBUG - response_closed.started
[ 2026-08-24 16:05:55,807 ] httpcore.http11 - DEBUG - response_closed.complete
[ 2026-08-24 16:05:55,812 ] httpcore.http11 - DEBUG - send_request_headers.started request=<Request [b'HEAD']>
[ 2026-08-24 16:05:55,812 ] httpcore.http11 - DEBUG - send_request_headers.complete
[ 2026-08-24 16:05:55,813 ] httpcore.http11 - DEBUG - send_request_body.started request=<Request [b'HEAD']>
[ 2026-08-24 16:05:55,813 ] httpcore.http11 - DEBUG - send_request_body.complete
[ 2026-08-24 16:05:55,813 ] httpcore.http11 - DEBUG - receive_response_headers.started request=<Request [b'HEAD']>
[ 2026-08-24 16:05:56,074 ] httpcore.http11 - DEBUG - receive_response_headers.complete return_value=(b'HTTP/1.1', 307, b'Temporary Redirect', [(b'Content-Type', b'text/plain; charset=utf-8'), (b'Content-Length', b'248'), (b'Connection', b'keep-alive'), (b'Date', b'Mon, 24 Aug 2026 08:05:55 GMT'), (b'Location', b'/api/resolve-cache/models/BAAI/bge-large-zh-v1.5/79e7739b6ab944e86d6171e44d24c997fc1e0116/config.json?%2FBAAI%2Fbge-large-zh-v1.5%2Fresolve%2Fmain%2Fconfig.json=&etag=%2203df12a02c65a8ba9552ed63f6f1518575d1f7ef%22'), (b'X-Powered-By', b'huggingface-moon'), (b'X-Request-Id', b'Root=1-6a8bfb63-2449afa92b05ed20769a3baa;ad729b31-fcff-4ce1-9a93-3effb38b8c71'), (b'RateLimit', b'"resolvers";r=2983;t=101'), (b'RateLimit-Policy', b'"fixed window";"resolvers";q=3000;w=300'), (b'cross-origin-opener-policy', b'same-origin'), (b'Referrer-Policy', b'strict-origin-when-cross-origin'), (b'Access-Control-Max-Age', b'86400'), (b'Access-Control-Allow-Origin', b'https://huggingface.co'), (b'Vary', b'Origin, Accept'), (b'Access-Control-Expose-Headers', b'X-Repo-Commit,X-Request-Id,X-Error-Code,X-Error-Message,X-Total-Count,ETag,Link,Accept-Ranges,Content-Range,X-Linked-Size,X-Linked-ETag,X-Xet-Hash'), (b'X-Repo-Commit', b'79e7739b6ab944e86d6171e44d24c997fc1e0116'), (b'Accept-Ranges', b'bytes'), (b'X-HF-Warning', b'unauthenticated; Warning: You are sending unauthenticated requests to the HF Hub. Please set a HF_TOKEN to enable higher rate limits and faster downloads.'), (b'X-Hub-Cache', b'HIT'), (b'Content-Disposition', b'inline; filename*=UTF-8\'\'config.json; filename="config.json";'), (b'Content-Security-Policy', b"default-src 'none'; sandbox"), (b'X-Linked-ETag', b'"03df12a02c65a8ba9552ed63f6f1518575d1f7ef"'), (b'X-Cache', b'Miss from cloudfront'), (b'Via', b'1.1 eb20e7a8d493ecd61b97c07c2941de64.cloudfront.net (CloudFront)'), (b'X-Amz-Cf-Pop', b'FRA56-P17'), (b'Alt-Svc', b'h3=":443"; ma=86400'), (b'X-Amz-Cf-Id', b'zbCrrFGjxP8JN00AcCwebJkUgNEa7fg76JXMhrSKmUwjc2bIePbybw==')])
[ 2026-08-24 16:05:56,074 ] httpx - INFO - HTTP Request: HEAD https://huggingface.co/BAAI/bge-large-zh-v1.5/resolve/main/config.json "HTTP/1.1 307 Temporary Redirect"
[ 2026-08-24 16:05:56,074 ] httpcore.http11 - DEBUG - receive_response_body.started request=<Request [b'HEAD']>
[ 2026-08-24 16:05:56,074 ] httpcore.http11 - DEBUG - receive_response_body.complete
[ 2026-08-24 16:05:56,074 ] httpcore.http11 - DEBUG - response_closed.started
[ 2026-08-24 16:05:56,074 ] httpcore.http11 - DEBUG - response_closed.complete
[ 2026-08-24 16:05:56,075 ] httpcore.http11 - DEBUG - send_request_headers.started request=<Request [b'HEAD']>
[ 2026-08-24 16:05:56,075 ] httpcore.http11 - DEBUG - send_request_headers.complete
[ 2026-08-24 16:05:56,076 ] httpcore.http11 - DEBUG - send_request_body.started request=<Request [b'HEAD']>
[ 2026-08-24 16:05:56,076 ] httpcore.http11 - DEBUG - send_request_body.complete
[ 2026-08-24 16:05:56,076 ] httpcore.http11 - DEBUG - receive_response_headers.started request=<Request [b'HEAD']>
[ 2026-08-24 16:05:56,226 ] httpcore.http11 - DEBUG - receive_response_headers.complete return_value=(b'HTTP/1.1', 200, b'OK', [(b'Content-Type', b'text/plain; charset=utf-8'), (b'Content-Length', b'1000'), (b'Connection', b'keep-alive'), (b'Date', b'Fri, 17 Jul 2026 09:06:51 GMT'), (b'ETag', b'"03df12a02c65a8ba9552ed63f6f1518575d1f7ef"'), (b'X-Powered-By', b'huggingface-moon'), (b'X-Request-Id', b'Root=1-6a59f0ab-0e0ef8ea2170c0b77003df48;1b4092b7-eb26-4eaf-a9a1-114ae7d9b5b8'), (b'RateLimit', b'"resolvers";r=2976;t=157'), (b'RateLimit-Policy', b'"fixed window";"resolvers";q=3000;w=300'), (b'cross-origin-opener-policy', b'same-origin'), (b'Referrer-Policy', b'strict-origin-when-cross-origin'), (b'Access-Control-Max-Age', b'86400'), (b'Access-Control-Allow-Origin', b'https://huggingface.co'), (b'Access-Control-Expose-Headers', b'X-Repo-Commit,X-Request-Id,X-Error-Code,X-Error-Message,X-Total-Count,ETag,Link,Accept-Ranges,Content-Range,X-Linked-Size,X-Linked-ETag,X-Xet-Hash'), (b'X-Repo-Commit', b'79e7739b6ab944e86d6171e44d24c997fc1e0116'), (b'Accept-Ranges', b'bytes'), (b'X-Hub-Cache', b'MISS'), (b'Content-Disposition', b'inline; filename*=UTF-8\'\'config.json; filename="config.json";'), (b'Content-Security-Policy', b"default-src 'none'; sandbox"), (b'Vary', b'Origin'), (b'X-Cache', b'Hit from cloudfront'), (b'Via', b'1.1 eb20e7a8d493ecd61b97c07c2941de64.cloudfront.net (CloudFront)'), (b'X-Amz-Cf-Pop', b'FRA56-P17'), (b'Alt-Svc', b'h3=":443"; ma=86400'), (b'X-Amz-Cf-Id', b'zV5PHGaVz6GmgPpRsg4PLApdyKPoNM8ISPkvmaQo-8RG2yKlYH8trw=='), (b'Age', b'3279545')])
[ 2026-08-24 16:05:56,226 ] httpx - INFO - HTTP Request: HEAD https://huggingface.co/api/resolve-cache/models/BAAI/bge-large-zh-v1.5/79e7739b6ab944e86d6171e44d24c997fc1e0116/config.json "HTTP/1.1 200 OK"
[ 2026-08-24 16:05:56,226 ] httpcore.http11 - DEBUG - receive_response_body.started request=<Request [b'HEAD']>
[ 2026-08-24 16:05:56,226 ] httpcore.http11 - DEBUG - receive_response_body.complete
[ 2026-08-24 16:05:56,226 ] httpcore.http11 - DEBUG - response_closed.started
[ 2026-08-24 16:05:56,226 ] httpcore.http11 - DEBUG - response_closed.complete
[ 2026-08-24 16:05:56,230 ] httpcore.http11 - DEBUG - send_request_headers.started request=<Request [b'HEAD']>
[ 2026-08-24 16:05:56,230 ] httpcore.http11 - DEBUG - send_request_headers.complete
[ 2026-08-24 16:05:56,230 ] httpcore.http11 - DEBUG - send_request_body.started request=<Request [b'HEAD']>
[ 2026-08-24 16:05:56,230 ] httpcore.http11 - DEBUG - send_request_body.complete
[ 2026-08-24 16:05:56,230 ] httpcore.http11 - DEBUG - receive_response_headers.started request=<Request [b'HEAD']>
[ 2026-08-24 16:05:56,516 ] httpcore.http11 - DEBUG - receive_response_headers.complete return_value=(b'HTTP/1.1', 307, b'Temporary Redirect', [(b'Content-Type', b'text/plain; charset=utf-8'), (b'Content-Length', b'268'), (b'Connection', b'keep-alive'), (b'Date', b'Mon, 24 Aug 2026 08:05:56 GMT'), (b'Location', b'/api/resolve-cache/models/BAAI/bge-large-zh-v1.5/79e7739b6ab944e86d6171e44d24c997fc1e0116/tokenizer_config.json?%2FBAAI%2Fbge-large-zh-v1.5%2Fresolve%2Fmain%2Ftokenizer_config.json=&etag=%2242046bd361a033a24264dc41de1fe6cafd68072f%22'), (b'X-Powered-By', b'huggingface-moon'), (b'X-Request-Id', b'Root=1-6a8bfb64-18de189c640c08b711cbed10;a5fae81a-a5ae-4f84-8ca7-1fff744c0f19'), (b'RateLimit', b'"resolvers";r=2982;t=100'), (b'RateLimit-Policy', b'"fixed window";"resolvers";q=3000;w=300'), (b'cross-origin-opener-policy', b'same-origin'), (b'Referrer-Policy', b'strict-origin-when-cross-origin'), (b'Access-Control-Max-Age', b'86400'), (b'Access-Control-Allow-Origin', b'https://huggingface.co'), (b'Vary', b'Origin, Accept'), (b'Access-Control-Expose-Headers', b'X-Repo-Commit,X-Request-Id,X-Error-Code,X-Error-Message,X-Total-Count,ETag,Link,Accept-Ranges,Content-Range,X-Linked-Size,X-Linked-ETag,X-Xet-Hash'), (b'X-Repo-Commit', b'79e7739b6ab944e86d6171e44d24c997fc1e0116'), (b'Accept-Ranges', b'bytes'), (b'X-Hub-Cache', b'HIT'), (b'Content-Disposition', b'inline; filename*=UTF-8\'\'tokenizer_config.json; filename="tokenizer_config.json";'), (b'Content-Security-Policy', b"default-src 'none'; sandbox"), (b'X-Linked-ETag', b'"42046bd361a033a24264dc41de1fe6cafd68072f"'), (b'X-Cache', b'Miss from cloudfront'), (b'Via', b'1.1 eb20e7a8d493ecd61b97c07c2941de64.cloudfront.net (CloudFront)'), (b'X-Amz-Cf-Pop', b'FRA56-P17'), (b'Alt-Svc', b'h3=":443"; ma=86400'), (b'X-Amz-Cf-Id', b'2IVbVo5Dafr7Kiuu_U6KAzulel_CwZmaYXu0pie6KKRUlQaLdXp2Gg==')])
[ 2026-08-24 16:05:56,517 ] httpx - INFO - HTTP Request: HEAD https://huggingface.co/BAAI/bge-large-zh-v1.5/resolve/main/tokenizer_config.json "HTTP/1.1 307 Temporary Redirect"
[ 2026-08-24 16:05:56,517 ] httpcore.http11 - DEBUG - receive_response_body.started request=<Request [b'HEAD']>
[ 2026-08-24 16:05:56,517 ] httpcore.http11 - DEBUG - receive_response_body.complete
[ 2026-08-24 16:05:56,517 ] httpcore.http11 - DEBUG - response_closed.started
[ 2026-08-24 16:05:56,517 ] httpcore.http11 - DEBUG - response_closed.complete
[ 2026-08-24 16:05:56,518 ] httpcore.http11 - DEBUG - send_request_headers.started request=<Request [b'HEAD']>
[ 2026-08-24 16:05:56,518 ] httpcore.http11 - DEBUG - send_request_headers.complete
[ 2026-08-24 16:05:56,518 ] httpcore.http11 - DEBUG - send_request_body.started request=<Request [b'HEAD']>
[ 2026-08-24 16:05:56,518 ] httpcore.http11 - DEBUG - send_request_body.complete
[ 2026-08-24 16:05:56,518 ] httpcore.http11 - DEBUG - receive_response_headers.started request=<Request [b'HEAD']>
[ 2026-08-24 16:05:56,990 ] httpcore.http11 - DEBUG - receive_response_headers.complete return_value=(b'HTTP/1.1', 200, b'OK', [(b'Content-Type', b'text/plain; charset=utf-8'), (b'Content-Length', b'394'), (b'Connection', b'keep-alive'), (b'Date', b'Thu, 30 Jul 2026 09:53:59 GMT'), (b'ETag', b'"42046bd361a033a24264dc41de1fe6cafd68072f"'), (b'X-Powered-By', b'huggingface-moon'), (b'X-Request-Id', b'Root=1-6a6b1f37-5b25ebf030be26356c15d306;74900a39-ee4e-41b3-90b1-e7fe15b70203'), (b'RateLimit', b'"resolvers";r=2976;t=242'), (b'RateLimit-Policy', b'"fixed window";"resolvers";q=3000;w=300'), (b'cross-origin-opener-policy', b'same-origin'), (b'Referrer-Policy', b'strict-origin-when-cross-origin'), (b'Access-Control-Max-Age', b'86400'), (b'Access-Control-Allow-Origin', b'https://huggingface.co'), (b'Access-Control-Expose-Headers', b'X-Repo-Commit,X-Request-Id,X-Error-Code,X-Error-Message,X-Total-Count,ETag,Link,Accept-Ranges,Content-Range,X-Linked-Size,X-Linked-ETag,X-Xet-Hash'), (b'X-Repo-Commit', b'79e7739b6ab944e86d6171e44d24c997fc1e0116'), (b'Accept-Ranges', b'bytes'), (b'X-Hub-Cache', b'MISS'), (b'Content-Disposition', b'inline; filename*=UTF-8\'\'tokenizer_config.json; filename="tokenizer_config.json";'), (b'Content-Security-Policy', b"default-src 'none'; sandbox"), (b'Vary', b'Origin'), (b'X-Cache', b'Hit from cloudfront'), (b'Via', b'1.1 eb20e7a8d493ecd61b97c07c2941de64.cloudfront.net (CloudFront)'), (b'X-Amz-Cf-Pop', b'FRA56-P17'), (b'Alt-Svc', b'h3=":443"; ma=86400'), (b'X-Amz-Cf-Id', b'hHDfrqBDlPoZTu1od9gQ_ORosGYfkpuEb7tlB8VAzL0X3gHqqGuBmw=='), (b'Age', b'2153517')])
[ 2026-08-24 16:05:56,990 ] httpx - INFO - HTTP Request: HEAD https://huggingface.co/api/resolve-cache/models/BAAI/bge-large-zh-v1.5/79e7739b6ab944e86d6171e44d24c997fc1e0116/tokenizer_config.json "HTTP/1.1 200 OK"
[ 2026-08-24 16:05:56,990 ] httpcore.http11 - DEBUG - receive_response_body.started request=<Request [b'HEAD']>
[ 2026-08-24 16:05:56,991 ] httpcore.http11 - DEBUG - receive_response_body.complete
[ 2026-08-24 16:05:56,991 ] httpcore.http11 - DEBUG - response_closed.started
[ 2026-08-24 16:05:56,991 ] httpcore.http11 - DEBUG - response_closed.complete
[ 2026-08-24 16:05:57,014 ] httpcore.http11 - DEBUG - send_request_headers.started request=<Request [b'GET']>
[ 2026-08-24 16:05:57,014 ] httpcore.http11 - DEBUG - send_request_headers.complete
[ 2026-08-24 16:05:57,015 ] httpcore.http11 - DEBUG - send_request_body.started request=<Request [b'GET']>
[ 2026-08-24 16:05:57,015 ] httpcore.http11 - DEBUG - send_request_body.complete
[ 2026-08-24 16:05:57,015 ] httpcore.http11 - DEBUG - receive_response_headers.started request=<Request [b'GET']>
[ 2026-08-24 16:05:57,584 ] httpcore.http11 - DEBUG - receive_response_headers.complete return_value=(b'HTTP/1.1', 404, b'Not Found', [(b'Content-Type', b'application/json; charset=utf-8'), (b'Content-Length', b'64'), (b'Connection', b'keep-alive'), (b'Date', b'Mon, 24 Aug 2026 08:05:57 GMT'), (b'ETag', b'W/"40-09f9IAqP13xarAhQxFS2W8rvRkM"'), (b'X-Powered-By', b'huggingface-moon'), (b'X-Request-Id', b'Root=1-6a8bfb65-248fdbb8232fc324735b08bc;488fcc5c-665d-4fc7-bc7d-abb8e5b9c67d'), (b'RateLimit', b'"api";r=495;t=99'), (b'RateLimit-Policy', b'"fixed window";"api";q=500;w=300'), (b'cross-origin-opener-policy', b'same-origin'), (b'Referrer-Policy', b'strict-origin-when-cross-origin'), (b'Access-Control-Max-Age', b'86400'), (b'Access-Control-Allow-Origin', b'https://huggingface.co'), (b'Vary', b'Origin'), (b'Access-Control-Expose-Headers', b'X-Repo-Commit,X-Request-Id,X-Error-Code,X-Error-Message,X-Total-Count,ETag,Link,Accept-Ranges,Content-Range,X-Linked-Size,X-Linked-ETag,X-Xet-Hash'), (b'X-Error-Code', b'EntryNotFound'), (b'X-Error-Message', b'additional_chat_templates does not exist on "main"'), (b'X-Cache', b'Error from cloudfront'), (b'Via', b'1.1 eb20e7a8d493ecd61b97c07c2941de64.cloudfront.net (CloudFront)'), (b'X-Amz-Cf-Pop', b'FRA56-P17'), (b'Alt-Svc', b'h3=":443"; ma=86400'), (b'X-Amz-Cf-Id', b'7VhAKGB624JDtRtyWKiITuqhGxj9bE6NZx7rG6plOL-D3myBEW1bJw==')])
[ 2026-08-24 16:05:57,585 ] httpx - INFO - HTTP Request: GET https://huggingface.co/api/models/BAAI/bge-large-zh-v1.5/tree/main/additional_chat_templates?recursive=false&expand=false "HTTP/1.1 404 Not Found"
[ 2026-08-24 16:05:57,585 ] httpcore.http11 - DEBUG - receive_response_body.started request=<Request [b'GET']>
[ 2026-08-24 16:05:57,585 ] httpcore.http11 - DEBUG - receive_response_body.complete
[ 2026-08-24 16:05:57,585 ] httpcore.http11 - DEBUG - response_closed.started
[ 2026-08-24 16:05:57,585 ] httpcore.http11 - DEBUG - response_closed.complete
[ 2026-08-24 16:05:57,587 ] httpcore.http11 - DEBUG - send_request_headers.started request=<Request [b'GET']>
[ 2026-08-24 16:05:57,587 ] httpcore.http11 - DEBUG - send_request_headers.complete
[ 2026-08-24 16:05:57,588 ] httpcore.http11 - DEBUG - send_request_body.started request=<Request [b'GET']>
[ 2026-08-24 16:05:57,588 ] httpcore.http11 - DEBUG - send_request_body.complete
[ 2026-08-24 16:05:57,588 ] httpcore.http11 - DEBUG - receive_response_headers.started request=<Request [b'GET']>
[ 2026-08-24 16:05:57,849 ] httpcore.http11 - DEBUG - receive_response_headers.complete return_value=(b'HTTP/1.1', 200, b'OK', [(b'Content-Type', b'application/json; charset=utf-8'), (b'Transfer-Encoding', b'chunked'), (b'Connection', b'keep-alive'), (b'Date', b'Mon, 24 Aug 2026 08:05:57 GMT'), (b'content-encoding', b'gzip'), (b'ETag', b'W/"60e-4HTeqdg1nbgKNpZ8eK9G2cU1aXs"'), (b'X-Powered-By', b'huggingface-moon'), (b'X-Request-Id', b'Root=1-6a8bfb65-2c0cfc5f2cba256c4c5a2b77;5ee10848-e5e0-466f-bdc3-7ea25909f77f'), (b'RateLimit', b'"api";r=494;t=99'), (b'RateLimit-Policy', b'"fixed window";"api";q=500;w=300'), (b'cross-origin-opener-policy', b'same-origin'), (b'Referrer-Policy', b'strict-origin-when-cross-origin'), (b'Access-Control-Max-Age', b'86400'), (b'Access-Control-Allow-Origin', b'https://huggingface.co'), (b'Vary', b'Origin'), (b'vary', b'Accept-Encoding'), (b'Access-Control-Expose-Headers', b'X-Repo-Commit,X-Request-Id,X-Error-Code,X-Error-Message,X-Total-Count,ETag,Link,Accept-Ranges,Content-Range,X-Linked-Size,X-Linked-ETag,X-Xet-Hash'), (b'X-Cache', b'Miss from cloudfront'), (b'Via', b'1.1 eb20e7a8d493ecd61b97c07c2941de64.cloudfront.net (CloudFront)'), (b'X-Amz-Cf-Pop', b'FRA56-P17'), (b'Alt-Svc', b'h3=":443"; ma=86400'), (b'X-Amz-Cf-Id', b'VUX4HzbFax0gwkqp8D2iFyyj__7TPMbNQ15uw4w6ttGyJ2FxQgBACA==')])
[ 2026-08-24 16:05:57,850 ] httpx - INFO - HTTP Request: GET https://huggingface.co/api/models/BAAI/bge-large-zh-v1.5/tree/main?recursive=true&expand=false "HTTP/1.1 200 OK"
[ 2026-08-24 16:05:57,850 ] httpcore.http11 - DEBUG - receive_response_body.started request=<Request [b'GET']>
[ 2026-08-24 16:05:57,850 ] httpcore.http11 - DEBUG - receive_response_body.complete
[ 2026-08-24 16:05:57,851 ] httpcore.http11 - DEBUG - response_closed.started
[ 2026-08-24 16:05:57,851 ] httpcore.http11 - DEBUG - response_closed.complete
[ 2026-08-24 16:05:57,882 ] sentence_transformers.base.modules.transformer - DEBUG - Active modality config: {'text': {'method': 'forward', 'method_output_name': 'last_hidden_state'}}
[ 2026-08-24 16:05:57,884 ] httpcore.http11 - DEBUG - send_request_headers.started request=<Request [b'HEAD']>
[ 2026-08-24 16:05:57,884 ] httpcore.http11 - DEBUG - send_request_headers.complete
[ 2026-08-24 16:05:57,884 ] httpcore.http11 - DEBUG - send_request_body.started request=<Request [b'HEAD']>
[ 2026-08-24 16:05:57,884 ] httpcore.http11 - DEBUG - send_request_body.complete
[ 2026-08-24 16:05:57,884 ] httpcore.http11 - DEBUG - receive_response_headers.started request=<Request [b'HEAD']>
[ 2026-08-24 16:05:58,152 ] httpcore.http11 - DEBUG - receive_response_headers.complete return_value=(b'HTTP/1.1', 307, b'Temporary Redirect', [(b'Content-Type', b'text/plain; charset=utf-8'), (b'Content-Length', b'272'), (b'Connection', b'keep-alive'), (b'Date', b'Mon, 24 Aug 2026 08:05:58 GMT'), (b'Location', b'/api/resolve-cache/models/BAAI/bge-large-zh-v1.5/79e7739b6ab944e86d6171e44d24c997fc1e0116/1_Pooling%2Fconfig.json?%2FBAAI%2Fbge-large-zh-v1.5%2Fresolve%2Fmain%2F1_Pooling%2Fconfig.json=&etag=%229bd85925f325e25246d94c4918dc02ab98f2a1b7%22'), (b'X-Powered-By', b'huggingface-moon'), (b'X-Request-Id', b'Root=1-6a8bfb66-7f6954a33ab86ad1557256aa;d37c49f2-8b46-479d-9f7d-d72941a26c0b'), (b'RateLimit', b'"resolvers";r=2981;t=98'), (b'RateLimit-Policy', b'"fixed window";"resolvers";q=3000;w=300'), (b'cross-origin-opener-policy', b'same-origin'), (b'Referrer-Policy', b'strict-origin-when-cross-origin'), (b'Access-Control-Max-Age', b'86400'), (b'Access-Control-Allow-Origin', b'https://huggingface.co'), (b'Vary', b'Origin, Accept'), (b'Access-Control-Expose-Headers', b'X-Repo-Commit,X-Request-Id,X-Error-Code,X-Error-Message,X-Total-Count,ETag,Link,Accept-Ranges,Content-Range,X-Linked-Size,X-Linked-ETag,X-Xet-Hash'), (b'X-Repo-Commit', b'79e7739b6ab944e86d6171e44d24c997fc1e0116'), (b'Accept-Ranges', b'bytes'), (b'X-Hub-Cache', b'MISS'), (b'Content-Disposition', b'inline; filename*=UTF-8\'\'config.json; filename="config.json";'), (b'Content-Security-Policy', b"default-src 'none'; sandbox"), (b'X-Linked-ETag', b'"9bd85925f325e25246d94c4918dc02ab98f2a1b7"'), (b'X-Cache', b'Miss from cloudfront'), (b'Via', b'1.1 eb20e7a8d493ecd61b97c07c2941de64.cloudfront.net (CloudFront)'), (b'X-Amz-Cf-Pop', b'FRA56-P17'), (b'Alt-Svc', b'h3=":443"; ma=86400'), (b'X-Amz-Cf-Id', b'lPix28AYshBUfh-AwTMaPfjtwDrW07tJfbLX3gJSuR0xQ3VGxdvuCw==')])
[ 2026-08-24 16:05:58,152 ] httpx - INFO - HTTP Request: HEAD https://huggingface.co/BAAI/bge-large-zh-v1.5/resolve/main/1_Pooling/config.json "HTTP/1.1 307 Temporary Redirect"
[ 2026-08-24 16:05:58,153 ] httpcore.http11 - DEBUG - receive_response_body.started request=<Request [b'HEAD']>
[ 2026-08-24 16:05:58,153 ] httpcore.http11 - DEBUG - receive_response_body.complete
[ 2026-08-24 16:05:58,153 ] httpcore.http11 - DEBUG - response_closed.started
[ 2026-08-24 16:05:58,153 ] httpcore.http11 - DEBUG - response_closed.complete
[ 2026-08-24 16:05:58,155 ] httpcore.http11 - DEBUG - send_request_headers.started request=<Request [b'HEAD']>
[ 2026-08-24 16:05:58,155 ] httpcore.http11 - DEBUG - send_request_headers.complete
[ 2026-08-24 16:05:58,156 ] httpcore.http11 - DEBUG - send_request_body.started request=<Request [b'HEAD']>
[ 2026-08-24 16:05:58,156 ] httpcore.http11 - DEBUG - send_request_body.complete
[ 2026-08-24 16:05:58,156 ] httpcore.http11 - DEBUG - receive_response_headers.started request=<Request [b'HEAD']>
[ 2026-08-24 16:05:58,308 ] httpcore.http11 - DEBUG - receive_response_headers.complete return_value=(b'HTTP/1.1', 200, b'OK', [(b'Content-Type', b'text/plain; charset=utf-8'), (b'Content-Length', b'191'), (b'Connection', b'keep-alive'), (b'Date', b'Fri, 17 Jul 2026 09:06:54 GMT'), (b'ETag', b'"9bd85925f325e25246d94c4918dc02ab98f2a1b7"'), (b'X-Powered-By', b'huggingface-moon'), (b'X-Request-Id', b'Root=1-6a59f0ae-70c0c6ba248d48e874c5894b;ecfe3705-3aa0-4dbb-9a7d-f9d7b359dbe5'), (b'RateLimit', b'"resolvers";r=2968;t=154'), (b'RateLimit-Policy', b'"fixed window";"resolvers";q=3000;w=300'), (b'cross-origin-opener-policy', b'same-origin'), (b'Referrer-Policy', b'strict-origin-when-cross-origin'), (b'Access-Control-Max-Age', b'86400'), (b'Access-Control-Allow-Origin', b'https://huggingface.co'), (b'Access-Control-Expose-Headers', b'X-Repo-Commit,X-Request-Id,X-Error-Code,X-Error-Message,X-Total-Count,ETag,Link,Accept-Ranges,Content-Range,X-Linked-Size,X-Linked-ETag,X-Xet-Hash'), (b'X-Repo-Commit', b'79e7739b6ab944e86d6171e44d24c997fc1e0116'), (b'Accept-Ranges', b'bytes'), (b'X-Hub-Cache', b'HIT'), (b'Content-Disposition', b'inline; filename*=UTF-8\'\'config.json; filename="config.json";'), (b'Content-Security-Policy', b"default-src 'none'; sandbox"), (b'Vary', b'Origin'), (b'X-Cache', b'Hit from cloudfront'), (b'Via', b'1.1 eb20e7a8d493ecd61b97c07c2941de64.cloudfront.net (CloudFront)'), (b'X-Amz-Cf-Pop', b'FRA56-P17'), (b'Alt-Svc', b'h3=":443"; ma=86400'), (b'X-Amz-Cf-Id', b'bpJBJ7iCL-EqrEsjXFZtWnF8TYvB5VOLnmhW87rWN8rxdMYPPeD1gw=='), (b'Age', b'3279544')])
[ 2026-08-24 16:05:58,309 ] httpx - INFO - HTTP Request: HEAD https://huggingface.co/api/resolve-cache/models/BAAI/bge-large-zh-v1.5/79e7739b6ab944e86d6171e44d24c997fc1e0116/1_Pooling%2Fconfig.json "HTTP/1.1 200 OK"
[ 2026-08-24 16:05:58,309 ] httpcore.http11 - DEBUG - receive_response_body.started request=<Request [b'HEAD']>
[ 2026-08-24 16:05:58,309 ] httpcore.http11 - DEBUG - receive_response_body.complete
[ 2026-08-24 16:05:58,309 ] httpcore.http11 - DEBUG - response_closed.started
[ 2026-08-24 16:05:58,309 ] httpcore.http11 - DEBUG - response_closed.complete
[ 2026-08-24 16:05:58,311 ] httpcore.http11 - DEBUG - send_request_headers.started request=<Request [b'HEAD']>
[ 2026-08-24 16:05:58,311 ] httpcore.http11 - DEBUG - send_request_headers.complete
[ 2026-08-24 16:05:58,311 ] httpcore.http11 - DEBUG - send_request_body.started request=<Request [b'HEAD']>
[ 2026-08-24 16:05:58,311 ] httpcore.http11 - DEBUG - send_request_body.complete
[ 2026-08-24 16:05:58,311 ] httpcore.http11 - DEBUG - receive_response_headers.started request=<Request [b'HEAD']>
[ 2026-08-24 16:05:58,881 ] httpcore.http11 - DEBUG - receive_response_headers.complete return_value=(b'HTTP/1.1', 404, b'Not Found', [(b'Content-Type', b'text/plain; charset=utf-8'), (b'Content-Length', b'15'), (b'Connection', b'keep-alive'), (b'Date', b'Mon, 24 Aug 2026 08:05:58 GMT'), (b'ETag', b'W/"f-mY2VvLxuxB7KhsoOdQTlMTccuAQ"'), (b'X-Powered-By', b'huggingface-moon'), (b'X-Request-Id', b'Root=1-6a8bfb66-6de0245f2dae29a769abb135;6d1aba6b-dd0e-4a37-9409-51b5b3da8d04'), (b'RateLimit', b'"resolvers";r=2980;t=98'), (b'RateLimit-Policy', b'"fixed window";"resolvers";q=3000;w=300'), (b'cross-origin-opener-policy', b'same-origin'), (b'Referrer-Policy', b'strict-origin-when-cross-origin'), (b'Access-Control-Max-Age', b'86400'), (b'Access-Control-Allow-Origin', b'https://huggingface.co'), (b'Vary', b'Origin'), (b'Access-Control-Expose-Headers', b'X-Repo-Commit,X-Request-Id,X-Error-Code,X-Error-Message,X-Total-Count,ETag,Link,Accept-Ranges,Content-Range,X-Linked-Size,X-Linked-ETag,X-Xet-Hash'), (b'X-Repo-Commit', b'79e7739b6ab944e86d6171e44d24c997fc1e0116'), (b'Accept-Ranges', b'bytes'), (b'X-HF-Warning', b'unauthenticated; Warning: You are sending unauthenticated requests to the HF Hub. Please set a HF_TOKEN to enable higher rate limits and faster downloads.'), (b'X-Hub-Cache', b'MISS'), (b'X-Error-Code', b'EntryNotFound'), (b'X-Error-Message', b'Entry not found'), (b'X-Cache', b'Error from cloudfront'), (b'Via', b'1.1 eb20e7a8d493ecd61b97c07c2941de64.cloudfront.net (CloudFront)'), (b'X-Amz-Cf-Pop', b'FRA56-P17'), (b'Alt-Svc', b'h3=":443"; ma=86400'), (b'X-Amz-Cf-Id', b'7bMdXfrCIzVJ-B9AsE1iXbwejhL2cZXFC3re9COuu7XRS3YRFSHgMg==')])
[ 2026-08-24 16:05:58,882 ] httpx - INFO - HTTP Request: HEAD https://huggingface.co/BAAI/bge-large-zh-v1.5/resolve/main/2_Normalize/config.json "HTTP/1.1 404 Not Found"
[ 2026-08-24 16:05:58,882 ] httpcore.http11 - DEBUG - receive_response_body.started request=<Request [b'HEAD']>
[ 2026-08-24 16:05:58,882 ] httpcore.http11 - DEBUG - receive_response_body.complete
[ 2026-08-24 16:05:58,882 ] httpcore.http11 - DEBUG - response_closed.started
[ 2026-08-24 16:05:58,882 ] httpcore.http11 - DEBUG - response_closed.complete
[ 2026-08-24 16:05:58,884 ] sentence_transformers.util.file_io - DEBUG - Could not load 'config.json' from 'BAAI/bge-large-zh-v1.5': 404 Client Error. (Request ID: Root=1-6a8bfb66-6de0245f2dae29a769abb135;6d1aba6b-dd0e-4a37-9409-51b5b3da8d04)

Entry Not Found for url: https://huggingface.co/BAAI/bge-large-zh-v1.5/resolve/main/2_Normalize/config.json.
[ 2026-08-24 16:05:58,886 ] httpcore.http11 - DEBUG - send_request_headers.started request=<Request [b'GET']>
[ 2026-08-24 16:05:58,887 ] httpcore.http11 - DEBUG - send_request_headers.complete
[ 2026-08-24 16:05:58,887 ] httpcore.http11 - DEBUG - send_request_body.started request=<Request [b'GET']>
[ 2026-08-24 16:05:58,888 ] httpcore.http11 - DEBUG - send_request_body.complete
[ 2026-08-24 16:05:58,888 ] httpcore.http11 - DEBUG - receive_response_headers.started request=<Request [b'GET']>
[ 2026-08-24 16:05:59,151 ] httpcore.http11 - DEBUG - receive_response_headers.complete return_value=(b'HTTP/1.1', 200, b'OK', [(b'Content-Type', b'application/json; charset=utf-8'), (b'Transfer-Encoding', b'chunked'), (b'Connection', b'keep-alive'), (b'Date', b'Mon, 24 Aug 2026 08:05:59 GMT'), (b'content-encoding', b'gzip'), (b'ETag', b'W/"1087-S+6DM8GSN3MHuNw6xUPojlZRyGk"'), (b'X-Powered-By', b'huggingface-moon'), (b'X-Request-Id', b'Root=1-6a8bfb67-7e754e921fa9e2a83c24908b;9e6db3cc-b213-4b9b-8d34-a5267484074f'), (b'RateLimit', b'"api";r=493;t=97'), (b'RateLimit-Policy', b'"fixed window";"api";q=500;w=300'), (b'cross-origin-opener-policy', b'same-origin'), (b'Referrer-Policy', b'strict-origin-when-cross-origin'), (b'Access-Control-Max-Age', b'86400'), (b'Access-Control-Allow-Origin', b'https://huggingface.co'), (b'Vary', b'Origin'), (b'vary', b'Accept-Encoding'), (b'Access-Control-Expose-Headers', b'X-Repo-Commit,X-Request-Id,X-Error-Code,X-Error-Message,X-Total-Count,ETag,Link,Accept-Ranges,Content-Range,X-Linked-Size,X-Linked-ETag,X-Xet-Hash'), (b'X-Cache', b'Miss from cloudfront'), (b'Via', b'1.1 eb20e7a8d493ecd61b97c07c2941de64.cloudfront.net (CloudFront)'), (b'X-Amz-Cf-Pop', b'FRA56-P17'), (b'Alt-Svc', b'h3=":443"; ma=86400'), (b'X-Amz-Cf-Id', b'kkqwUTRAkLN_sGtQiUN1pybn_B29iVtbbO9kLxK6Ls7pi68yWuYBtQ==')])
[ 2026-08-24 16:05:59,151 ] httpx - INFO - HTTP Request: GET https://huggingface.co/api/models/BAAI/bge-large-zh-v1.5 "HTTP/1.1 200 OK"
[ 2026-08-24 16:05:59,151 ] httpcore.http11 - DEBUG - receive_response_body.started request=<Request [b'GET']>
[ 2026-08-24 16:05:59,151 ] httpcore.http11 - DEBUG - receive_response_body.complete
[ 2026-08-24 16:05:59,151 ] httpcore.http11 - DEBUG - response_closed.started
[ 2026-08-24 16:05:59,151 ] httpcore.http11 - DEBUG - response_closed.complete
[ 2026-08-24 16:06:00,516 ] httpcore.http11 - DEBUG - send_request_headers.started request=<Request [b'HEAD']>
[ 2026-08-24 16:06:00,516 ] httpcore.http11 - DEBUG - send_request_headers.complete
[ 2026-08-24 16:06:00,516 ] httpcore.http11 - DEBUG - send_request_body.started request=<Request [b'HEAD']>
[ 2026-08-24 16:06:00,516 ] httpcore.http11 - DEBUG - send_request_body.complete
[ 2026-08-24 16:06:00,516 ] httpcore.http11 - DEBUG - receive_response_headers.started request=<Request [b'HEAD']>
[ 2026-08-24 16:06:01,087 ] httpcore.http11 - DEBUG - receive_response_headers.complete return_value=(b'HTTP/1.1', 307, b'Temporary Redirect', [(b'Content-Type', b'text/plain; charset=utf-8'), (b'Content-Length', b'250'), (b'Connection', b'keep-alive'), (b'Date', b'Mon, 24 Aug 2026 08:06:00 GMT'), (b'Location', b'/api/resolve-cache/models/BAAI/bge-large-zh-v1.5/79e7739b6ab944e86d6171e44d24c997fc1e0116/modules.json?%2FBAAI%2Fbge-large-zh-v1.5%2Fresolve%2Fmain%2Fmodules.json=&etag=%22952a9b81c0bfd99800fabf352f69c7ccd46c5e43%22'), (b'X-Powered-By', b'huggingface-moon'), (b'X-Request-Id', b'Root=1-6a8bfb68-7ccd556824e67a207b0cc3d8;a7b9b16f-35c7-4edd-8123-e56093755261'), (b'RateLimit', b'"resolvers";r=2979;t=96'), (b'RateLimit-Policy', b'"fixed window";"resolvers";q=3000;w=300'), (b'cross-origin-opener-policy', b'same-origin'), (b'Referrer-Policy', b'strict-origin-when-cross-origin'), (b'Access-Control-Max-Age', b'86400'), (b'Access-Control-Allow-Origin', b'https://huggingface.co'), (b'Vary', b'Origin, Accept'), (b'Access-Control-Expose-Headers', b'X-Repo-Commit,X-Request-Id,X-Error-Code,X-Error-Message,X-Total-Count,ETag,Link,Accept-Ranges,Content-Range,X-Linked-Size,X-Linked-ETag,X-Xet-Hash'), (b'X-Repo-Commit', b'79e7739b6ab944e86d6171e44d24c997fc1e0116'), (b'Accept-Ranges', b'bytes'), (b'X-HF-Warning', b'unauthenticated; Warning: You are sending unauthenticated requests to the HF Hub. Please set a HF_TOKEN to enable higher rate limits and faster downloads.'), (b'X-Hub-Cache', b'HIT'), (b'Content-Disposition', b'inline; filename*=UTF-8\'\'modules.json; filename="modules.json";'), (b'Content-Security-Policy', b"default-src 'none'; sandbox"), (b'X-Linked-ETag', b'"952a9b81c0bfd99800fabf352f69c7ccd46c5e43"'), (b'X-Cache', b'Miss from cloudfront'), (b'Via', b'1.1 eb20e7a8d493ecd61b97c07c2941de64.cloudfront.net (CloudFront)'), (b'X-Amz-Cf-Pop', b'FRA56-P17'), (b'Alt-Svc', b'h3=":443"; ma=86400'), (b'X-Amz-Cf-Id', b'oLnc8alqoNpET-6KdNUN9mjKdIBsciqAGC-f2-wDZIom1lYmggbXkg==')])
[ 2026-08-24 16:06:01,088 ] httpx - INFO - HTTP Request: HEAD https://huggingface.co/BAAI/bge-large-zh-v1.5/resolve/main/modules.json "HTTP/1.1 307 Temporary Redirect"
[ 2026-08-24 16:06:01,089 ] httpcore.http11 - DEBUG - receive_response_body.started request=<Request [b'HEAD']>
[ 2026-08-24 16:06:01,089 ] httpcore.http11 - DEBUG - receive_response_body.complete
[ 2026-08-24 16:06:01,089 ] httpcore.http11 - DEBUG - response_closed.started
[ 2026-08-24 16:06:01,089 ] httpcore.http11 - DEBUG - response_closed.complete
[ 2026-08-24 16:06:01,090 ] httpcore.http11 - DEBUG - send_request_headers.started request=<Request [b'HEAD']>
[ 2026-08-24 16:06:01,091 ] httpcore.http11 - DEBUG - send_request_headers.complete
[ 2026-08-24 16:06:01,091 ] httpcore.http11 - DEBUG - send_request_body.started request=<Request [b'HEAD']>
[ 2026-08-24 16:06:01,091 ] httpcore.http11 - DEBUG - send_request_body.complete
[ 2026-08-24 16:06:01,091 ] httpcore.http11 - DEBUG - receive_response_headers.started request=<Request [b'HEAD']>
[ 2026-08-24 16:06:01,255 ] httpcore.http11 - DEBUG - receive_response_headers.complete return_value=(b'HTTP/1.1', 200, b'OK', [(b'Content-Type', b'text/plain; charset=utf-8'), (b'Content-Length', b'349'), (b'Connection', b'keep-alive'), (b'Date', b'Fri, 10 Jul 2026 00:53:28 GMT'), (b'ETag', b'"952a9b81c0bfd99800fabf352f69c7ccd46c5e43"'), (b'X-Powered-By', b'huggingface-moon'), (b'X-Request-Id', b'Root=1-6a504288-223c81c14e7dec45053907bc;9b2d33cc-6a62-486f-b537-e61c4bea1197'), (b'RateLimit', b'"resolvers";r=2965;t=296'), (b'RateLimit-Policy', b'"fixed window";"resolvers";q=3000;w=300'), (b'cross-origin-opener-policy', b'same-origin'), (b'Referrer-Policy', b'strict-origin-when-cross-origin'), (b'Access-Control-Max-Age', b'86400'), (b'Access-Control-Allow-Origin', b'https://huggingface.co'), (b'Access-Control-Expose-Headers', b'X-Repo-Commit,X-Request-Id,X-Error-Code,X-Error-Message,X-Total-Count,ETag,Link,Accept-Ranges,Content-Range,X-Linked-Size,X-Linked-ETag,X-Xet-Hash'), (b'X-Repo-Commit', b'79e7739b6ab944e86d6171e44d24c997fc1e0116'), (b'Accept-Ranges', b'bytes'), (b'X-Hub-Cache', b'MISS'), (b'Content-Disposition', b'inline; filename*=UTF-8\'\'modules.json; filename="modules.json";'), (b'Content-Security-Policy', b"default-src 'none'; sandbox"), (b'Vary', b'Origin'), (b'X-Cache', b'Hit from cloudfront'), (b'Via', b'1.1 eb20e7a8d493ecd61b97c07c2941de64.cloudfront.net (CloudFront)'), (b'X-Amz-Cf-Pop', b'FRA56-P17'), (b'Alt-Svc', b'h3=":443"; ma=86400'), (b'X-Amz-Cf-Id', b'6qsuKEzytqjCvbF1LhRB2_SRyGU320AxWC83tpNbM9lEuTyJfIaqiQ=='), (b'Age', b'3913953')])
[ 2026-08-24 16:06:01,255 ] httpx - INFO - HTTP Request: HEAD https://huggingface.co/api/resolve-cache/models/BAAI/bge-large-zh-v1.5/79e7739b6ab944e86d6171e44d24c997fc1e0116/modules.json "HTTP/1.1 200 OK"
[ 2026-08-24 16:06:01,256 ] httpcore.http11 - DEBUG - receive_response_body.started request=<Request [b'HEAD']>
[ 2026-08-24 16:06:01,256 ] httpcore.http11 - DEBUG - receive_response_body.complete
[ 2026-08-24 16:06:01,256 ] httpcore.http11 - DEBUG - response_closed.started
[ 2026-08-24 16:06:01,256 ] httpcore.http11 - DEBUG - response_closed.complete
[ 2026-08-24 16:06:01,261 ] httpcore.http11 - DEBUG - send_request_headers.started request=<Request [b'HEAD']>
[ 2026-08-24 16:06:01,262 ] httpcore.http11 - DEBUG - send_request_headers.complete
[ 2026-08-24 16:06:01,262 ] httpcore.http11 - DEBUG - send_request_body.started request=<Request [b'HEAD']>
[ 2026-08-24 16:06:01,262 ] httpcore.http11 - DEBUG - send_request_body.complete
[ 2026-08-24 16:06:01,263 ] httpcore.http11 - DEBUG - receive_response_headers.started request=<Request [b'HEAD']>
[ 2026-08-24 16:06:01,573 ] httpcore.http11 - DEBUG - receive_response_headers.complete return_value=(b'HTTP/1.1', 307, b'Temporary Redirect', [(b'Content-Type', b'text/plain; charset=utf-8'), (b'Content-Length', b'292'), (b'Connection', b'keep-alive'), (b'Date', b'Mon, 24 Aug 2026 08:06:01 GMT'), (b'Location', b'/api/resolve-cache/models/BAAI/bge-large-zh-v1.5/79e7739b6ab944e86d6171e44d24c997fc1e0116/config_sentence_transformers.json?%2FBAAI%2Fbge-large-zh-v1.5%2Fresolve%2Fmain%2Fconfig_sentence_transformers.json=&etag=%22dcb0c0d97d09b930d13600b1a773ddb27e441aab%22'), (b'X-Powered-By', b'huggingface-moon'), (b'X-Request-Id', b'Root=1-6a8bfb69-4b4715343ac2f10171ff30db;eeae9e04-9549-496b-aa4a-d221f4b5278f'), (b'RateLimit', b'"resolvers";r=2978;t=95'), (b'RateLimit-Policy', b'"fixed window";"resolvers";q=3000;w=300'), (b'cross-origin-opener-policy', b'same-origin'), (b'Referrer-Policy', b'strict-origin-when-cross-origin'), (b'Access-Control-Max-Age', b'86400'), (b'Access-Control-Allow-Origin', b'https://huggingface.co'), (b'Vary', b'Origin, Accept'), (b'Access-Control-Expose-Headers', b'X-Repo-Commit,X-Request-Id,X-Error-Code,X-Error-Message,X-Total-Count,ETag,Link,Accept-Ranges,Content-Range,X-Linked-Size,X-Linked-ETag,X-Xet-Hash'), (b'X-Repo-Commit', b'79e7739b6ab944e86d6171e44d24c997fc1e0116'), (b'Accept-Ranges', b'bytes'), (b'X-HF-Warning', b'unauthenticated; Warning: You are sending unauthenticated requests to the HF Hub. Please set a HF_TOKEN to enable higher rate limits and faster downloads.'), (b'X-Hub-Cache', b'HIT'), (b'Content-Disposition', b'inline; filename*=UTF-8\'\'config_sentence_transformers.json; filename="config_sentence_transformers.json";'), (b'Content-Security-Policy', b"default-src 'none'; sandbox"), (b'X-Linked-ETag', b'"dcb0c0d97d09b930d13600b1a773ddb27e441aab"'), (b'X-Cache', b'Miss from cloudfront'), (b'Via', b'1.1 eb20e7a8d493ecd61b97c07c2941de64.cloudfront.net (CloudFront)'), (b'X-Amz-Cf-Pop', b'FRA56-P17'), (b'Alt-Svc', b'h3=":443"; ma=86400'), (b'X-Amz-Cf-Id', b'GBFhjj4Ii5XC1RCTyYhw1xM0CcFCxNUZ4lGPTYPS3-SHaHza4nUzdA==')])
[ 2026-08-24 16:06:01,573 ] httpx - INFO - HTTP Request: HEAD https://huggingface.co/BAAI/bge-large-zh-v1.5/resolve/main/config_sentence_transformers.json "HTTP/1.1 307 Temporary Redirect"
[ 2026-08-24 16:06:01,573 ] httpcore.http11 - DEBUG - receive_response_body.started request=<Request [b'HEAD']>
[ 2026-08-24 16:06:01,573 ] httpcore.http11 - DEBUG - receive_response_body.complete
[ 2026-08-24 16:06:01,575 ] httpcore.http11 - DEBUG - response_closed.started
[ 2026-08-24 16:06:01,575 ] httpcore.http11 - DEBUG - response_closed.complete
[ 2026-08-24 16:06:01,575 ] httpcore.http11 - DEBUG - send_request_headers.started request=<Request [b'HEAD']>
[ 2026-08-24 16:06:01,576 ] httpcore.http11 - DEBUG - send_request_headers.complete
[ 2026-08-24 16:06:01,576 ] httpcore.http11 - DEBUG - send_request_body.started request=<Request [b'HEAD']>
[ 2026-08-24 16:06:01,576 ] httpcore.http11 - DEBUG - send_request_body.complete
[ 2026-08-24 16:06:01,576 ] httpcore.http11 - DEBUG - receive_response_headers.started request=<Request [b'HEAD']>
[ 2026-08-24 16:06:01,736 ] httpcore.http11 - DEBUG - receive_response_headers.complete return_value=(b'HTTP/1.1', 200, b'OK', [(b'Content-Type', b'text/plain; charset=utf-8'), (b'Content-Length', b'124'), (b'Connection', b'keep-alive'), (b'Date', b'Thu, 09 Jul 2026 05:42:28 GMT'), (b'ETag', b'"dcb0c0d97d09b930d13600b1a773ddb27e441aab"'), (b'X-Powered-By', b'huggingface-moon'), (b'X-Request-Id', b'Root=1-6a4f34c4-58aee01843c4aec11e288903;1d717f18-aa12-4285-826b-3f3b0ce22277'), (b'RateLimit', b'"resolvers";r=2997;t=280'), (b'RateLimit-Policy', b'"fixed window";"resolvers";q=3000;w=300'), (b'cross-origin-opener-policy', b'same-origin'), (b'Referrer-Policy', b'strict-origin-when-cross-origin'), (b'Access-Control-Max-Age', b'86400'), (b'Access-Control-Allow-Origin', b'https://huggingface.co'), (b'Access-Control-Expose-Headers', b'X-Repo-Commit,X-Request-Id,X-Error-Code,X-Error-Message,X-Total-Count,ETag,Link,Accept-Ranges,Content-Range,X-Linked-Size,X-Linked-ETag,X-Xet-Hash'), (b'X-Repo-Commit', b'79e7739b6ab944e86d6171e44d24c997fc1e0116'), (b'Accept-Ranges', b'bytes'), (b'X-Hub-Cache', b'HIT'), (b'Content-Disposition', b'inline; filename*=UTF-8\'\'config_sentence_transformers.json; filename="config_sentence_transformers.json";'), (b'Content-Security-Policy', b"default-src 'none'; sandbox"), (b'Vary', b'Origin'), (b'X-Cache', b'Hit from cloudfront'), (b'Via', b'1.1 eb20e7a8d493ecd61b97c07c2941de64.cloudfront.net (CloudFront)'), (b'X-Amz-Cf-Pop', b'FRA56-P17'), (b'Alt-Svc', b'h3=":443"; ma=86400'), (b'X-Amz-Cf-Id', b'fpHjQspzIN1T5NlM49O8wiMO1yGLXig3aeucWojcIsxQXxkxeYOybA=='), (b'Age', b'3983013')])
[ 2026-08-24 16:06:01,736 ] httpx - INFO - HTTP Request: HEAD https://huggingface.co/api/resolve-cache/models/BAAI/bge-large-zh-v1.5/79e7739b6ab944e86d6171e44d24c997fc1e0116/config_sentence_transformers.json "HTTP/1.1 200 OK"
[ 2026-08-24 16:06:01,736 ] httpcore.http11 - DEBUG - receive_response_body.started request=<Request [b'HEAD']>
[ 2026-08-24 16:06:01,736 ] httpcore.http11 - DEBUG - receive_response_body.complete
[ 2026-08-24 16:06:01,737 ] httpcore.http11 - DEBUG - response_closed.started
[ 2026-08-24 16:06:01,737 ] httpcore.http11 - DEBUG - response_closed.complete
[ 2026-08-24 16:06:01,738 ] sentence_transformers.base.model - INFO - Loading SentenceTransformer model from BAAI/bge-large-zh-v1.5.
[ 2026-08-24 16:06:01,741 ] httpcore.http11 - DEBUG - send_request_headers.started request=<Request [b'HEAD']>
[ 2026-08-24 16:06:01,742 ] httpcore.http11 - DEBUG - send_request_headers.complete
[ 2026-08-24 16:06:01,742 ] httpcore.http11 - DEBUG - send_request_body.started request=<Request [b'HEAD']>
[ 2026-08-24 16:06:01,742 ] httpcore.http11 - DEBUG - send_request_body.complete
[ 2026-08-24 16:06:01,742 ] httpcore.http11 - DEBUG - receive_response_headers.started request=<Request [b'HEAD']>
[ 2026-08-24 16:06:02,008 ] httpcore.http11 - DEBUG - receive_response_headers.complete return_value=(b'HTTP/1.1', 307, b'Temporary Redirect', [(b'Content-Type', b'text/plain; charset=utf-8'), (b'Content-Length', b'292'), (b'Connection', b'keep-alive'), (b'Date', b'Mon, 24 Aug 2026 08:06:01 GMT'), (b'Location', b'/api/resolve-cache/models/BAAI/bge-large-zh-v1.5/79e7739b6ab944e86d6171e44d24c997fc1e0116/config_sentence_transformers.json?%2FBAAI%2Fbge-large-zh-v1.5%2Fresolve%2Fmain%2Fconfig_sentence_transformers.json=&etag=%22dcb0c0d97d09b930d13600b1a773ddb27e441aab%22'), (b'X-Powered-By', b'huggingface-moon'), (b'X-Request-Id', b'Root=1-6a8bfb69-5da1678e345427600e649ba4;21c56b7f-6836-481a-baf1-f8be5e0804b8'), (b'RateLimit', b'"resolvers";r=2977;t=95'), (b'RateLimit-Policy', b'"fixed window";"resolvers";q=3000;w=300'), (b'cross-origin-opener-policy', b'same-origin'), (b'Referrer-Policy', b'strict-origin-when-cross-origin'), (b'Access-Control-Max-Age', b'86400'), (b'Access-Control-Allow-Origin', b'https://huggingface.co'), (b'Vary', b'Origin, Accept'), (b'Access-Control-Expose-Headers', b'X-Repo-Commit,X-Request-Id,X-Error-Code,X-Error-Message,X-Total-Count,ETag,Link,Accept-Ranges,Content-Range,X-Linked-Size,X-Linked-ETag,X-Xet-Hash'), (b'X-Repo-Commit', b'79e7739b6ab944e86d6171e44d24c997fc1e0116'), (b'Accept-Ranges', b'bytes'), (b'X-HF-Warning', b'unauthenticated; Warning: You are sending unauthenticated requests to the HF Hub. Please set a HF_TOKEN to enable higher rate limits and faster downloads.'), (b'X-Hub-Cache', b'HIT'), (b'Content-Disposition', b'inline; filename*=UTF-8\'\'config_sentence_transformers.json; filename="config_sentence_transformers.json";'), (b'Content-Security-Policy', b"default-src 'none'; sandbox"), (b'X-Linked-ETag', b'"dcb0c0d97d09b930d13600b1a773ddb27e441aab"'), (b'X-Cache', b'Miss from cloudfront'), (b'Via', b'1.1 eb20e7a8d493ecd61b97c07c2941de64.cloudfront.net (CloudFront)'), (b'X-Amz-Cf-Pop', b'FRA56-P17'), (b'Alt-Svc', b'h3=":443"; ma=86400'), (b'X-Amz-Cf-Id', b'rWfrfx458XLWue6nUgxKPWaQXvN41YHQGXGsOK1D1y9jYfB81uHj3g==')])
[ 2026-08-24 16:06:02,009 ] httpx - INFO - HTTP Request: HEAD https://huggingface.co/BAAI/bge-large-zh-v1.5/resolve/main/config_sentence_transformers.json "HTTP/1.1 307 Temporary Redirect"
[ 2026-08-24 16:06:02,010 ] httpcore.http11 - DEBUG - receive_response_body.started request=<Request [b'HEAD']>
[ 2026-08-24 16:06:02,010 ] httpcore.http11 - DEBUG - receive_response_body.complete
[ 2026-08-24 16:06:02,011 ] httpcore.http11 - DEBUG - response_closed.started
[ 2026-08-24 16:06:02,011 ] httpcore.http11 - DEBUG - response_closed.complete
[ 2026-08-24 16:06:02,012 ] httpcore.http11 - DEBUG - send_request_headers.started request=<Request [b'HEAD']>
[ 2026-08-24 16:06:02,012 ] httpcore.http11 - DEBUG - send_request_headers.complete
[ 2026-08-24 16:06:02,013 ] httpcore.http11 - DEBUG - send_request_body.started request=<Request [b'HEAD']>
[ 2026-08-24 16:06:02,013 ] httpcore.http11 - DEBUG - send_request_body.complete
[ 2026-08-24 16:06:02,013 ] httpcore.http11 - DEBUG - receive_response_headers.started request=<Request [b'HEAD']>
[ 2026-08-24 16:06:02,504 ] httpcore.http11 - DEBUG - receive_response_headers.complete return_value=(b'HTTP/1.1', 200, b'OK', [(b'Content-Type', b'text/plain; charset=utf-8'), (b'Content-Length', b'124'), (b'Connection', b'keep-alive'), (b'Date', b'Thu, 09 Jul 2026 05:42:28 GMT'), (b'ETag', b'"dcb0c0d97d09b930d13600b1a773ddb27e441aab"'), (b'X-Powered-By', b'huggingface-moon'), (b'X-Request-Id', b'Root=1-6a4f34c4-58aee01843c4aec11e288903;1d717f18-aa12-4285-826b-3f3b0ce22277'), (b'RateLimit', b'"resolvers";r=2997;t=280'), (b'RateLimit-Policy', b'"fixed window";"resolvers";q=3000;w=300'), (b'cross-origin-opener-policy', b'same-origin'), (b'Referrer-Policy', b'strict-origin-when-cross-origin'), (b'Access-Control-Max-Age', b'86400'), (b'Access-Control-Allow-Origin', b'https://huggingface.co'), (b'Access-Control-Expose-Headers', b'X-Repo-Commit,X-Request-Id,X-Error-Code,X-Error-Message,X-Total-Count,ETag,Link,Accept-Ranges,Content-Range,X-Linked-Size,X-Linked-ETag,X-Xet-Hash'), (b'X-Repo-Commit', b'79e7739b6ab944e86d6171e44d24c997fc1e0116'), (b'Accept-Ranges', b'bytes'), (b'X-Hub-Cache', b'HIT'), (b'Content-Disposition', b'inline; filename*=UTF-8\'\'config_sentence_transformers.json; filename="config_sentence_transformers.json";'), (b'Content-Security-Policy', b"default-src 'none'; sandbox"), (b'Vary', b'Origin'), (b'X-Cache', b'Hit from cloudfront'), (b'Via', b'1.1 eb20e7a8d493ecd61b97c07c2941de64.cloudfront.net (CloudFront)'), (b'X-Amz-Cf-Pop', b'FRA56-P17'), (b'Alt-Svc', b'h3=":443"; ma=86400'), (b'X-Amz-Cf-Id', b'LpfZY62LSmt6_QhUnGt11DEXOn0BCRORtuFumaTJ1hbVJCN29xvNjQ=='), (b'Age', b'3983014')])
[ 2026-08-24 16:06:02,505 ] httpx - INFO - HTTP Request: HEAD https://huggingface.co/api/resolve-cache/models/BAAI/bge-large-zh-v1.5/79e7739b6ab944e86d6171e44d24c997fc1e0116/config_sentence_transformers.json "HTTP/1.1 200 OK"
[ 2026-08-24 16:06:02,505 ] httpcore.http11 - DEBUG - receive_response_body.started request=<Request [b'HEAD']>
[ 2026-08-24 16:06:02,505 ] httpcore.http11 - DEBUG - receive_response_body.complete
[ 2026-08-24 16:06:02,505 ] httpcore.http11 - DEBUG - response_closed.started
[ 2026-08-24 16:06:02,505 ] httpcore.http11 - DEBUG - response_closed.complete
[ 2026-08-24 16:06:02,508 ] httpcore.http11 - DEBUG - send_request_headers.started request=<Request [b'HEAD']>
[ 2026-08-24 16:06:02,509 ] httpcore.http11 - DEBUG - send_request_headers.complete
[ 2026-08-24 16:06:02,509 ] httpcore.http11 - DEBUG - send_request_body.started request=<Request [b'HEAD']>
[ 2026-08-24 16:06:02,509 ] httpcore.http11 - DEBUG - send_request_body.complete
[ 2026-08-24 16:06:02,509 ] httpcore.http11 - DEBUG - receive_response_headers.started request=<Request [b'HEAD']>
[ 2026-08-24 16:06:02,777 ] httpcore.http11 - DEBUG - receive_response_headers.complete return_value=(b'HTTP/1.1', 307, b'Temporary Redirect', [(b'Content-Type', b'text/plain; charset=utf-8'), (b'Content-Length', b'244'), (b'Connection', b'keep-alive'), (b'Date', b'Mon, 24 Aug 2026 08:06:02 GMT'), (b'Location', b'/api/resolve-cache/models/BAAI/bge-large-zh-v1.5/79e7739b6ab944e86d6171e44d24c997fc1e0116/README.md?%2FBAAI%2Fbge-large-zh-v1.5%2Fresolve%2Fmain%2FREADME.md=&etag=%228ff328740d1166d0461691bb455cbe5047067f88%22'), (b'X-Powered-By', b'huggingface-moon'), (b'X-Request-Id', b'Root=1-6a8bfb6a-2ca1b5ba51ec65b55e3e0250;f7a2701b-f2e0-446c-bc7e-c211346bc231'), (b'RateLimit', b'"resolvers";r=2976;t=94'), (b'RateLimit-Policy', b'"fixed window";"resolvers";q=3000;w=300'), (b'cross-origin-opener-policy', b'same-origin'), (b'Referrer-Policy', b'strict-origin-when-cross-origin'), (b'Access-Control-Max-Age', b'86400'), (b'Access-Control-Allow-Origin', b'https://huggingface.co'), (b'Vary', b'Origin, Accept'), (b'Access-Control-Expose-Headers', b'X-Repo-Commit,X-Request-Id,X-Error-Code,X-Error-Message,X-Total-Count,ETag,Link,Accept-Ranges,Content-Range,X-Linked-Size,X-Linked-ETag,X-Xet-Hash'), (b'X-Repo-Commit', b'79e7739b6ab944e86d6171e44d24c997fc1e0116'), (b'Accept-Ranges', b'bytes'), (b'X-Hub-Cache', b'HIT'), (b'Content-Disposition', b'inline; filename*=UTF-8\'\'README.md; filename="README.md";'), (b'Content-Security-Policy', b"default-src 'none'; sandbox"), (b'X-Linked-ETag', b'"8ff328740d1166d0461691bb455cbe5047067f88"'), (b'X-Cache', b'Miss from cloudfront'), (b'Via', b'1.1 eb20e7a8d493ecd61b97c07c2941de64.cloudfront.net (CloudFront)'), (b'X-Amz-Cf-Pop', b'FRA56-P17'), (b'Alt-Svc', b'h3=":443"; ma=86400'), (b'X-Amz-Cf-Id', b'vegrYcRI3l3BPVYSFzDK7ghzw0_KE1BVX0MTtyfCrBcBmVsz4OKXRA==')])
[ 2026-08-24 16:06:02,778 ] httpx - INFO - HTTP Request: HEAD https://huggingface.co/BAAI/bge-large-zh-v1.5/resolve/main/README.md "HTTP/1.1 307 Temporary Redirect"
[ 2026-08-24 16:06:02,778 ] httpcore.http11 - DEBUG - receive_response_body.started request=<Request [b'HEAD']>
[ 2026-08-24 16:06:02,779 ] httpcore.http11 - DEBUG - receive_response_body.complete
[ 2026-08-24 16:06:02,779 ] httpcore.http11 - DEBUG - response_closed.started
[ 2026-08-24 16:06:02,779 ] httpcore.http11 - DEBUG - response_closed.complete
[ 2026-08-24 16:06:02,781 ] httpcore.http11 - DEBUG - send_request_headers.started request=<Request [b'HEAD']>
[ 2026-08-24 16:06:02,782 ] httpcore.http11 - DEBUG - send_request_headers.complete
[ 2026-08-24 16:06:02,783 ] httpcore.http11 - DEBUG - send_request_body.started request=<Request [b'HEAD']>
[ 2026-08-24 16:06:02,783 ] httpcore.http11 - DEBUG - send_request_body.complete
[ 2026-08-24 16:06:02,783 ] httpcore.http11 - DEBUG - receive_response_headers.started request=<Request [b'HEAD']>
[ 2026-08-24 16:06:02,939 ] httpcore.http11 - DEBUG - receive_response_headers.complete return_value=(b'HTTP/1.1', 200, b'OK', [(b'Content-Type', b'text/plain; charset=utf-8'), (b'Content-Length', b'30376'), (b'Connection', b'keep-alive'), (b'Date', b'Fri, 17 Jul 2026 09:06:49 GMT'), (b'ETag', b'"8ff328740d1166d0461691bb455cbe5047067f88"'), (b'X-Powered-By', b'huggingface-moon'), (b'X-Request-Id', b'Root=1-6a59f0a9-659079ca64a8ea194f9ae470;48d3cac4-9ce2-4230-bc35-82cc9575c8ef'), (b'RateLimit', b'"resolvers";r=2981;t=159'), (b'RateLimit-Policy', b'"fixed window";"resolvers";q=3000;w=300'), (b'cross-origin-opener-policy', b'same-origin'), (b'Referrer-Policy', b'strict-origin-when-cross-origin'), (b'Access-Control-Max-Age', b'86400'), (b'Access-Control-Allow-Origin', b'https://huggingface.co'), (b'Access-Control-Expose-Headers', b'X-Repo-Commit,X-Request-Id,X-Error-Code,X-Error-Message,X-Total-Count,ETag,Link,Accept-Ranges,Content-Range,X-Linked-Size,X-Linked-ETag,X-Xet-Hash'), (b'X-Repo-Commit', b'79e7739b6ab944e86d6171e44d24c997fc1e0116'), (b'Accept-Ranges', b'bytes'), (b'X-Hub-Cache', b'MISS'), (b'Content-Disposition', b'inline; filename*=UTF-8\'\'README.md; filename="README.md";'), (b'Content-Security-Policy', b"default-src 'none'; sandbox"), (b'Vary', b'Origin'), (b'X-Cache', b'Hit from cloudfront'), (b'Via', b'1.1 eb20e7a8d493ecd61b97c07c2941de64.cloudfront.net (CloudFront)'), (b'X-Amz-Cf-Pop', b'FRA56-P17'), (b'Alt-Svc', b'h3=":443"; ma=86400'), (b'X-Amz-Cf-Id', b'QPoYlkdWGvS9VOzyoP1r2yxWZfgQZcxCjTbXkqJV7viLNCevNSN2Tg=='), (b'Age', b'3279553')])
[ 2026-08-24 16:06:02,940 ] httpx - INFO - HTTP Request: HEAD https://huggingface.co/api/resolve-cache/models/BAAI/bge-large-zh-v1.5/79e7739b6ab944e86d6171e44d24c997fc1e0116/README.md "HTTP/1.1 200 OK"
[ 2026-08-24 16:06:02,940 ] httpcore.http11 - DEBUG - receive_response_body.started request=<Request [b'HEAD']>
[ 2026-08-24 16:06:02,940 ] httpcore.http11 - DEBUG - receive_response_body.complete
[ 2026-08-24 16:06:02,940 ] httpcore.http11 - DEBUG - response_closed.started
[ 2026-08-24 16:06:02,940 ] httpcore.http11 - DEBUG - response_closed.complete
[ 2026-08-24 16:06:02,944 ] httpcore.http11 - DEBUG - send_request_headers.started request=<Request [b'HEAD']>
[ 2026-08-24 16:06:02,944 ] httpcore.http11 - DEBUG - send_request_headers.complete
[ 2026-08-24 16:06:02,944 ] httpcore.http11 - DEBUG - send_request_body.started request=<Request [b'HEAD']>
[ 2026-08-24 16:06:02,945 ] httpcore.http11 - DEBUG - send_request_body.complete
[ 2026-08-24 16:06:02,945 ] httpcore.http11 - DEBUG - receive_response_headers.started request=<Request [b'HEAD']>
[ 2026-08-24 16:06:03,201 ] httpcore.http11 - DEBUG - receive_response_headers.complete return_value=(b'HTTP/1.1', 307, b'Temporary Redirect', [(b'Content-Type', b'text/plain; charset=utf-8'), (b'Content-Length', b'250'), (b'Connection', b'keep-alive'), (b'Date', b'Mon, 24 Aug 2026 08:06:03 GMT'), (b'Location', b'/api/resolve-cache/models/BAAI/bge-large-zh-v1.5/79e7739b6ab944e86d6171e44d24c997fc1e0116/modules.json?%2FBAAI%2Fbge-large-zh-v1.5%2Fresolve%2Fmain%2Fmodules.json=&etag=%22952a9b81c0bfd99800fabf352f69c7ccd46c5e43%22'), (b'X-Powered-By', b'huggingface-moon'), (b'X-Request-Id', b'Root=1-6a8bfb6b-4fd17eb31a5aeec658ccaebf;d2260582-b619-4259-a9ad-071c21469e1d'), (b'RateLimit', b'"resolvers";r=2975;t=93'), (b'RateLimit-Policy', b'"fixed window";"resolvers";q=3000;w=300'), (b'cross-origin-opener-policy', b'same-origin'), (b'Referrer-Policy', b'strict-origin-when-cross-origin'), (b'Access-Control-Max-Age', b'86400'), (b'Access-Control-Allow-Origin', b'https://huggingface.co'), (b'Vary', b'Origin, Accept'), (b'Access-Control-Expose-Headers', b'X-Repo-Commit,X-Request-Id,X-Error-Code,X-Error-Message,X-Total-Count,ETag,Link,Accept-Ranges,Content-Range,X-Linked-Size,X-Linked-ETag,X-Xet-Hash'), (b'X-Repo-Commit', b'79e7739b6ab944e86d6171e44d24c997fc1e0116'), (b'Accept-Ranges', b'bytes'), (b'X-HF-Warning', b'unauthenticated; Warning: You are sending unauthenticated requests to the HF Hub. Please set a HF_TOKEN to enable higher rate limits and faster downloads.'), (b'X-Hub-Cache', b'HIT'), (b'Content-Disposition', b'inline; filename*=UTF-8\'\'modules.json; filename="modules.json";'), (b'Content-Security-Policy', b"default-src 'none'; sandbox"), (b'X-Linked-ETag', b'"952a9b81c0bfd99800fabf352f69c7ccd46c5e43"'), (b'X-Cache', b'Miss from cloudfront'), (b'Via', b'1.1 eb20e7a8d493ecd61b97c07c2941de64.cloudfront.net (CloudFront)'), (b'X-Amz-Cf-Pop', b'FRA56-P17'), (b'Alt-Svc', b'h3=":443"; ma=86400'), (b'X-Amz-Cf-Id', b'VryUa0iR66INBseks3B6JLHgKvLoE-aQdafgM0jrWJTh6cN-OgqInw==')])
[ 2026-08-24 16:06:03,201 ] httpx - INFO - HTTP Request: HEAD https://huggingface.co/BAAI/bge-large-zh-v1.5/resolve/main/modules.json "HTTP/1.1 307 Temporary Redirect"
[ 2026-08-24 16:06:03,202 ] httpcore.http11 - DEBUG - receive_response_body.started request=<Request [b'HEAD']>
[ 2026-08-24 16:06:03,202 ] httpcore.http11 - DEBUG - receive_response_body.complete
[ 2026-08-24 16:06:03,202 ] httpcore.http11 - DEBUG - response_closed.started
[ 2026-08-24 16:06:03,202 ] httpcore.http11 - DEBUG - response_closed.complete
[ 2026-08-24 16:06:03,203 ] httpcore.http11 - DEBUG - send_request_headers.started request=<Request [b'HEAD']>
[ 2026-08-24 16:06:03,203 ] httpcore.http11 - DEBUG - send_request_headers.complete
[ 2026-08-24 16:06:03,203 ] httpcore.http11 - DEBUG - send_request_body.started request=<Request [b'HEAD']>
[ 2026-08-24 16:06:03,203 ] httpcore.http11 - DEBUG - send_request_body.complete
[ 2026-08-24 16:06:03,203 ] httpcore.http11 - DEBUG - receive_response_headers.started request=<Request [b'HEAD']>
[ 2026-08-24 16:06:03,739 ] httpcore.http11 - DEBUG - receive_response_headers.complete return_value=(b'HTTP/1.1', 200, b'OK', [(b'Content-Type', b'text/plain; charset=utf-8'), (b'Content-Length', b'349'), (b'Connection', b'keep-alive'), (b'Date', b'Fri, 10 Jul 2026 00:53:28 GMT'), (b'ETag', b'"952a9b81c0bfd99800fabf352f69c7ccd46c5e43"'), (b'X-Powered-By', b'huggingface-moon'), (b'X-Request-Id', b'Root=1-6a504288-223c81c14e7dec45053907bc;9b2d33cc-6a62-486f-b537-e61c4bea1197'), (b'RateLimit', b'"resolvers";r=2965;t=296'), (b'RateLimit-Policy', b'"fixed window";"resolvers";q=3000;w=300'), (b'cross-origin-opener-policy', b'same-origin'), (b'Referrer-Policy', b'strict-origin-when-cross-origin'), (b'Access-Control-Max-Age', b'86400'), (b'Access-Control-Allow-Origin', b'https://huggingface.co'), (b'Access-Control-Expose-Headers', b'X-Repo-Commit,X-Request-Id,X-Error-Code,X-Error-Message,X-Total-Count,ETag,Link,Accept-Ranges,Content-Range,X-Linked-Size,X-Linked-ETag,X-Xet-Hash'), (b'X-Repo-Commit', b'79e7739b6ab944e86d6171e44d24c997fc1e0116'), (b'Accept-Ranges', b'bytes'), (b'X-Hub-Cache', b'MISS'), (b'Content-Disposition', b'inline; filename*=UTF-8\'\'modules.json; filename="modules.json";'), (b'Content-Security-Policy', b"default-src 'none'; sandbox"), (b'Vary', b'Origin'), (b'X-Cache', b'Hit from cloudfront'), (b'Via', b'1.1 eb20e7a8d493ecd61b97c07c2941de64.cloudfront.net (CloudFront)'), (b'X-Amz-Cf-Pop', b'FRA56-P17'), (b'Alt-Svc', b'h3=":443"; ma=86400'), (b'X-Amz-Cf-Id', b'JD9h6k2gnbJ6ZkF-oZqI1AHTSuCjgteeH5mSXBtkyijmM7VafwOGJA=='), (b'Age', b'3913955')])
[ 2026-08-24 16:06:03,740 ] httpx - INFO - HTTP Request: HEAD https://huggingface.co/api/resolve-cache/models/BAAI/bge-large-zh-v1.5/79e7739b6ab944e86d6171e44d24c997fc1e0116/modules.json "HTTP/1.1 200 OK"
[ 2026-08-24 16:06:03,740 ] httpcore.http11 - DEBUG - receive_response_body.started request=<Request [b'HEAD']>
[ 2026-08-24 16:06:03,740 ] httpcore.http11 - DEBUG - receive_response_body.complete
[ 2026-08-24 16:06:03,740 ] httpcore.http11 - DEBUG - response_closed.started
[ 2026-08-24 16:06:03,740 ] httpcore.http11 - DEBUG - response_closed.complete
[ 2026-08-24 16:06:03,743 ] httpcore.http11 - DEBUG - send_request_headers.started request=<Request [b'HEAD']>
[ 2026-08-24 16:06:03,744 ] httpcore.http11 - DEBUG - send_request_headers.complete
[ 2026-08-24 16:06:03,744 ] httpcore.http11 - DEBUG - send_request_body.started request=<Request [b'HEAD']>
[ 2026-08-24 16:06:03,744 ] httpcore.http11 - DEBUG - send_request_body.complete
[ 2026-08-24 16:06:03,744 ] httpcore.http11 - DEBUG - receive_response_headers.started request=<Request [b'HEAD']>
[ 2026-08-24 16:06:04,039 ] httpcore.http11 - DEBUG - receive_response_headers.complete return_value=(b'HTTP/1.1', 307, b'Temporary Redirect', [(b'Content-Type', b'text/plain; charset=utf-8'), (b'Content-Length', b'276'), (b'Connection', b'keep-alive'), (b'Date', b'Mon, 24 Aug 2026 08:06:03 GMT'), (b'Location', b'/api/resolve-cache/models/BAAI/bge-large-zh-v1.5/79e7739b6ab944e86d6171e44d24c997fc1e0116/sentence_bert_config.json?%2FBAAI%2Fbge-large-zh-v1.5%2Fresolve%2Fmain%2Fsentence_bert_config.json=&etag=%22ea85692bff64b0d1917833c31ddbca8ab10f5455%22'), (b'X-Powered-By', b'huggingface-moon'), (b'X-Request-Id', b'Root=1-6a8bfb6b-758e2c522a84301c7fd04738;635acfbb-4d2e-41c1-9ab0-82fd7603ef4f'), (b'RateLimit', b'"resolvers";r=2974;t=93'), (b'RateLimit-Policy', b'"fixed window";"resolvers";q=3000;w=300'), (b'cross-origin-opener-policy', b'same-origin'), (b'Referrer-Policy', b'strict-origin-when-cross-origin'), (b'Access-Control-Max-Age', b'86400'), (b'Access-Control-Allow-Origin', b'https://huggingface.co'), (b'Vary', b'Origin, Accept'), (b'Access-Control-Expose-Headers', b'X-Repo-Commit,X-Request-Id,X-Error-Code,X-Error-Message,X-Total-Count,ETag,Link,Accept-Ranges,Content-Range,X-Linked-Size,X-Linked-ETag,X-Xet-Hash'), (b'X-Repo-Commit', b'79e7739b6ab944e86d6171e44d24c997fc1e0116'), (b'Accept-Ranges', b'bytes'), (b'X-HF-Warning', b'unauthenticated; Warning: You are sending unauthenticated requests to the HF Hub. Please set a HF_TOKEN to enable higher rate limits and faster downloads.'), (b'X-Hub-Cache', b'HIT'), (b'Content-Disposition', b'inline; filename*=UTF-8\'\'sentence_bert_config.json; filename="sentence_bert_config.json";'), (b'Content-Security-Policy', b"default-src 'none'; sandbox"), (b'X-Linked-ETag', b'"ea85692bff64b0d1917833c31ddbca8ab10f5455"'), (b'X-Cache', b'Miss from cloudfront'), (b'Via', b'1.1 eb20e7a8d493ecd61b97c07c2941de64.cloudfront.net (CloudFront)'), (b'X-Amz-Cf-Pop', b'FRA56-P17'), (b'Alt-Svc', b'h3=":443"; ma=86400'), (b'X-Amz-Cf-Id', b'2eebVOblZq7aN8NDv2Cu1IerPMERfH_OaXgc0xnR4oARA6UBPWfddQ==')])
[ 2026-08-24 16:06:04,039 ] httpx - INFO - HTTP Request: HEAD https://huggingface.co/BAAI/bge-large-zh-v1.5/resolve/main/sentence_bert_config.json "HTTP/1.1 307 Temporary Redirect"
[ 2026-08-24 16:06:04,040 ] httpcore.http11 - DEBUG - receive_response_body.started request=<Request [b'HEAD']>
[ 2026-08-24 16:06:04,040 ] httpcore.http11 - DEBUG - receive_response_body.complete
[ 2026-08-24 16:06:04,040 ] httpcore.http11 - DEBUG - response_closed.started
[ 2026-08-24 16:06:04,040 ] httpcore.http11 - DEBUG - response_closed.complete
[ 2026-08-24 16:06:04,040 ] httpcore.http11 - DEBUG - send_request_headers.started request=<Request [b'HEAD']>
[ 2026-08-24 16:06:04,041 ] httpcore.http11 - DEBUG - send_request_headers.complete
[ 2026-08-24 16:06:04,041 ] httpcore.http11 - DEBUG - send_request_body.started request=<Request [b'HEAD']>
[ 2026-08-24 16:06:04,041 ] httpcore.http11 - DEBUG - send_request_body.complete
[ 2026-08-24 16:06:04,041 ] httpcore.http11 - DEBUG - receive_response_headers.started request=<Request [b'HEAD']>
[ 2026-08-24 16:06:04,193 ] httpcore.http11 - DEBUG - receive_response_headers.complete return_value=(b'HTTP/1.1', 200, b'OK', [(b'Content-Type', b'text/plain; charset=utf-8'), (b'Content-Length', b'52'), (b'Connection', b'keep-alive'), (b'Date', b'Sat, 25 Jul 2026 07:18:50 GMT'), (b'ETag', b'"ea85692bff64b0d1917833c31ddbca8ab10f5455"'), (b'X-Powered-By', b'huggingface-moon'), (b'X-Request-Id', b'Root=1-6a64635a-26e895777f6a164d2935bed0;a8688795-4197-4255-a025-dcbf00f2ecb7'), (b'RateLimit', b'"resolvers";r=2993;t=150'), (b'RateLimit-Policy', b'"fixed window";"resolvers";q=3000;w=300'), (b'cross-origin-opener-policy', b'same-origin'), (b'Referrer-Policy', b'strict-origin-when-cross-origin'), (b'Access-Control-Max-Age', b'86400'), (b'Access-Control-Allow-Origin', b'https://huggingface.co'), (b'Access-Control-Expose-Headers', b'X-Repo-Commit,X-Request-Id,X-Error-Code,X-Error-Message,X-Total-Count,ETag,Link,Accept-Ranges,Content-Range,X-Linked-Size,X-Linked-ETag,X-Xet-Hash'), (b'X-Repo-Commit', b'79e7739b6ab944e86d6171e44d24c997fc1e0116'), (b'Accept-Ranges', b'bytes'), (b'X-Hub-Cache', b'MISS'), (b'Content-Disposition', b'inline; filename*=UTF-8\'\'sentence_bert_config.json; filename="sentence_bert_config.json";'), (b'Content-Security-Policy', b"default-src 'none'; sandbox"), (b'Vary', b'Origin'), (b'X-Cache', b'Hit from cloudfront'), (b'Via', b'1.1 eb20e7a8d493ecd61b97c07c2941de64.cloudfront.net (CloudFront)'), (b'X-Amz-Cf-Pop', b'FRA56-P17'), (b'Alt-Svc', b'h3=":443"; ma=86400'), (b'X-Amz-Cf-Id', b'cLMh4lJTS1zQ7P0KqyW5OmUKGZk3Axlw07BBzZmIuCsrH3_k9XXwSQ=='), (b'Age', b'2594834')])
[ 2026-08-24 16:06:04,193 ] httpx - INFO - HTTP Request: HEAD https://huggingface.co/api/resolve-cache/models/BAAI/bge-large-zh-v1.5/79e7739b6ab944e86d6171e44d24c997fc1e0116/sentence_bert_config.json "HTTP/1.1 200 OK"
[ 2026-08-24 16:06:04,194 ] httpcore.http11 - DEBUG - receive_response_body.started request=<Request [b'HEAD']>
[ 2026-08-24 16:06:04,194 ] httpcore.http11 - DEBUG - receive_response_body.complete
[ 2026-08-24 16:06:04,194 ] httpcore.http11 - DEBUG - response_closed.started
[ 2026-08-24 16:06:04,194 ] httpcore.http11 - DEBUG - response_closed.complete
[ 2026-08-24 16:06:04,198 ] httpcore.http11 - DEBUG - send_request_headers.started request=<Request [b'HEAD']>
[ 2026-08-24 16:06:04,198 ] httpcore.http11 - DEBUG - send_request_headers.complete
[ 2026-08-24 16:06:04,198 ] httpcore.http11 - DEBUG - send_request_body.started request=<Request [b'HEAD']>
[ 2026-08-24 16:06:04,199 ] httpcore.http11 - DEBUG - send_request_body.complete
[ 2026-08-24 16:06:04,199 ] httpcore.http11 - DEBUG - receive_response_headers.started request=<Request [b'HEAD']>
[ 2026-08-24 16:06:05,812 ] httpcore.http11 - DEBUG - receive_response_headers.complete return_value=(b'HTTP/1.1', 404, b'Not Found', [(b'Content-Type', b'text/plain; charset=utf-8'), (b'Content-Length', b'15'), (b'Connection', b'keep-alive'), (b'Date', b'Mon, 24 Aug 2026 08:06:05 GMT'), (b'ETag', b'W/"f-mY2VvLxuxB7KhsoOdQTlMTccuAQ"'), (b'X-Powered-By', b'huggingface-moon'), (b'X-Request-Id', b'Root=1-6a8bfb6d-6a40825614b52ed1073453c4;f3bbaa8e-5f31-4830-8bf0-459345c73f5b'), (b'RateLimit', b'"resolvers";r=2973;t=91'), (b'RateLimit-Policy', b'"fixed window";"resolvers";q=3000;w=300'), (b'cross-origin-opener-policy', b'same-origin'), (b'Referrer-Policy', b'strict-origin-when-cross-origin'), (b'Access-Control-Max-Age', b'86400'), (b'Access-Control-Allow-Origin', b'https://huggingface.co'), (b'Vary', b'Origin'), (b'Access-Control-Expose-Headers', b'X-Repo-Commit,X-Request-Id,X-Error-Code,X-Error-Message,X-Total-Count,ETag,Link,Accept-Ranges,Content-Range,X-Linked-Size,X-Linked-ETag,X-Xet-Hash'), (b'X-Repo-Commit', b'79e7739b6ab944e86d6171e44d24c997fc1e0116'), (b'Accept-Ranges', b'bytes'), (b'X-Hub-Cache', b'MISS'), (b'X-Error-Code', b'EntryNotFound'), (b'X-Error-Message', b'Entry not found'), (b'X-Cache', b'Error from cloudfront'), (b'Via', b'1.1 eb20e7a8d493ecd61b97c07c2941de64.cloudfront.net (CloudFront)'), (b'X-Amz-Cf-Pop', b'FRA56-P17'), (b'Alt-Svc', b'h3=":443"; ma=86400'), (b'X-Amz-Cf-Id', b'pKKqJvRHcg_VQi2TtBcSF4c_8ILhH-Ot6UqxS7g_jJURcIH42JAoSg==')])
[ 2026-08-24 16:06:05,813 ] httpx - INFO - HTTP Request: HEAD https://huggingface.co/BAAI/bge-large-zh-v1.5/resolve/main/adapter_config.json "HTTP/1.1 404 Not Found"
[ 2026-08-24 16:06:05,813 ] httpcore.http11 - DEBUG - receive_response_body.started request=<Request [b'HEAD']>
[ 2026-08-24 16:06:05,813 ] httpcore.http11 - DEBUG - receive_response_body.complete
[ 2026-08-24 16:06:05,813 ] httpcore.http11 - DEBUG - response_closed.started
[ 2026-08-24 16:06:05,813 ] httpcore.http11 - DEBUG - response_closed.complete
[ 2026-08-24 16:06:05,816 ] httpcore.http11 - DEBUG - send_request_headers.started request=<Request [b'HEAD']>
[ 2026-08-24 16:06:05,816 ] httpcore.http11 - DEBUG - send_request_headers.complete
[ 2026-08-24 16:06:05,816 ] httpcore.http11 - DEBUG - send_request_body.started request=<Request [b'HEAD']>
[ 2026-08-24 16:06:05,816 ] httpcore.http11 - DEBUG - send_request_body.complete
[ 2026-08-24 16:06:05,816 ] httpcore.http11 - DEBUG - receive_response_headers.started request=<Request [b'HEAD']>
[ 2026-08-24 16:06:06,142 ] httpcore.http11 - DEBUG - receive_response_headers.complete return_value=(b'HTTP/1.1', 307, b'Temporary Redirect', [(b'Content-Type', b'text/plain; charset=utf-8'), (b'Content-Length', b'248'), (b'Connection', b'keep-alive'), (b'Date', b'Mon, 24 Aug 2026 08:06:06 GMT'), (b'Location', b'/api/resolve-cache/models/BAAI/bge-large-zh-v1.5/79e7739b6ab944e86d6171e44d24c997fc1e0116/config.json?%2FBAAI%2Fbge-large-zh-v1.5%2Fresolve%2Fmain%2Fconfig.json=&etag=%2203df12a02c65a8ba9552ed63f6f1518575d1f7ef%22'), (b'X-Powered-By', b'huggingface-moon'), (b'X-Request-Id', b'Root=1-6a8bfb6d-6d4bbd4d1546531c63ae8765;760c3bab-28a8-472c-9974-bda5d54ded0f'), (b'RateLimit', b'"resolvers";r=2972;t=90'), (b'RateLimit-Policy', b'"fixed window";"resolvers";q=3000;w=300'), (b'cross-origin-opener-policy', b'same-origin'), (b'Referrer-Policy', b'strict-origin-when-cross-origin'), (b'Access-Control-Max-Age', b'86400'), (b'Access-Control-Allow-Origin', b'https://huggingface.co'), (b'Vary', b'Origin, Accept'), (b'Access-Control-Expose-Headers', b'X-Repo-Commit,X-Request-Id,X-Error-Code,X-Error-Message,X-Total-Count,ETag,Link,Accept-Ranges,Content-Range,X-Linked-Size,X-Linked-ETag,X-Xet-Hash'), (b'X-Repo-Commit', b'79e7739b6ab944e86d6171e44d24c997fc1e0116'), (b'Accept-Ranges', b'bytes'), (b'X-HF-Warning', b'unauthenticated; Warning: You are sending unauthenticated requests to the HF Hub. Please set a HF_TOKEN to enable higher rate limits and faster downloads.'), (b'X-Hub-Cache', b'HIT'), (b'Content-Disposition', b'inline; filename*=UTF-8\'\'config.json; filename="config.json";'), (b'Content-Security-Policy', b"default-src 'none'; sandbox"), (b'X-Linked-ETag', b'"03df12a02c65a8ba9552ed63f6f1518575d1f7ef"'), (b'X-Cache', b'Miss from cloudfront'), (b'Via', b'1.1 eb20e7a8d493ecd61b97c07c2941de64.cloudfront.net (CloudFront)'), (b'X-Amz-Cf-Pop', b'FRA56-P17'), (b'Alt-Svc', b'h3=":443"; ma=86400'), (b'X-Amz-Cf-Id', b'JhGPbNmlgArwSBQJODQcoOih38nEY-tenuFU0ZsR6HhXVsovjr_GEw==')])
[ 2026-08-24 16:06:06,143 ] httpx - INFO - HTTP Request: HEAD https://huggingface.co/BAAI/bge-large-zh-v1.5/resolve/main/config.json "HTTP/1.1 307 Temporary Redirect"
[ 2026-08-24 16:06:06,144 ] httpcore.http11 - DEBUG - receive_response_body.started request=<Request [b'HEAD']>
[ 2026-08-24 16:06:06,144 ] httpcore.http11 - DEBUG - receive_response_body.complete
[ 2026-08-24 16:06:06,144 ] httpcore.http11 - DEBUG - response_closed.started
[ 2026-08-24 16:06:06,144 ] httpcore.http11 - DEBUG - response_closed.complete
[ 2026-08-24 16:06:06,145 ] httpcore.http11 - DEBUG - send_request_headers.started request=<Request [b'HEAD']>
[ 2026-08-24 16:06:06,145 ] httpcore.http11 - DEBUG - send_request_headers.complete
[ 2026-08-24 16:06:06,145 ] httpcore.http11 - DEBUG - send_request_body.started request=<Request [b'HEAD']>
[ 2026-08-24 16:06:06,146 ] httpcore.http11 - DEBUG - send_request_body.complete
[ 2026-08-24 16:06:06,146 ] httpcore.http11 - DEBUG - receive_response_headers.started request=<Request [b'HEAD']>
[ 2026-08-24 16:06:06,296 ] httpcore.http11 - DEBUG - receive_response_headers.complete return_value=(b'HTTP/1.1', 200, b'OK', [(b'Content-Type', b'text/plain; charset=utf-8'), (b'Content-Length', b'1000'), (b'Connection', b'keep-alive'), (b'Date', b'Fri, 17 Jul 2026 09:06:51 GMT'), (b'ETag', b'"03df12a02c65a8ba9552ed63f6f1518575d1f7ef"'), (b'X-Powered-By', b'huggingface-moon'), (b'X-Request-Id', b'Root=1-6a59f0ab-0e0ef8ea2170c0b77003df48;1b4092b7-eb26-4eaf-a9a1-114ae7d9b5b8'), (b'RateLimit', b'"resolvers";r=2976;t=157'), (b'RateLimit-Policy', b'"fixed window";"resolvers";q=3000;w=300'), (b'cross-origin-opener-policy', b'same-origin'), (b'Referrer-Policy', b'strict-origin-when-cross-origin'), (b'Access-Control-Max-Age', b'86400'), (b'Access-Control-Allow-Origin', b'https://huggingface.co'), (b'Access-Control-Expose-Headers', b'X-Repo-Commit,X-Request-Id,X-Error-Code,X-Error-Message,X-Total-Count,ETag,Link,Accept-Ranges,Content-Range,X-Linked-Size,X-Linked-ETag,X-Xet-Hash'), (b'X-Repo-Commit', b'79e7739b6ab944e86d6171e44d24c997fc1e0116'), (b'Accept-Ranges', b'bytes'), (b'X-Hub-Cache', b'MISS'), (b'Content-Disposition', b'inline; filename*=UTF-8\'\'config.json; filename="config.json";'), (b'Content-Security-Policy', b"default-src 'none'; sandbox"), (b'Vary', b'Origin'), (b'X-Cache', b'Hit from cloudfront'), (b'Via', b'1.1 eb20e7a8d493ecd61b97c07c2941de64.cloudfront.net (CloudFront)'), (b'X-Amz-Cf-Pop', b'FRA56-P17'), (b'Alt-Svc', b'h3=":443"; ma=86400'), (b'X-Amz-Cf-Id', b'v7CduqEsEkRttEc2PwdRIYhySnFG9uxXTMPnyMl6XlXOJPhpjqIQWA=='), (b'Age', b'3279555')])
[ 2026-08-24 16:06:06,296 ] httpx - INFO - HTTP Request: HEAD https://huggingface.co/api/resolve-cache/models/BAAI/bge-large-zh-v1.5/79e7739b6ab944e86d6171e44d24c997fc1e0116/config.json "HTTP/1.1 200 OK"
[ 2026-08-24 16:06:06,297 ] httpcore.http11 - DEBUG - receive_response_body.started request=<Request [b'HEAD']>
[ 2026-08-24 16:06:06,297 ] httpcore.http11 - DEBUG - receive_response_body.complete
[ 2026-08-24 16:06:06,297 ] httpcore.http11 - DEBUG - response_closed.started
[ 2026-08-24 16:06:06,297 ] httpcore.http11 - DEBUG - response_closed.complete
[ 2026-08-24 16:06:06,305 ] httpcore.http11 - DEBUG - send_request_headers.started request=<Request [b'HEAD']>
[ 2026-08-24 16:06:06,306 ] httpcore.http11 - DEBUG - send_request_headers.complete
[ 2026-08-24 16:06:06,306 ] httpcore.http11 - DEBUG - send_request_body.started request=<Request [b'HEAD']>
[ 2026-08-24 16:06:06,306 ] httpcore.http11 - DEBUG - send_request_body.complete
[ 2026-08-24 16:06:06,306 ] httpcore.http11 - DEBUG - receive_response_headers.started request=<Request [b'HEAD']>
[ 2026-08-24 16:06:11,572 ] httpcore.http11 - DEBUG - receive_response_headers.complete return_value=(b'HTTP/1.1', 404, b'Not Found', [(b'Content-Type', b'text/plain; charset=utf-8'), (b'Content-Length', b'15'), (b'Connection', b'keep-alive'), (b'Date', b'Mon, 24 Aug 2026 08:06:11 GMT'), (b'ETag', b'W/"f-mY2VvLxuxB7KhsoOdQTlMTccuAQ"'), (b'X-Powered-By', b'huggingface-moon'), (b'X-Request-Id', b'Root=1-6a8bfb73-39c17482237425bd61c9c19e;61955f76-8c7e-4421-8275-bced7739aa6d'), (b'RateLimit', b'"resolvers";r=2971;t=85'), (b'RateLimit-Policy', b'"fixed window";"resolvers";q=3000;w=300'), (b'cross-origin-opener-policy', b'same-origin'), (b'Referrer-Policy', b'strict-origin-when-cross-origin'), (b'Access-Control-Max-Age', b'86400'), (b'Access-Control-Allow-Origin', b'https://huggingface.co'), (b'Vary', b'Origin'), (b'Access-Control-Expose-Headers', b'X-Repo-Commit,X-Request-Id,X-Error-Code,X-Error-Message,X-Total-Count,ETag,Link,Accept-Ranges,Content-Range,X-Linked-Size,X-Linked-ETag,X-Xet-Hash'), (b'X-Repo-Commit', b'79e7739b6ab944e86d6171e44d24c997fc1e0116'), (b'Accept-Ranges', b'bytes'), (b'X-HF-Warning', b'unauthenticated; Warning: You are sending unauthenticated requests to the HF Hub. Please set a HF_TOKEN to enable higher rate limits and faster downloads.'), (b'X-Hub-Cache', b'MISS'), (b'X-Error-Code', b'EntryNotFound'), (b'X-Error-Message', b'Entry not found'), (b'X-Cache', b'Error from cloudfront'), (b'Via', b'1.1 eb20e7a8d493ecd61b97c07c2941de64.cloudfront.net (CloudFront)'), (b'X-Amz-Cf-Pop', b'FRA56-P17'), (b'Alt-Svc', b'h3=":443"; ma=86400'), (b'X-Amz-Cf-Id', b'w63YdraHYeBBed9O-gIGJmuiSyymT7wOLyJNfHmbI_dF1n-FYMiliQ==')])
[ 2026-08-24 16:06:11,572 ] httpx - INFO - HTTP Request: HEAD https://huggingface.co/BAAI/bge-large-zh-v1.5/resolve/main/model.safetensors "HTTP/1.1 404 Not Found"
[ 2026-08-24 16:06:11,572 ] httpcore.http11 - DEBUG - receive_response_body.started request=<Request [b'HEAD']>
[ 2026-08-24 16:06:11,572 ] httpcore.http11 - DEBUG - receive_response_body.complete
[ 2026-08-24 16:06:11,572 ] httpcore.http11 - DEBUG - response_closed.started
[ 2026-08-24 16:06:11,572 ] httpcore.http11 - DEBUG - response_closed.complete
[ 2026-08-24 16:06:11,576 ] httpcore.http11 - DEBUG - send_request_headers.started request=<Request [b'GET']>
[ 2026-08-24 16:06:11,577 ] httpcore.http11 - DEBUG - send_request_headers.complete
[ 2026-08-24 16:06:11,577 ] httpcore.http11 - DEBUG - send_request_body.started request=<Request [b'GET']>
[ 2026-08-24 16:06:11,577 ] httpcore.http11 - DEBUG - send_request_body.complete
[ 2026-08-24 16:06:11,577 ] httpcore.http11 - DEBUG - receive_response_headers.started request=<Request [b'GET']>
[ 2026-08-24 16:06:11,677 ] httpcore.connection - DEBUG - connect_tcp.started host='127.0.0.1' port=7897 local_address=None timeout=10 socket_options=None
[ 2026-08-24 16:06:11,695 ] httpcore.connection - DEBUG - connect_tcp.complete return_value=<httpcore._backends.sync.SyncStream object at 0x000001F69F040B90>
[ 2026-08-24 16:06:11,695 ] httpcore.http11 - DEBUG - send_request_headers.started request=<Request [b'CONNECT']>
[ 2026-08-24 16:06:11,695 ] httpcore.http11 - DEBUG - send_request_headers.complete
[ 2026-08-24 16:06:11,696 ] httpcore.http11 - DEBUG - send_request_body.started request=<Request [b'CONNECT']>
[ 2026-08-24 16:06:11,696 ] httpcore.http11 - DEBUG - send_request_body.complete
[ 2026-08-24 16:06:11,696 ] httpcore.http11 - DEBUG - receive_response_headers.started request=<Request [b'CONNECT']>
[ 2026-08-24 16:06:11,696 ] httpcore.http11 - DEBUG - receive_response_headers.complete return_value=(b'HTTP/1.1', 200, b'Connection established', [])
[ 2026-08-24 16:06:11,696 ] httpcore.proxy - DEBUG - start_tls.started ssl_context=<ssl.SSLContext object at 0x000001F696F41D50> server_hostname='huggingface.co' timeout=10
[ 2026-08-24 16:06:13,835 ] httpcore.http11 - DEBUG - receive_response_headers.complete return_value=(b'HTTP/1.1', 200, b'OK', [(b'Content-Type', b'application/json; charset=utf-8'), (b'Transfer-Encoding', b'chunked'), (b'Connection', b'keep-alive'), (b'Date', b'Mon, 24 Aug 2026 08:06:12 GMT'), (b'content-encoding', b'gzip'), (b'ETag', b'W/"1087-S+6DM8GSN3MHuNw6xUPojlZRyGk"'), (b'X-Powered-By', b'huggingface-moon'), (b'X-Request-Id', b'Root=1-6a8bfb74-5bb5e6fd23fe54e436668b43;ef086ebc-c3e8-4fe5-a702-3e8fe3566b01'), (b'RateLimit', b'"api";r=492;t=84'), (b'RateLimit-Policy', b'"fixed window";"api";q=500;w=300'), (b'cross-origin-opener-policy', b'same-origin'), (b'Referrer-Policy', b'strict-origin-when-cross-origin'), (b'Access-Control-Max-Age', b'86400'), (b'Access-Control-Allow-Origin', b'https://huggingface.co'), (b'Vary', b'Origin'), (b'vary', b'Accept-Encoding'), (b'Access-Control-Expose-Headers', b'X-Repo-Commit,X-Request-Id,X-Error-Code,X-Error-Message,X-Total-Count,ETag,Link,Accept-Ranges,Content-Range,X-Linked-Size,X-Linked-ETag,X-Xet-Hash'), (b'X-Cache', b'Miss from cloudfront'), (b'Via', b'1.1 eb20e7a8d493ecd61b97c07c2941de64.cloudfront.net (CloudFront)'), (b'X-Amz-Cf-Pop', b'FRA56-P17'), (b'Alt-Svc', b'h3=":443"; ma=86400'), (b'X-Amz-Cf-Id', b'GtRvb82MP1yBlkEKyfbn2wreMzWAyJnVktV9ThTuMFYtulxnA6gLUw==')])
[ 2026-08-24 16:06:13,835 ] httpx - INFO - HTTP Request: GET https://huggingface.co/api/models/BAAI/bge-large-zh-v1.5 "HTTP/1.1 200 OK"
[ 2026-08-24 16:06:13,835 ] httpcore.http11 - DEBUG - receive_response_body.started request=<Request [b'GET']>
[ 2026-08-24 16:06:13,836 ] httpcore.http11 - DEBUG - receive_response_body.complete
[ 2026-08-24 16:06:13,836 ] httpcore.http11 - DEBUG - response_closed.started
[ 2026-08-24 16:06:13,836 ] httpcore.http11 - DEBUG - response_closed.complete
[ 2026-08-24 16:06:13,836 ] httpcore.http11 - DEBUG - send_request_headers.started request=<Request [b'GET']>
[ 2026-08-24 16:06:13,837 ] httpcore.http11 - DEBUG - send_request_headers.complete
[ 2026-08-24 16:06:13,837 ] httpcore.http11 - DEBUG - send_request_body.started request=<Request [b'GET']>
[ 2026-08-24 16:06:13,837 ] httpcore.http11 - DEBUG - send_request_body.complete
[ 2026-08-24 16:06:13,837 ] httpcore.http11 - DEBUG - receive_response_headers.started request=<Request [b'GET']>
[ 2026-08-24 16:06:14,107 ] httpcore.http11 - DEBUG - receive_response_headers.complete return_value=(b'HTTP/1.1', 200, b'OK', [(b'Content-Type', b'application/json; charset=utf-8'), (b'Transfer-Encoding', b'chunked'), (b'Connection', b'keep-alive'), (b'Date', b'Mon, 24 Aug 2026 08:06:13 GMT'), (b'content-encoding', b'gzip'), (b'ETag', b'W/"f1f-D23revP1zCuWrEO88XVnAbvY2Dk"'), (b'X-Powered-By', b'huggingface-moon'), (b'X-Request-Id', b'Root=1-6a8bfb75-26e8df81341dfb377645f958;a8625194-bbb8-45da-973d-d7b4f349b986'), (b'RateLimit', b'"api";r=491;t=83'), (b'RateLimit-Policy', b'"fixed window";"api";q=500;w=300'), (b'cross-origin-opener-policy', b'same-origin'), (b'Referrer-Policy', b'strict-origin-when-cross-origin'), (b'Access-Control-Max-Age', b'86400'), (b'Access-Control-Allow-Origin', b'https://huggingface.co'), (b'Vary', b'Origin'), (b'vary', b'Accept-Encoding'), (b'Access-Control-Expose-Headers', b'X-Repo-Commit,X-Request-Id,X-Error-Code,X-Error-Message,X-Total-Count,ETag,Link,Accept-Ranges,Content-Range,X-Linked-Size,X-Linked-ETag,X-Xet-Hash'), (b'X-Total-Count', b'15'), (b'X-Cache', b'Miss from cloudfront'), (b'Via', b'1.1 eb20e7a8d493ecd61b97c07c2941de64.cloudfront.net (CloudFront)'), (b'X-Amz-Cf-Pop', b'FRA56-P17'), (b'Alt-Svc', b'h3=":443"; ma=86400'), (b'X-Amz-Cf-Id', b'3MEvHmco9mSRCGU6r4I41jCNQ3-TZzhGeq69CAzPv4m_B0GGpS5j5Q==')])
[ 2026-08-24 16:06:14,107 ] httpx - INFO - HTTP Request: GET https://huggingface.co/api/models/BAAI/bge-large-zh-v1.5/commits/main "HTTP/1.1 200 OK"
[ 2026-08-24 16:06:14,107 ] httpcore.http11 - DEBUG - receive_response_body.started request=<Request [b'GET']>
[ 2026-08-24 16:06:14,628 ] httpcore.http11 - DEBUG - receive_response_body.complete
[ 2026-08-24 16:06:14,629 ] httpcore.http11 - DEBUG - response_closed.started
[ 2026-08-24 16:06:14,629 ] httpcore.http11 - DEBUG - response_closed.complete
[ 2026-08-24 16:06:14,630 ] httpcore.http11 - DEBUG - send_request_headers.started request=<Request [b'GET']>
[ 2026-08-24 16:06:14,630 ] httpcore.http11 - DEBUG - send_request_headers.complete
[ 2026-08-24 16:06:14,630 ] httpcore.http11 - DEBUG - send_request_body.started request=<Request [b'GET']>
[ 2026-08-24 16:06:14,631 ] httpcore.http11 - DEBUG - send_request_body.complete
[ 2026-08-24 16:06:14,631 ] httpcore.http11 - DEBUG - receive_response_headers.started request=<Request [b'GET']>
[ 2026-08-24 16:06:14,988 ] httpcore.http11 - DEBUG - receive_response_headers.complete return_value=(b'HTTP/1.1', 200, b'OK', [(b'Content-Type', b'application/json; charset=utf-8'), (b'Transfer-Encoding', b'chunked'), (b'Connection', b'keep-alive'), (b'Date', b'Mon, 24 Aug 2026 08:06:14 GMT'), (b'content-encoding', b'gzip'), (b'ETag', b'W/"6c5f-0yYIP47Noh8TeQXILT7cTNsmCzU"'), (b'X-Powered-By', b'huggingface-moon'), (b'X-Request-Id', b'Root=1-6a8bfb76-53d4b9694f17ce18447b811e;c984a514-401a-4b95-a155-ca53c9dbaa33'), (b'RateLimit', b'"api";r=490;t=82'), (b'RateLimit-Policy', b'"fixed window";"api";q=500;w=300'), (b'cross-origin-opener-policy', b'same-origin'), (b'Referrer-Policy', b'strict-origin-when-cross-origin'), (b'Access-Control-Max-Age', b'86400'), (b'Access-Control-Allow-Origin', b'https://huggingface.co'), (b'Vary', b'Origin'), (b'vary', b'Accept-Encoding'), (b'Access-Control-Expose-Headers', b'X-Repo-Commit,X-Request-Id,X-Error-Code,X-Error-Message,X-Total-Count,ETag,Link,Accept-Ranges,Content-Range,X-Linked-Size,X-Linked-ETag,X-Xet-Hash'), (b'X-Cache', b'Miss from cloudfront'), (b'Via', b'1.1 eb20e7a8d493ecd61b97c07c2941de64.cloudfront.net (CloudFront)'), (b'X-Amz-Cf-Pop', b'FRA56-P17'), (b'Alt-Svc', b'h3=":443"; ma=86400'), (b'X-Amz-Cf-Id', b'AeeRi0Ibb7lwlWme4aZzlNzbti7MzzVNy6PBB51Yhe0ng4d4v6ol2A==')])
[ 2026-08-24 16:06:14,988 ] httpx - INFO - HTTP Request: GET https://huggingface.co/api/models/BAAI/bge-large-zh-v1.5/discussions?p=0 "HTTP/1.1 200 OK"
[ 2026-08-24 16:06:14,988 ] httpcore.http11 - DEBUG - receive_response_body.started request=<Request [b'GET']>
[ 2026-08-24 16:06:15,582 ] httpcore.http11 - DEBUG - receive_response_body.complete
[ 2026-08-24 16:06:15,582 ] httpcore.http11 - DEBUG - response_closed.started
[ 2026-08-24 16:06:15,582 ] httpcore.http11 - DEBUG - response_closed.complete
[ 2026-08-24 16:06:15,584 ] httpcore.http11 - DEBUG - send_request_headers.started request=<Request [b'GET']>
[ 2026-08-24 16:06:15,584 ] httpcore.http11 - DEBUG - send_request_headers.complete
[ 2026-08-24 16:06:15,585 ] httpcore.http11 - DEBUG - send_request_body.started request=<Request [b'GET']>
[ 2026-08-24 16:06:15,585 ] httpcore.http11 - DEBUG - send_request_body.complete
[ 2026-08-24 16:06:15,585 ] httpcore.http11 - DEBUG - receive_response_headers.started request=<Request [b'GET']>
[ 2026-08-24 16:06:15,871 ] httpcore.http11 - DEBUG - receive_response_headers.complete return_value=(b'HTTP/1.1', 200, b'OK', [(b'Content-Type', b'application/json; charset=utf-8'), (b'Transfer-Encoding', b'chunked'), (b'Connection', b'keep-alive'), (b'Date', b'Mon, 24 Aug 2026 08:06:15 GMT'), (b'content-encoding', b'gzip'), (b'ETag', b'W/"12e4-0UhKjGizpPsyzsF8uV7lpRh/v8A"'), (b'X-Powered-By', b'huggingface-moon'), (b'X-Request-Id', b'Root=1-6a8bfb77-49f843200567c35455163649;bf94e772-a100-4302-a117-412ed5189748'), (b'RateLimit', b'"api";r=489;t=81'), (b'RateLimit-Policy', b'"fixed window";"api";q=500;w=300'), (b'cross-origin-opener-policy', b'same-origin'), (b'Referrer-Policy', b'strict-origin-when-cross-origin'), (b'Access-Control-Max-Age', b'86400'), (b'Access-Control-Allow-Origin', b'https://huggingface.co'), (b'Vary', b'Origin'), (b'vary', b'Accept-Encoding'), (b'Access-Control-Expose-Headers', b'X-Repo-Commit,X-Request-Id,X-Error-Code,X-Error-Message,X-Total-Count,ETag,Link,Accept-Ranges,Content-Range,X-Linked-Size,X-Linked-ETag,X-Xet-Hash'), (b'X-Total-Count', b'16'), (b'X-Cache', b'Miss from cloudfront'), (b'Via', b'1.1 eb20e7a8d493ecd61b97c07c2941de64.cloudfront.net (CloudFront)'), (b'X-Amz-Cf-Pop', b'FRA56-P17'), (b'Alt-Svc', b'h3=":443"; ma=86400'), (b'X-Amz-Cf-Id', b'Wz8CbvkeM1gIVEn2QCQdyUyylNUfXzycNMf6Xt1Ge3rIrd8QM0jZCw==')])
[ 2026-08-24 16:06:15,871 ] httpx - INFO - HTTP Request: GET https://huggingface.co/api/models/BAAI/bge-large-zh-v1.5/commits/refs%2Fpr%2F35 "HTTP/1.1 200 OK"
[ 2026-08-24 16:06:15,871 ] httpcore.http11 - DEBUG - receive_response_body.started request=<Request [b'GET']>
[ 2026-08-24 16:06:16,012 ] httpcore.http11 - DEBUG - receive_response_body.complete
[ 2026-08-24 16:06:16,013 ] httpcore.http11 - DEBUG - response_closed.started
[ 2026-08-24 16:06:16,013 ] httpcore.http11 - DEBUG - response_closed.complete
[ 2026-08-24 16:06:16,015 ] httpcore.http11 - DEBUG - send_request_headers.started request=<Request [b'HEAD']>
[ 2026-08-24 16:06:16,015 ] httpcore.http11 - DEBUG - send_request_headers.complete
[ 2026-08-24 16:06:16,016 ] httpcore.http11 - DEBUG - send_request_body.started request=<Request [b'HEAD']>
[ 2026-08-24 16:06:16,016 ] httpcore.http11 - DEBUG - send_request_body.complete
[ 2026-08-24 16:06:16,016 ] httpcore.http11 - DEBUG - receive_response_headers.started request=<Request [b'HEAD']>
[ 2026-08-24 16:06:16,274 ] httpcore.http11 - DEBUG - receive_response_headers.complete return_value=(b'HTTP/1.1', 404, b'Not Found', [(b'Content-Type', b'text/plain; charset=utf-8'), (b'Content-Length', b'15'), (b'Connection', b'keep-alive'), (b'Date', b'Mon, 24 Aug 2026 08:06:16 GMT'), (b'ETag', b'W/"f-mY2VvLxuxB7KhsoOdQTlMTccuAQ"'), (b'X-Powered-By', b'huggingface-moon'), (b'X-Request-Id', b'Root=1-6a8bfb78-1b49e838246423de3516816c;224cb062-aa36-4c16-bf5f-70f70881c379'), (b'RateLimit', b'"resolvers";r=2970;t=80'), (b'RateLimit-Policy', b'"fixed window";"resolvers";q=3000;w=300'), (b'cross-origin-opener-policy', b'same-origin'), (b'Referrer-Policy', b'strict-origin-when-cross-origin'), (b'Access-Control-Max-Age', b'86400'), (b'Access-Control-Allow-Origin', b'https://huggingface.co'), (b'Vary', b'Origin'), (b'Access-Control-Expose-Headers', b'X-Repo-Commit,X-Request-Id,X-Error-Code,X-Error-Message,X-Total-Count,ETag,Link,Accept-Ranges,Content-Range,X-Linked-Size,X-Linked-ETag,X-Xet-Hash'), (b'X-Repo-Commit', b'0cc67d9f159c4037e86efde28c42dadf6e3de7aa'), (b'Accept-Ranges', b'bytes'), (b'X-HF-Warning', b'unauthenticated; Warning: You are sending unauthenticated requests to the HF Hub. Please set a HF_TOKEN to enable higher rate limits and faster downloads.'), (b'X-Hub-Cache', b'MISS'), (b'X-Error-Code', b'EntryNotFound'), (b'X-Error-Message', b'Entry not found'), (b'X-Cache', b'Error from cloudfront'), (b'Via', b'1.1 eb20e7a8d493ecd61b97c07c2941de64.cloudfront.net (CloudFront)'), (b'X-Amz-Cf-Pop', b'FRA56-P17'), (b'Alt-Svc', b'h3=":443"; ma=86400'), (b'X-Amz-Cf-Id', b'hd_KcwR8MHY4Vnw-tXYnNu7Uk8IunLzZqsNwB4w_k53av4i56dG3Lw==')])
[ 2026-08-24 16:06:16,275 ] httpx - INFO - HTTP Request: HEAD https://huggingface.co/BAAI/bge-large-zh-v1.5/resolve/refs%2Fpr%2F35/model.safetensors.index.json "HTTP/1.1 404 Not Found"
[ 2026-08-24 16:06:16,275 ] httpcore.http11 - DEBUG - receive_response_body.started request=<Request [b'HEAD']>
[ 2026-08-24 16:06:16,276 ] httpcore.http11 - DEBUG - receive_response_body.complete
[ 2026-08-24 16:06:16,276 ] httpcore.http11 - DEBUG - response_closed.started
[ 2026-08-24 16:06:16,276 ] httpcore.http11 - DEBUG - response_closed.complete
[ 2026-08-24 16:06:16,278 ] httpcore.http11 - DEBUG - send_request_headers.started request=<Request [b'HEAD']>
[ 2026-08-24 16:06:16,280 ] httpcore.http11 - DEBUG - send_request_headers.complete
[ 2026-08-24 16:06:16,280 ] httpcore.http11 - DEBUG - send_request_body.started request=<Request [b'HEAD']>
[ 2026-08-24 16:06:16,280 ] httpcore.http11 - DEBUG - send_request_body.complete
[ 2026-08-24 16:06:16,280 ] httpcore.http11 - DEBUG - receive_response_headers.started request=<Request [b'HEAD']>
[ 2026-08-24 16:06:16,552 ] httpcore.http11 - DEBUG - receive_response_headers.complete return_value=(b'HTTP/1.1', 302, b'Found', [(b'Content-Type', b'text/plain; charset=utf-8'), (b'Content-Length', b'984'), (b'Connection', b'keep-alive'), (b'Date', b'Mon, 24 Aug 2026 08:06:16 GMT'), (b'Location', b'https://us.aws.cdn.hf.co/xet-bridge-us/64fff58369219ce3e48e1a1a/57e0f934e2119245da805d8a6e8fb02178d5ded3f2e97ab9eaca5225f8ea47bf?X-Xet-Cas-Uid=public&response-content-disposition=inline%3B+filename*%3DUTF-8%27%27model.safetensors%3B+filename%3D%22model.safetensors%22%3B&user_id=public&Expires=1787562376&Policy=eyJTdGF0ZW1lbnQiOlt7IlJlc291cmNlIjoiaHR0cHM6Ly91cy5hd3MuY2RuLmhmLmNvL3hldC1icmlkZ2UtdXMvNjRmZmY1ODM2OTIxOWNlM2U0OGUxYTFhLzU3ZTBmOTM0ZTIxMTkyNDVkYTgwNWQ4YTZlOGZiMDIxNzhkNWRlZDNmMmU5N2FiOWVhY2E1MjI1ZjhlYTQ3YmZcXD9YLVhldC1DYXMtVWlkPXB1YmxpYyZyZXNwb25zZS1jb250ZW50LWRpc3Bvc2l0aW9uPWlubGluZSUzQitmaWxlbmFtZSUyQSUzRFVURi04JTI3JTI3bW9kZWwuc2FmZXRlbnNvcnMlM0IrZmlsZW5hbWUlM0QlMjJtb2RlbC5zYWZldGVuc29ycyUyMiUzQiZ1c2VyX2lkPXB1YmxpYyIsIkNvbmRpdGlvbiI6eyJEYXRlTGVzc1RoYW4iOnsiRXBvY2hUaW1lIjoxNzg3NTYyMzc2fX19XX0_&Signature=MEUCIAInPgd3XsvoSVP%7EWrJcfHhhRDKXbiqtB851XteM8EQaAiEArZh1O50yTciCmQyatRRh3GYTVLcBMJNXE%7E5N4scJxLA_&Key-Pair-Id=01KXEF4KZ1B6FV465MAWR4M21F'), (b'X-Powered-By', b'huggingface-moon'), (b'X-Request-Id', b'Root=1-6a8bfb78-16947e7034a26daf419f833e;5f3b3896-f891-4cc0-837f-f6c4b77f205b'), (b'RateLimit', b'"resolvers";r=2969;t=80'), (b'RateLimit-Policy', b'"fixed window";"resolvers";q=3000;w=300'), (b'cross-origin-opener-policy', b'same-origin'), (b'Referrer-Policy', b'strict-origin-when-cross-origin'), (b'Access-Control-Max-Age', b'86400'), (b'Access-Control-Allow-Origin', b'https://huggingface.co'), (b'Vary', b'Origin, Accept'), (b'Access-Control-Expose-Headers', b'X-Repo-Commit,X-Request-Id,X-Error-Code,X-Error-Message,X-Total-Count,ETag,Link,Accept-Ranges,Content-Range,X-Linked-Size,X-Linked-ETag,X-Xet-Hash'), (b'X-Repo-Commit', b'0cc67d9f159c4037e86efde28c42dadf6e3de7aa'), (b'Accept-Ranges', b'bytes'), (b'X-HF-Warning', b'unauthenticated; Warning: You are sending unauthenticated requests to the HF Hub. Please set a HF_TOKEN to enable higher rate limits and faster downloads.'), (b'X-Hub-Cache', b'HIT'), (b'X-Linked-Size', b'1302138752'), (b'X-Linked-ETag', b'"74541fa3bddf35c2ed35a7c21542776fb830cde7d372dbe05ca42aa70f2bf904"'), (b'Cache-Control', b'no-store'), (b'X-Xet-Hash', b'57e0f934e2119245da805d8a6e8fb02178d5ded3f2e97ab9eaca5225f8ea47bf'), (b'Link', b'<https://huggingface.co/api/models/BAAI/bge-large-zh-v1.5/xet-read-token/0cc67d9f159c4037e86efde28c42dadf6e3de7aa>; rel="xet-auth", <https://cas-server.xethub.hf.co/v1/reconstructions/57e0f934e2119245da805d8a6e8fb02178d5ded3f2e97ab9eaca5225f8ea47bf>; rel="xet-reconstruction-info"'), (b'X-Cache', b'Miss from cloudfront'), (b'Via', b'1.1 eb20e7a8d493ecd61b97c07c2941de64.cloudfront.net (CloudFront)'), (b'X-Amz-Cf-Pop', b'FRA56-P17'), (b'Alt-Svc', b'h3=":443"; ma=86400'), (b'X-Amz-Cf-Id', b'ph-g_qPvjMwkfqK9YYNc8G8MwT0GAIKqgaAWyFnQLBQ93OcAZjQxtw==')])
[ 2026-08-24 16:06:16,553 ] httpx - INFO - HTTP Request: HEAD https://huggingface.co/BAAI/bge-large-zh-v1.5/resolve/refs%2Fpr%2F35/model.safetensors "HTTP/1.1 302 Found"
[ 2026-08-24 16:06:16,553 ] httpcore.http11 - DEBUG - receive_response_body.started request=<Request [b'HEAD']>
[ 2026-08-24 16:06:16,554 ] httpcore.http11 - DEBUG - receive_response_body.complete
[ 2026-08-24 16:06:16,554 ] httpcore.http11 - DEBUG - response_closed.started
[ 2026-08-24 16:06:16,554 ] httpcore.http11 - DEBUG - response_closed.complete
[ 2026-08-24 16:06:16,706 ] httpcore.proxy - DEBUG - start_tls.failed exception=ConnectError(SSLEOFError(8, '[SSL: UNEXPECTED_EOF_WHILE_READING] EOF occurred in violation of protocol (_ssl.c:1010)'))
[ 2026-08-24 16:06:16,708 ] httpcore.http11 - DEBUG - send_request_headers.started request=<Request [b'HEAD']>
[ 2026-08-24 16:06:16,708 ] httpcore.http11 - DEBUG - send_request_headers.complete
[ 2026-08-24 16:06:16,708 ] httpcore.http11 - DEBUG - send_request_body.started request=<Request [b'HEAD']>
[ 2026-08-24 16:06:16,709 ] httpcore.http11 - DEBUG - send_request_body.complete
[ 2026-08-24 16:06:16,709 ] httpcore.http11 - DEBUG - receive_response_headers.started request=<Request [b'HEAD']>
[ 2026-08-24 16:06:17,078 ] httpcore.http11 - DEBUG - receive_response_headers.complete return_value=(b'HTTP/1.1', 404, b'Not Found', [(b'Content-Type', b'text/plain; charset=utf-8'), (b'Content-Length', b'15'), (b'Connection', b'keep-alive'), (b'Date', b'Mon, 24 Aug 2026 08:06:16 GMT'), (b'ETag', b'W/"f-mY2VvLxuxB7KhsoOdQTlMTccuAQ"'), (b'X-Powered-By', b'huggingface-moon'), (b'X-Request-Id', b'Root=1-6a8bfb78-436605096f050b310eb28a8f;13a6a8dc-7abb-40e1-ad5f-9d171d884f49'), (b'RateLimit', b'"resolvers";r=2968;t=80'), (b'RateLimit-Policy', b'"fixed window";"resolvers";q=3000;w=300'), (b'cross-origin-opener-policy', b'same-origin'), (b'Referrer-Policy', b'strict-origin-when-cross-origin'), (b'Access-Control-Max-Age', b'86400'), (b'Access-Control-Allow-Origin', b'https://huggingface.co'), (b'Vary', b'Origin'), (b'Access-Control-Expose-Headers', b'X-Repo-Commit,X-Request-Id,X-Error-Code,X-Error-Message,X-Total-Count,ETag,Link,Accept-Ranges,Content-Range,X-Linked-Size,X-Linked-ETag,X-Xet-Hash'), (b'X-Repo-Commit', b'79e7739b6ab944e86d6171e44d24c997fc1e0116'), (b'Accept-Ranges', b'bytes'), (b'X-HF-Warning', b'unauthenticated; Warning: You are sending unauthenticated requests to the HF Hub. Please set a HF_TOKEN to enable higher rate limits and faster downloads.'), (b'X-Hub-Cache', b'MISS'), (b'X-Error-Code', b'EntryNotFound'), (b'X-Error-Message', b'Entry not found'), (b'X-Cache', b'Error from cloudfront'), (b'Via', b'1.1 eb20e7a8d493ecd61b97c07c2941de64.cloudfront.net (CloudFront)'), (b'X-Amz-Cf-Pop', b'FRA56-P17'), (b'Alt-Svc', b'h3=":443"; ma=86400'), (b'X-Amz-Cf-Id', b'cdaWaxix6kLDE7wFTgrIdzupwBKa4fNO380ubMNlTBatSRPgNGne7g==')])
[ 2026-08-24 16:06:17,079 ] httpx - INFO - HTTP Request: HEAD https://huggingface.co/BAAI/bge-large-zh-v1.5/resolve/main/processor_config.json "HTTP/1.1 404 Not Found"
[ 2026-08-24 16:06:17,079 ] httpcore.http11 - DEBUG - receive_response_body.started request=<Request [b'HEAD']>
[ 2026-08-24 16:06:17,079 ] httpcore.http11 - DEBUG - receive_response_body.complete
[ 2026-08-24 16:06:17,079 ] httpcore.http11 - DEBUG - response_closed.started
[ 2026-08-24 16:06:17,079 ] httpcore.http11 - DEBUG - response_closed.complete
[ 2026-08-24 16:06:17,083 ] httpcore.http11 - DEBUG - send_request_headers.started request=<Request [b'HEAD']>
[ 2026-08-24 16:06:17,084 ] httpcore.http11 - DEBUG - send_request_headers.complete
[ 2026-08-24 16:06:17,084 ] httpcore.http11 - DEBUG - send_request_body.started request=<Request [b'HEAD']>
[ 2026-08-24 16:06:17,084 ] httpcore.http11 - DEBUG - send_request_body.complete
[ 2026-08-24 16:06:17,084 ] httpcore.http11 - DEBUG - receive_response_headers.started request=<Request [b'HEAD']>
[ 2026-08-24 16:06:17,353 ] httpcore.http11 - DEBUG - receive_response_headers.complete return_value=(b'HTTP/1.1', 404, b'Not Found', [(b'Content-Type', b'text/plain; charset=utf-8'), (b'Content-Length', b'15'), (b'Connection', b'keep-alive'), (b'Date', b'Mon, 24 Aug 2026 08:06:17 GMT'), (b'ETag', b'W/"f-mY2VvLxuxB7KhsoOdQTlMTccuAQ"'), (b'X-Powered-By', b'huggingface-moon'), (b'X-Request-Id', b'Root=1-6a8bfb79-796358b504eb89a45f24de78;c2b41292-1105-4200-ba3c-34c95cc41ab5'), (b'RateLimit', b'"resolvers";r=2967;t=79'), (b'RateLimit-Policy', b'"fixed window";"resolvers";q=3000;w=300'), (b'cross-origin-opener-policy', b'same-origin'), (b'Referrer-Policy', b'strict-origin-when-cross-origin'), (b'Access-Control-Max-Age', b'86400'), (b'Access-Control-Allow-Origin', b'https://huggingface.co'), (b'Vary', b'Origin'), (b'Access-Control-Expose-Headers', b'X-Repo-Commit,X-Request-Id,X-Error-Code,X-Error-Message,X-Total-Count,ETag,Link,Accept-Ranges,Content-Range,X-Linked-Size,X-Linked-ETag,X-Xet-Hash'), (b'X-Repo-Commit', b'79e7739b6ab944e86d6171e44d24c997fc1e0116'), (b'Accept-Ranges', b'bytes'), (b'X-Hub-Cache', b'MISS'), (b'X-Error-Code', b'EntryNotFound'), (b'X-Error-Message', b'Entry not found'), (b'X-Cache', b'Error from cloudfront'), (b'Via', b'1.1 eb20e7a8d493ecd61b97c07c2941de64.cloudfront.net (CloudFront)'), (b'X-Amz-Cf-Pop', b'FRA56-P17'), (b'Alt-Svc', b'h3=":443"; ma=86400'), (b'X-Amz-Cf-Id', b'0egIMI5BlF-NNppWcsja6T88TZIlPygooN_w9PD3zDQZr-l9W8Us5w==')])
[ 2026-08-24 16:06:17,354 ] httpx - INFO - HTTP Request: HEAD https://huggingface.co/BAAI/bge-large-zh-v1.5/resolve/main/preprocessor_config.json "HTTP/1.1 404 Not Found"
[ 2026-08-24 16:06:17,354 ] httpcore.http11 - DEBUG - receive_response_body.started request=<Request [b'HEAD']>
[ 2026-08-24 16:06:17,355 ] httpcore.http11 - DEBUG - receive_response_body.complete
[ 2026-08-24 16:06:17,356 ] httpcore.http11 - DEBUG - response_closed.started
[ 2026-08-24 16:06:17,356 ] httpcore.http11 - DEBUG - response_closed.complete
[ 2026-08-24 16:06:17,361 ] httpcore.http11 - DEBUG - send_request_headers.started request=<Request [b'HEAD']>
[ 2026-08-24 16:06:17,362 ] httpcore.http11 - DEBUG - send_request_headers.complete
[ 2026-08-24 16:06:17,362 ] httpcore.http11 - DEBUG - send_request_body.started request=<Request [b'HEAD']>
[ 2026-08-24 16:06:17,362 ] httpcore.http11 - DEBUG - send_request_body.complete
[ 2026-08-24 16:06:17,362 ] httpcore.http11 - DEBUG - receive_response_headers.started request=<Request [b'HEAD']>
[ 2026-08-24 16:06:17,617 ] httpcore.http11 - DEBUG - receive_response_headers.complete return_value=(b'HTTP/1.1', 404, b'Not Found', [(b'Content-Type', b'text/plain; charset=utf-8'), (b'Content-Length', b'15'), (b'Connection', b'keep-alive'), (b'Date', b'Mon, 24 Aug 2026 08:06:17 GMT'), (b'ETag', b'W/"f-mY2VvLxuxB7KhsoOdQTlMTccuAQ"'), (b'X-Powered-By', b'huggingface-moon'), (b'X-Request-Id', b'Root=1-6a8bfb79-2a7529e23a2fc1fa0cec2c62;73a7fa42-bd65-49fa-988a-1c73d342bc8f'), (b'RateLimit', b'"resolvers";r=2966;t=79'), (b'RateLimit-Policy', b'"fixed window";"resolvers";q=3000;w=300'), (b'cross-origin-opener-policy', b'same-origin'), (b'Referrer-Policy', b'strict-origin-when-cross-origin'), (b'Access-Control-Max-Age', b'86400'), (b'Access-Control-Allow-Origin', b'https://huggingface.co'), (b'Vary', b'Origin'), (b'Access-Control-Expose-Headers', b'X-Repo-Commit,X-Request-Id,X-Error-Code,X-Error-Message,X-Total-Count,ETag,Link,Accept-Ranges,Content-Range,X-Linked-Size,X-Linked-ETag,X-Xet-Hash'), (b'X-Repo-Commit', b'79e7739b6ab944e86d6171e44d24c997fc1e0116'), (b'Accept-Ranges', b'bytes'), (b'X-HF-Warning', b'unauthenticated; Warning: You are sending unauthenticated requests to the HF Hub. Please set a HF_TOKEN to enable higher rate limits and faster downloads.'), (b'X-Hub-Cache', b'MISS'), (b'X-Error-Code', b'EntryNotFound'), (b'X-Error-Message', b'Entry not found'), (b'X-Cache', b'Error from cloudfront'), (b'Via', b'1.1 eb20e7a8d493ecd61b97c07c2941de64.cloudfront.net (CloudFront)'), (b'X-Amz-Cf-Pop', b'FRA56-P17'), (b'Alt-Svc', b'h3=":443"; ma=86400'), (b'X-Amz-Cf-Id', b'AHsYYh6ydEmixMZQR28LmZ6JXsZH2MlKdbLTLoFK4jbM7y8f7q8EPQ==')])
[ 2026-08-24 16:06:17,617 ] httpx - INFO - HTTP Request: HEAD https://huggingface.co/BAAI/bge-large-zh-v1.5/resolve/main/video_preprocessor_config.json "HTTP/1.1 404 Not Found"
[ 2026-08-24 16:06:17,617 ] httpcore.http11 - DEBUG - receive_response_body.started request=<Request [b'HEAD']>
[ 2026-08-24 16:06:17,618 ] httpcore.http11 - DEBUG - receive_response_body.complete
[ 2026-08-24 16:06:17,618 ] httpcore.http11 - DEBUG - response_closed.started
[ 2026-08-24 16:06:17,618 ] httpcore.http11 - DEBUG - response_closed.complete
[ 2026-08-24 16:06:17,624 ] httpcore.http11 - DEBUG - send_request_headers.started request=<Request [b'HEAD']>
[ 2026-08-24 16:06:17,625 ] httpcore.http11 - DEBUG - send_request_headers.complete
[ 2026-08-24 16:06:17,625 ] httpcore.http11 - DEBUG - send_request_body.started request=<Request [b'HEAD']>
[ 2026-08-24 16:06:17,625 ] httpcore.http11 - DEBUG - send_request_body.complete
[ 2026-08-24 16:06:17,625 ] httpcore.http11 - DEBUG - receive_response_headers.started request=<Request [b'HEAD']>
[ 2026-08-24 16:06:18,224 ] httpcore.http11 - DEBUG - receive_response_headers.complete return_value=(b'HTTP/1.1', 404, b'Not Found', [(b'Content-Type', b'text/plain; charset=utf-8'), (b'Content-Length', b'15'), (b'Connection', b'keep-alive'), (b'Date', b'Mon, 24 Aug 2026 08:06:18 GMT'), (b'ETag', b'W/"f-mY2VvLxuxB7KhsoOdQTlMTccuAQ"'), (b'X-Powered-By', b'huggingface-moon'), (b'X-Request-Id', b'Root=1-6a8bfb7a-1a4183c227cd8b8b0edda25e;c4f1adbd-eb34-4c41-bffe-8709590326f4'), (b'RateLimit', b'"resolvers";r=2965;t=78'), (b'RateLimit-Policy', b'"fixed window";"resolvers";q=3000;w=300'), (b'cross-origin-opener-policy', b'same-origin'), (b'Referrer-Policy', b'strict-origin-when-cross-origin'), (b'Access-Control-Max-Age', b'86400'), (b'Access-Control-Allow-Origin', b'https://huggingface.co'), (b'Vary', b'Origin'), (b'Access-Control-Expose-Headers', b'X-Repo-Commit,X-Request-Id,X-Error-Code,X-Error-Message,X-Total-Count,ETag,Link,Accept-Ranges,Content-Range,X-Linked-Size,X-Linked-ETag,X-Xet-Hash'), (b'X-Repo-Commit', b'79e7739b6ab944e86d6171e44d24c997fc1e0116'), (b'Accept-Ranges', b'bytes'), (b'X-HF-Warning', b'unauthenticated; Warning: You are sending unauthenticated requests to the HF Hub. Please set a HF_TOKEN to enable higher rate limits and faster downloads.'), (b'X-Hub-Cache', b'MISS'), (b'X-Error-Code', b'EntryNotFound'), (b'X-Error-Message', b'Entry not found'), (b'X-Cache', b'Error from cloudfront'), (b'Via', b'1.1 eb20e7a8d493ecd61b97c07c2941de64.cloudfront.net (CloudFront)'), (b'X-Amz-Cf-Pop', b'FRA56-P17'), (b'Alt-Svc', b'h3=":443"; ma=86400'), (b'X-Amz-Cf-Id', b'JkkQclYHcJx4F3hmosoeVfcYlyz8Npw331AL9uBXdHeN-dPIrc91uQ==')])
[ 2026-08-24 16:06:18,224 ] httpx - INFO - HTTP Request: HEAD https://huggingface.co/BAAI/bge-large-zh-v1.5/resolve/main/preprocessor_config.json "HTTP/1.1 404 Not Found"
[ 2026-08-24 16:06:18,225 ] httpcore.http11 - DEBUG - receive_response_body.started request=<Request [b'HEAD']>
[ 2026-08-24 16:06:18,225 ] httpcore.http11 - DEBUG - receive_response_body.complete
[ 2026-08-24 16:06:18,225 ] httpcore.http11 - DEBUG - response_closed.started
[ 2026-08-24 16:06:18,225 ] httpcore.http11 - DEBUG - response_closed.complete
[ 2026-08-24 16:06:18,228 ] httpcore.http11 - DEBUG - send_request_headers.started request=<Request [b'HEAD']>
[ 2026-08-24 16:06:18,228 ] httpcore.http11 - DEBUG - send_request_headers.complete
[ 2026-08-24 16:06:18,228 ] httpcore.http11 - DEBUG - send_request_body.started request=<Request [b'HEAD']>
[ 2026-08-24 16:06:18,228 ] httpcore.http11 - DEBUG - send_request_body.complete
[ 2026-08-24 16:06:18,228 ] httpcore.http11 - DEBUG - receive_response_headers.started request=<Request [b'HEAD']>
[ 2026-08-24 16:06:19,122 ] httpcore.http11 - DEBUG - receive_response_headers.complete return_value=(b'HTTP/1.1', 307, b'Temporary Redirect', [(b'Content-Type', b'text/plain; charset=utf-8'), (b'Content-Length', b'268'), (b'Connection', b'keep-alive'), (b'Date', b'Mon, 24 Aug 2026 08:06:18 GMT'), (b'Location', b'/api/resolve-cache/models/BAAI/bge-large-zh-v1.5/79e7739b6ab944e86d6171e44d24c997fc1e0116/tokenizer_config.json?%2FBAAI%2Fbge-large-zh-v1.5%2Fresolve%2Fmain%2Ftokenizer_config.json=&etag=%2242046bd361a033a24264dc41de1fe6cafd68072f%22'), (b'X-Powered-By', b'huggingface-moon'), (b'X-Request-Id', b'Root=1-6a8bfb7a-613c5df478db26582bafe431;157c232e-447a-408b-a0fd-5666f3966550'), (b'RateLimit', b'"resolvers";r=2964;t=78'), (b'RateLimit-Policy', b'"fixed window";"resolvers";q=3000;w=300'), (b'cross-origin-opener-policy', b'same-origin'), (b'Referrer-Policy', b'strict-origin-when-cross-origin'), (b'Access-Control-Max-Age', b'86400'), (b'Access-Control-Allow-Origin', b'https://huggingface.co'), (b'Vary', b'Origin, Accept'), (b'Access-Control-Expose-Headers', b'X-Repo-Commit,X-Request-Id,X-Error-Code,X-Error-Message,X-Total-Count,ETag,Link,Accept-Ranges,Content-Range,X-Linked-Size,X-Linked-ETag,X-Xet-Hash'), (b'X-Repo-Commit', b'79e7739b6ab944e86d6171e44d24c997fc1e0116'), (b'Accept-Ranges', b'bytes'), (b'X-HF-Warning', b'unauthenticated; Warning: You are sending unauthenticated requests to the HF Hub. Please set a HF_TOKEN to enable higher rate limits and faster downloads.'), (b'X-Hub-Cache', b'HIT'), (b'Content-Disposition', b'inline; filename*=UTF-8\'\'tokenizer_config.json; filename="tokenizer_config.json";'), (b'Content-Security-Policy', b"default-src 'none'; sandbox"), (b'X-Linked-ETag', b'"42046bd361a033a24264dc41de1fe6cafd68072f"'), (b'X-Cache', b'Miss from cloudfront'), (b'Via', b'1.1 eb20e7a8d493ecd61b97c07c2941de64.cloudfront.net (CloudFront)'), (b'X-Amz-Cf-Pop', b'FRA56-P17'), (b'Alt-Svc', b'h3=":443"; ma=86400'), (b'X-Amz-Cf-Id', b'CoJfqKC5SgNikiUxgtHqquSONLmDK8U3LJDBeO4Ll13vp8oFABubfQ==')])
[ 2026-08-24 16:06:19,122 ] httpx - INFO - HTTP Request: HEAD https://huggingface.co/BAAI/bge-large-zh-v1.5/resolve/main/tokenizer_config.json "HTTP/1.1 307 Temporary Redirect"
[ 2026-08-24 16:06:19,123 ] httpcore.http11 - DEBUG - receive_response_body.started request=<Request [b'HEAD']>
[ 2026-08-24 16:06:19,124 ] httpcore.http11 - DEBUG - receive_response_body.complete
[ 2026-08-24 16:06:19,124 ] httpcore.http11 - DEBUG - response_closed.started
[ 2026-08-24 16:06:19,124 ] httpcore.http11 - DEBUG - response_closed.complete
[ 2026-08-24 16:06:19,126 ] httpcore.http11 - DEBUG - send_request_headers.started request=<Request [b'HEAD']>
[ 2026-08-24 16:06:19,127 ] httpcore.http11 - DEBUG - send_request_headers.complete
[ 2026-08-24 16:06:19,128 ] httpcore.http11 - DEBUG - send_request_body.started request=<Request [b'HEAD']>
[ 2026-08-24 16:06:19,128 ] httpcore.http11 - DEBUG - send_request_body.complete
[ 2026-08-24 16:06:19,128 ] httpcore.http11 - DEBUG - receive_response_headers.started request=<Request [b'HEAD']>
[ 2026-08-24 16:06:19,350 ] httpcore.http11 - DEBUG - receive_response_headers.complete return_value=(b'HTTP/1.1', 200, b'OK', [(b'Content-Type', b'text/plain; charset=utf-8'), (b'Content-Length', b'394'), (b'Connection', b'keep-alive'), (b'Date', b'Thu, 30 Jul 2026 09:53:59 GMT'), (b'ETag', b'"42046bd361a033a24264dc41de1fe6cafd68072f"'), (b'X-Powered-By', b'huggingface-moon'), (b'X-Request-Id', b'Root=1-6a6b1f37-5b25ebf030be26356c15d306;74900a39-ee4e-41b3-90b1-e7fe15b70203'), (b'RateLimit', b'"resolvers";r=2976;t=242'), (b'RateLimit-Policy', b'"fixed window";"resolvers";q=3000;w=300'), (b'cross-origin-opener-policy', b'same-origin'), (b'Referrer-Policy', b'strict-origin-when-cross-origin'), (b'Access-Control-Max-Age', b'86400'), (b'Access-Control-Allow-Origin', b'https://huggingface.co'), (b'Access-Control-Expose-Headers', b'X-Repo-Commit,X-Request-Id,X-Error-Code,X-Error-Message,X-Total-Count,ETag,Link,Accept-Ranges,Content-Range,X-Linked-Size,X-Linked-ETag,X-Xet-Hash'), (b'X-Repo-Commit', b'79e7739b6ab944e86d6171e44d24c997fc1e0116'), (b'Accept-Ranges', b'bytes'), (b'X-Hub-Cache', b'MISS'), (b'Content-Disposition', b'inline; filename*=UTF-8\'\'tokenizer_config.json; filename="tokenizer_config.json";'), (b'Content-Security-Policy', b"default-src 'none'; sandbox"), (b'Vary', b'Origin'), (b'X-Cache', b'Hit from cloudfront'), (b'Via', b'1.1 eb20e7a8d493ecd61b97c07c2941de64.cloudfront.net (CloudFront)'), (b'X-Amz-Cf-Pop', b'FRA56-P17'), (b'Alt-Svc', b'h3=":443"; ma=86400'), (b'X-Amz-Cf-Id', b'KI_8s8zysqaKTvlDaWzckM9dBMIuKG6S7hNJSnMpBVhHAyj8Qe9fwA=='), (b'Age', b'2153540')])
[ 2026-08-24 16:06:19,350 ] httpx - INFO - HTTP Request: HEAD https://huggingface.co/api/resolve-cache/models/BAAI/bge-large-zh-v1.5/79e7739b6ab944e86d6171e44d24c997fc1e0116/tokenizer_config.json "HTTP/1.1 200 OK"
[ 2026-08-24 16:06:19,350 ] httpcore.http11 - DEBUG - receive_response_body.started request=<Request [b'HEAD']>
[ 2026-08-24 16:06:19,350 ] httpcore.http11 - DEBUG - receive_response_body.complete
[ 2026-08-24 16:06:19,350 ] httpcore.http11 - DEBUG - response_closed.started
[ 2026-08-24 16:06:19,350 ] httpcore.http11 - DEBUG - response_closed.complete
[ 2026-08-24 16:06:19,357 ] httpcore.http11 - DEBUG - send_request_headers.started request=<Request [b'HEAD']>
[ 2026-08-24 16:06:19,357 ] httpcore.http11 - DEBUG - send_request_headers.complete
[ 2026-08-24 16:06:19,357 ] httpcore.http11 - DEBUG - send_request_body.started request=<Request [b'HEAD']>
[ 2026-08-24 16:06:19,357 ] httpcore.http11 - DEBUG - send_request_body.complete
[ 2026-08-24 16:06:19,357 ] httpcore.http11 - DEBUG - receive_response_headers.started request=<Request [b'HEAD']>
[ 2026-08-24 16:06:19,634 ] httpcore.http11 - DEBUG - receive_response_headers.complete return_value=(b'HTTP/1.1', 307, b'Temporary Redirect', [(b'Content-Type', b'text/plain; charset=utf-8'), (b'Content-Length', b'248'), (b'Connection', b'keep-alive'), (b'Date', b'Mon, 24 Aug 2026 08:06:19 GMT'), (b'Location', b'/api/resolve-cache/models/BAAI/bge-large-zh-v1.5/79e7739b6ab944e86d6171e44d24c997fc1e0116/config.json?%2FBAAI%2Fbge-large-zh-v1.5%2Fresolve%2Fmain%2Fconfig.json=&etag=%2203df12a02c65a8ba9552ed63f6f1518575d1f7ef%22'), (b'X-Powered-By', b'huggingface-moon'), (b'X-Request-Id', b'Root=1-6a8bfb7b-3a8d05882fbbba54445f6a86;c523bdb9-5ef1-41e9-907f-5339e9f6219b'), (b'RateLimit', b'"resolvers";r=2963;t=77'), (b'RateLimit-Policy', b'"fixed window";"resolvers";q=3000;w=300'), (b'cross-origin-opener-policy', b'same-origin'), (b'Referrer-Policy', b'strict-origin-when-cross-origin'), (b'Access-Control-Max-Age', b'86400'), (b'Access-Control-Allow-Origin', b'https://huggingface.co'), (b'Vary', b'Origin, Accept'), (b'Access-Control-Expose-Headers', b'X-Repo-Commit,X-Request-Id,X-Error-Code,X-Error-Message,X-Total-Count,ETag,Link,Accept-Ranges,Content-Range,X-Linked-Size,X-Linked-ETag,X-Xet-Hash'), (b'X-Repo-Commit', b'79e7739b6ab944e86d6171e44d24c997fc1e0116'), (b'Accept-Ranges', b'bytes'), (b'X-Hub-Cache', b'MISS'), (b'Content-Disposition', b'inline; filename*=UTF-8\'\'config.json; filename="config.json";'), (b'Content-Security-Policy', b"default-src 'none'; sandbox"), (b'X-Linked-ETag', b'"03df12a02c65a8ba9552ed63f6f1518575d1f7ef"'), (b'X-Cache', b'Miss from cloudfront'), (b'Via', b'1.1 eb20e7a8d493ecd61b97c07c2941de64.cloudfront.net (CloudFront)'), (b'X-Amz-Cf-Pop', b'FRA56-P17'), (b'Alt-Svc', b'h3=":443"; ma=86400'), (b'X-Amz-Cf-Id', b'KtF3Xx1LoLf85C4cBMv3Ewy7v-d3ob4esEPIxEksqpyr3MX7cJZ5Lw==')])
[ 2026-08-24 16:06:19,634 ] httpx - INFO - HTTP Request: HEAD https://huggingface.co/BAAI/bge-large-zh-v1.5/resolve/main/config.json "HTTP/1.1 307 Temporary Redirect"
[ 2026-08-24 16:06:19,635 ] httpcore.http11 - DEBUG - receive_response_body.started request=<Request [b'HEAD']>
[ 2026-08-24 16:06:19,636 ] httpcore.http11 - DEBUG - receive_response_body.complete
[ 2026-08-24 16:06:19,636 ] httpcore.http11 - DEBUG - response_closed.started
[ 2026-08-24 16:06:19,636 ] httpcore.http11 - DEBUG - response_closed.complete
[ 2026-08-24 16:06:19,637 ] httpcore.http11 - DEBUG - send_request_headers.started request=<Request [b'HEAD']>
[ 2026-08-24 16:06:19,638 ] httpcore.http11 - DEBUG - send_request_headers.complete
[ 2026-08-24 16:06:19,638 ] httpcore.http11 - DEBUG - send_request_body.started request=<Request [b'HEAD']>
[ 2026-08-24 16:06:19,639 ] httpcore.http11 - DEBUG - send_request_body.complete
[ 2026-08-24 16:06:19,639 ] httpcore.http11 - DEBUG - receive_response_headers.started request=<Request [b'HEAD']>
[ 2026-08-24 16:06:19,786 ] httpcore.http11 - DEBUG - receive_response_headers.complete return_value=(b'HTTP/1.1', 200, b'OK', [(b'Content-Type', b'text/plain; charset=utf-8'), (b'Content-Length', b'1000'), (b'Connection', b'keep-alive'), (b'Date', b'Fri, 17 Jul 2026 09:06:51 GMT'), (b'ETag', b'"03df12a02c65a8ba9552ed63f6f1518575d1f7ef"'), (b'X-Powered-By', b'huggingface-moon'), (b'X-Request-Id', b'Root=1-6a59f0ab-0e0ef8ea2170c0b77003df48;1b4092b7-eb26-4eaf-a9a1-114ae7d9b5b8'), (b'RateLimit', b'"resolvers";r=2976;t=157'), (b'RateLimit-Policy', b'"fixed window";"resolvers";q=3000;w=300'), (b'cross-origin-opener-policy', b'same-origin'), (b'Referrer-Policy', b'strict-origin-when-cross-origin'), (b'Access-Control-Max-Age', b'86400'), (b'Access-Control-Allow-Origin', b'https://huggingface.co'), (b'Access-Control-Expose-Headers', b'X-Repo-Commit,X-Request-Id,X-Error-Code,X-Error-Message,X-Total-Count,ETag,Link,Accept-Ranges,Content-Range,X-Linked-Size,X-Linked-ETag,X-Xet-Hash'), (b'X-Repo-Commit', b'79e7739b6ab944e86d6171e44d24c997fc1e0116'), (b'Accept-Ranges', b'bytes'), (b'X-Hub-Cache', b'MISS'), (b'Content-Disposition', b'inline; filename*=UTF-8\'\'config.json; filename="config.json";'), (b'Content-Security-Policy', b"default-src 'none'; sandbox"), (b'Vary', b'Origin'), (b'X-Cache', b'Hit from cloudfront'), (b'Via', b'1.1 eb20e7a8d493ecd61b97c07c2941de64.cloudfront.net (CloudFront)'), (b'X-Amz-Cf-Pop', b'FRA56-P17'), (b'Alt-Svc', b'h3=":443"; ma=86400'), (b'X-Amz-Cf-Id', b'zolfa7dIZtjeatybKYNmTgRRIsG3r_mUhmt77x6rBz7aRD6ooW3HUQ=='), (b'Age', b'3279568')])
[ 2026-08-24 16:06:19,787 ] httpx - INFO - HTTP Request: HEAD https://huggingface.co/api/resolve-cache/models/BAAI/bge-large-zh-v1.5/79e7739b6ab944e86d6171e44d24c997fc1e0116/config.json "HTTP/1.1 200 OK"
[ 2026-08-24 16:06:19,787 ] httpcore.http11 - DEBUG - receive_response_body.started request=<Request [b'HEAD']>
[ 2026-08-24 16:06:19,788 ] httpcore.http11 - DEBUG - receive_response_body.complete
[ 2026-08-24 16:06:19,788 ] httpcore.http11 - DEBUG - response_closed.started
[ 2026-08-24 16:06:19,788 ] httpcore.http11 - DEBUG - response_closed.complete
[ 2026-08-24 16:06:19,801 ] httpcore.http11 - DEBUG - send_request_headers.started request=<Request [b'HEAD']>
[ 2026-08-24 16:06:19,801 ] httpcore.http11 - DEBUG - send_request_headers.complete
[ 2026-08-24 16:06:19,802 ] httpcore.http11 - DEBUG - send_request_body.started request=<Request [b'HEAD']>
[ 2026-08-24 16:06:19,802 ] httpcore.http11 - DEBUG - send_request_body.complete
[ 2026-08-24 16:06:19,802 ] httpcore.http11 - DEBUG - receive_response_headers.started request=<Request [b'HEAD']>
[ 2026-08-24 16:06:20,056 ] httpcore.http11 - DEBUG - receive_response_headers.complete return_value=(b'HTTP/1.1', 307, b'Temporary Redirect', [(b'Content-Type', b'text/plain; charset=utf-8'), (b'Content-Length', b'248'), (b'Connection', b'keep-alive'), (b'Date', b'Mon, 24 Aug 2026 08:06:19 GMT'), (b'Location', b'/api/resolve-cache/models/BAAI/bge-large-zh-v1.5/79e7739b6ab944e86d6171e44d24c997fc1e0116/config.json?%2FBAAI%2Fbge-large-zh-v1.5%2Fresolve%2Fmain%2Fconfig.json=&etag=%2203df12a02c65a8ba9552ed63f6f1518575d1f7ef%22'), (b'X-Powered-By', b'huggingface-moon'), (b'X-Request-Id', b'Root=1-6a8bfb7b-64301ff912d3129f019c479f;0be9a09d-54c0-4c7c-9f41-7b42da2892c6'), (b'RateLimit', b'"resolvers";r=2962;t=77'), (b'RateLimit-Policy', b'"fixed window";"resolvers";q=3000;w=300'), (b'cross-origin-opener-policy', b'same-origin'), (b'Referrer-Policy', b'strict-origin-when-cross-origin'), (b'Access-Control-Max-Age', b'86400'), (b'Access-Control-Allow-Origin', b'https://huggingface.co'), (b'Vary', b'Origin, Accept'), (b'Access-Control-Expose-Headers', b'X-Repo-Commit,X-Request-Id,X-Error-Code,X-Error-Message,X-Total-Count,ETag,Link,Accept-Ranges,Content-Range,X-Linked-Size,X-Linked-ETag,X-Xet-Hash'), (b'X-Repo-Commit', b'79e7739b6ab944e86d6171e44d24c997fc1e0116'), (b'Accept-Ranges', b'bytes'), (b'X-HF-Warning', b'unauthenticated; Warning: You are sending unauthenticated requests to the HF Hub. Please set a HF_TOKEN to enable higher rate limits and faster downloads.'), (b'X-Hub-Cache', b'HIT'), (b'Content-Disposition', b'inline; filename*=UTF-8\'\'config.json; filename="config.json";'), (b'Content-Security-Policy', b"default-src 'none'; sandbox"), (b'X-Linked-ETag', b'"03df12a02c65a8ba9552ed63f6f1518575d1f7ef"'), (b'X-Cache', b'Miss from cloudfront'), (b'Via', b'1.1 eb20e7a8d493ecd61b97c07c2941de64.cloudfront.net (CloudFront)'), (b'X-Amz-Cf-Pop', b'FRA56-P17'), (b'Alt-Svc', b'h3=":443"; ma=86400'), (b'X-Amz-Cf-Id', b'eJ7AZfFWitZZvUz5KB8F_Ae9vddTx0kmK2ZXSZkFtHl7m7y3NF4ADw==')])
[ 2026-08-24 16:06:20,056 ] httpx - INFO - HTTP Request: HEAD https://huggingface.co/BAAI/bge-large-zh-v1.5/resolve/main/config.json "HTTP/1.1 307 Temporary Redirect"
[ 2026-08-24 16:06:20,057 ] httpcore.http11 - DEBUG - receive_response_body.started request=<Request [b'HEAD']>
[ 2026-08-24 16:06:20,057 ] httpcore.http11 - DEBUG - receive_response_body.complete
[ 2026-08-24 16:06:20,057 ] httpcore.http11 - DEBUG - response_closed.started
[ 2026-08-24 16:06:20,057 ] httpcore.http11 - DEBUG - response_closed.complete
[ 2026-08-24 16:06:20,058 ] httpcore.http11 - DEBUG - send_request_headers.started request=<Request [b'HEAD']>
[ 2026-08-24 16:06:20,060 ] httpcore.http11 - DEBUG - send_request_headers.complete
[ 2026-08-24 16:06:20,060 ] httpcore.http11 - DEBUG - send_request_body.started request=<Request [b'HEAD']>
[ 2026-08-24 16:06:20,060 ] httpcore.http11 - DEBUG - send_request_body.complete
[ 2026-08-24 16:06:20,061 ] httpcore.http11 - DEBUG - receive_response_headers.started request=<Request [b'HEAD']>
[ 2026-08-24 16:06:20,214 ] httpcore.http11 - DEBUG - receive_response_headers.complete return_value=(b'HTTP/1.1', 200, b'OK', [(b'Content-Type', b'text/plain; charset=utf-8'), (b'Content-Length', b'1000'), (b'Connection', b'keep-alive'), (b'Date', b'Fri, 17 Jul 2026 09:06:51 GMT'), (b'ETag', b'"03df12a02c65a8ba9552ed63f6f1518575d1f7ef"'), (b'X-Powered-By', b'huggingface-moon'), (b'X-Request-Id', b'Root=1-6a59f0ab-0e0ef8ea2170c0b77003df48;1b4092b7-eb26-4eaf-a9a1-114ae7d9b5b8'), (b'RateLimit', b'"resolvers";r=2976;t=157'), (b'RateLimit-Policy', b'"fixed window";"resolvers";q=3000;w=300'), (b'cross-origin-opener-policy', b'same-origin'), (b'Referrer-Policy', b'strict-origin-when-cross-origin'), (b'Access-Control-Max-Age', b'86400'), (b'Access-Control-Allow-Origin', b'https://huggingface.co'), (b'Access-Control-Expose-Headers', b'X-Repo-Commit,X-Request-Id,X-Error-Code,X-Error-Message,X-Total-Count,ETag,Link,Accept-Ranges,Content-Range,X-Linked-Size,X-Linked-ETag,X-Xet-Hash'), (b'X-Repo-Commit', b'79e7739b6ab944e86d6171e44d24c997fc1e0116'), (b'Accept-Ranges', b'bytes'), (b'X-Hub-Cache', b'MISS'), (b'Content-Disposition', b'inline; filename*=UTF-8\'\'config.json; filename="config.json";'), (b'Content-Security-Policy', b"default-src 'none'; sandbox"), (b'Vary', b'Origin'), (b'X-Cache', b'Hit from cloudfront'), (b'Via', b'1.1 eb20e7a8d493ecd61b97c07c2941de64.cloudfront.net (CloudFront)'), (b'X-Amz-Cf-Pop', b'FRA56-P17'), (b'Alt-Svc', b'h3=":443"; ma=86400'), (b'X-Amz-Cf-Id', b'UYgZskwXfFAlnv9gG0mZcrI9XS7w6q41E62omj0yEjc6HKKhS1PJmA=='), (b'Age', b'3279569')])
[ 2026-08-24 16:06:20,215 ] httpx - INFO - HTTP Request: HEAD https://huggingface.co/api/resolve-cache/models/BAAI/bge-large-zh-v1.5/79e7739b6ab944e86d6171e44d24c997fc1e0116/config.json "HTTP/1.1 200 OK"
[ 2026-08-24 16:06:20,215 ] httpcore.http11 - DEBUG - receive_response_body.started request=<Request [b'HEAD']>
[ 2026-08-24 16:06:20,215 ] httpcore.http11 - DEBUG - receive_response_body.complete
[ 2026-08-24 16:06:20,215 ] httpcore.http11 - DEBUG - response_closed.started
[ 2026-08-24 16:06:20,215 ] httpcore.http11 - DEBUG - response_closed.complete
[ 2026-08-24 16:06:20,223 ] httpcore.http11 - DEBUG - send_request_headers.started request=<Request [b'HEAD']>
[ 2026-08-24 16:06:20,223 ] httpcore.http11 - DEBUG - send_request_headers.complete
[ 2026-08-24 16:06:20,223 ] httpcore.http11 - DEBUG - send_request_body.started request=<Request [b'HEAD']>
[ 2026-08-24 16:06:20,223 ] httpcore.http11 - DEBUG - send_request_body.complete
[ 2026-08-24 16:06:20,223 ] httpcore.http11 - DEBUG - receive_response_headers.started request=<Request [b'HEAD']>
[ 2026-08-24 16:06:20,529 ] httpcore.http11 - DEBUG - receive_response_headers.complete return_value=(b'HTTP/1.1', 307, b'Temporary Redirect', [(b'Content-Type', b'text/plain; charset=utf-8'), (b'Content-Length', b'268'), (b'Connection', b'keep-alive'), (b'Date', b'Mon, 24 Aug 2026 08:06:20 GMT'), (b'Location', b'/api/resolve-cache/models/BAAI/bge-large-zh-v1.5/79e7739b6ab944e86d6171e44d24c997fc1e0116/tokenizer_config.json?%2FBAAI%2Fbge-large-zh-v1.5%2Fresolve%2Fmain%2Ftokenizer_config.json=&etag=%2242046bd361a033a24264dc41de1fe6cafd68072f%22'), (b'X-Powered-By', b'huggingface-moon'), (b'X-Request-Id', b'Root=1-6a8bfb7c-45db5ac52bb6e8cf1b36a89c;010307d9-7683-43c6-8567-e452ed23781e'), (b'RateLimit', b'"resolvers";r=2961;t=76'), (b'RateLimit-Policy', b'"fixed window";"resolvers";q=3000;w=300'), (b'cross-origin-opener-policy', b'same-origin'), (b'Referrer-Policy', b'strict-origin-when-cross-origin'), (b'Access-Control-Max-Age', b'86400'), (b'Access-Control-Allow-Origin', b'https://huggingface.co'), (b'Vary', b'Origin, Accept'), (b'Access-Control-Expose-Headers', b'X-Repo-Commit,X-Request-Id,X-Error-Code,X-Error-Message,X-Total-Count,ETag,Link,Accept-Ranges,Content-Range,X-Linked-Size,X-Linked-ETag,X-Xet-Hash'), (b'X-Repo-Commit', b'79e7739b6ab944e86d6171e44d24c997fc1e0116'), (b'Accept-Ranges', b'bytes'), (b'X-HF-Warning', b'unauthenticated; Warning: You are sending unauthenticated requests to the HF Hub. Please set a HF_TOKEN to enable higher rate limits and faster downloads.'), (b'X-Hub-Cache', b'HIT'), (b'Content-Disposition', b'inline; filename*=UTF-8\'\'tokenizer_config.json; filename="tokenizer_config.json";'), (b'Content-Security-Policy', b"default-src 'none'; sandbox"), (b'X-Linked-ETag', b'"42046bd361a033a24264dc41de1fe6cafd68072f"'), (b'X-Cache', b'Miss from cloudfront'), (b'Via', b'1.1 eb20e7a8d493ecd61b97c07c2941de64.cloudfront.net (CloudFront)'), (b'X-Amz-Cf-Pop', b'FRA56-P17'), (b'Alt-Svc', b'h3=":443"; ma=86400'), (b'X-Amz-Cf-Id', b'0izyZItiwbos0rZ5udzwXe1NI4_peCiRB-8WhwSNwlkAKRHDo20Ikw==')])
[ 2026-08-24 16:06:20,529 ] httpx - INFO - HTTP Request: HEAD https://huggingface.co/BAAI/bge-large-zh-v1.5/resolve/main/tokenizer_config.json "HTTP/1.1 307 Temporary Redirect"
[ 2026-08-24 16:06:20,530 ] httpcore.http11 - DEBUG - receive_response_body.started request=<Request [b'HEAD']>
[ 2026-08-24 16:06:20,530 ] httpcore.http11 - DEBUG - receive_response_body.complete
[ 2026-08-24 16:06:20,530 ] httpcore.http11 - DEBUG - response_closed.started
[ 2026-08-24 16:06:20,530 ] httpcore.http11 - DEBUG - response_closed.complete
[ 2026-08-24 16:06:20,531 ] httpcore.http11 - DEBUG - send_request_headers.started request=<Request [b'HEAD']>
[ 2026-08-24 16:06:20,531 ] httpcore.http11 - DEBUG - send_request_headers.complete
[ 2026-08-24 16:06:20,531 ] httpcore.http11 - DEBUG - send_request_body.started request=<Request [b'HEAD']>
[ 2026-08-24 16:06:20,532 ] httpcore.http11 - DEBUG - send_request_body.complete
[ 2026-08-24 16:06:20,532 ] httpcore.http11 - DEBUG - receive_response_headers.started request=<Request [b'HEAD']>
[ 2026-08-24 16:06:20,685 ] httpcore.http11 - DEBUG - receive_response_headers.complete return_value=(b'HTTP/1.1', 200, b'OK', [(b'Content-Type', b'text/plain; charset=utf-8'), (b'Content-Length', b'394'), (b'Connection', b'keep-alive'), (b'Date', b'Thu, 30 Jul 2026 09:53:59 GMT'), (b'ETag', b'"42046bd361a033a24264dc41de1fe6cafd68072f"'), (b'X-Powered-By', b'huggingface-moon'), (b'X-Request-Id', b'Root=1-6a6b1f37-5b25ebf030be26356c15d306;74900a39-ee4e-41b3-90b1-e7fe15b70203'), (b'RateLimit', b'"resolvers";r=2976;t=242'), (b'RateLimit-Policy', b'"fixed window";"resolvers";q=3000;w=300'), (b'cross-origin-opener-policy', b'same-origin'), (b'Referrer-Policy', b'strict-origin-when-cross-origin'), (b'Access-Control-Max-Age', b'86400'), (b'Access-Control-Allow-Origin', b'https://huggingface.co'), (b'Access-Control-Expose-Headers', b'X-Repo-Commit,X-Request-Id,X-Error-Code,X-Error-Message,X-Total-Count,ETag,Link,Accept-Ranges,Content-Range,X-Linked-Size,X-Linked-ETag,X-Xet-Hash'), (b'X-Repo-Commit', b'79e7739b6ab944e86d6171e44d24c997fc1e0116'), (b'Accept-Ranges', b'bytes'), (b'X-Hub-Cache', b'MISS'), (b'Content-Disposition', b'inline; filename*=UTF-8\'\'tokenizer_config.json; filename="tokenizer_config.json";'), (b'Content-Security-Policy', b"default-src 'none'; sandbox"), (b'Vary', b'Origin'), (b'X-Cache', b'Hit from cloudfront'), (b'Via', b'1.1 eb20e7a8d493ecd61b97c07c2941de64.cloudfront.net (CloudFront)'), (b'X-Amz-Cf-Pop', b'FRA56-P17'), (b'Alt-Svc', b'h3=":443"; ma=86400'), (b'X-Amz-Cf-Id', b'-gth7sW_DwEnP6pvmM7NMBS1ogA-2Pe1XS5AU6_Y2AASjdrthLJP3g=='), (b'Age', b'2153541')])
[ 2026-08-24 16:06:20,686 ] httpx - INFO - HTTP Request: HEAD https://huggingface.co/api/resolve-cache/models/BAAI/bge-large-zh-v1.5/79e7739b6ab944e86d6171e44d24c997fc1e0116/tokenizer_config.json "HTTP/1.1 200 OK"
[ 2026-08-24 16:06:20,686 ] httpcore.http11 - DEBUG - receive_response_body.started request=<Request [b'HEAD']>
[ 2026-08-24 16:06:20,687 ] httpcore.http11 - DEBUG - receive_response_body.complete
[ 2026-08-24 16:06:20,687 ] httpcore.http11 - DEBUG - response_closed.started
[ 2026-08-24 16:06:20,687 ] httpcore.http11 - DEBUG - response_closed.complete
[ 2026-08-24 16:06:20,691 ] httpcore.http11 - DEBUG - send_request_headers.started request=<Request [b'GET']>
[ 2026-08-24 16:06:20,692 ] httpcore.http11 - DEBUG - send_request_headers.complete
[ 2026-08-24 16:06:20,692 ] httpcore.http11 - DEBUG - send_request_body.started request=<Request [b'GET']>
[ 2026-08-24 16:06:20,692 ] httpcore.http11 - DEBUG - send_request_body.complete
[ 2026-08-24 16:06:20,692 ] httpcore.http11 - DEBUG - receive_response_headers.started request=<Request [b'GET']>
[ 2026-08-24 16:06:21,601 ] httpcore.http11 - DEBUG - receive_response_headers.complete return_value=(b'HTTP/1.1', 404, b'Not Found', [(b'Content-Type', b'application/json; charset=utf-8'), (b'Content-Length', b'64'), (b'Connection', b'keep-alive'), (b'Date', b'Mon, 24 Aug 2026 08:06:21 GMT'), (b'ETag', b'W/"40-09f9IAqP13xarAhQxFS2W8rvRkM"'), (b'X-Powered-By', b'huggingface-moon'), (b'X-Request-Id', b'Root=1-6a8bfb7d-373d338c78b45723779c49d5;1c3d4035-35cf-4ffe-84d0-e10a91c1da96'), (b'RateLimit', b'"api";r=488;t=75'), (b'RateLimit-Policy', b'"fixed window";"api";q=500;w=300'), (b'cross-origin-opener-policy', b'same-origin'), (b'Referrer-Policy', b'strict-origin-when-cross-origin'), (b'Access-Control-Max-Age', b'86400'), (b'Access-Control-Allow-Origin', b'https://huggingface.co'), (b'Vary', b'Origin'), (b'Access-Control-Expose-Headers', b'X-Repo-Commit,X-Request-Id,X-Error-Code,X-Error-Message,X-Total-Count,ETag,Link,Accept-Ranges,Content-Range,X-Linked-Size,X-Linked-ETag,X-Xet-Hash'), (b'X-Error-Code', b'EntryNotFound'), (b'X-Error-Message', b'additional_chat_templates does not exist on "main"'), (b'X-Cache', b'Error from cloudfront'), (b'Via', b'1.1 eb20e7a8d493ecd61b97c07c2941de64.cloudfront.net (CloudFront)'), (b'X-Amz-Cf-Pop', b'FRA56-P17'), (b'Alt-Svc', b'h3=":443"; ma=86400'), (b'X-Amz-Cf-Id', b'JIYXijOgsiXjpKtUsEGpO-Ezl1T5Y7FchVttwoytxrr-Z__Psn2wtA==')])
[ 2026-08-24 16:06:21,601 ] httpx - INFO - HTTP Request: GET https://huggingface.co/api/models/BAAI/bge-large-zh-v1.5/tree/main/additional_chat_templates?recursive=false&expand=false "HTTP/1.1 404 Not Found"
[ 2026-08-24 16:06:21,601 ] httpcore.http11 - DEBUG - receive_response_body.started request=<Request [b'GET']>
[ 2026-08-24 16:06:21,601 ] httpcore.http11 - DEBUG - receive_response_body.complete
[ 2026-08-24 16:06:21,601 ] httpcore.http11 - DEBUG - response_closed.started
[ 2026-08-24 16:06:21,602 ] httpcore.http11 - DEBUG - response_closed.complete
[ 2026-08-24 16:06:21,605 ] httpcore.http11 - DEBUG - send_request_headers.started request=<Request [b'GET']>
[ 2026-08-24 16:06:21,606 ] httpcore.http11 - DEBUG - send_request_headers.complete
[ 2026-08-24 16:06:21,606 ] httpcore.http11 - DEBUG - send_request_body.started request=<Request [b'GET']>
[ 2026-08-24 16:06:21,606 ] httpcore.http11 - DEBUG - send_request_body.complete
[ 2026-08-24 16:06:21,606 ] httpcore.http11 - DEBUG - receive_response_headers.started request=<Request [b'GET']>
[ 2026-08-24 16:06:22,194 ] httpcore.http11 - DEBUG - receive_response_headers.complete return_value=(b'HTTP/1.1', 200, b'OK', [(b'Content-Type', b'application/json; charset=utf-8'), (b'Transfer-Encoding', b'chunked'), (b'Connection', b'keep-alive'), (b'Date', b'Mon, 24 Aug 2026 08:06:22 GMT'), (b'content-encoding', b'gzip'), (b'ETag', b'W/"60e-4HTeqdg1nbgKNpZ8eK9G2cU1aXs"'), (b'X-Powered-By', b'huggingface-moon'), (b'X-Request-Id', b'Root=1-6a8bfb7e-5f2fa97b7bf3770a7d9efd89;eccf7177-b8db-4f2f-a1e0-431687c35c94'), (b'RateLimit', b'"api";r=487;t=74'), (b'RateLimit-Policy', b'"fixed window";"api";q=500;w=300'), (b'cross-origin-opener-policy', b'same-origin'), (b'Referrer-Policy', b'strict-origin-when-cross-origin'), (b'Access-Control-Max-Age', b'86400'), (b'Access-Control-Allow-Origin', b'https://huggingface.co'), (b'Vary', b'Origin'), (b'vary', b'Accept-Encoding'), (b'Access-Control-Expose-Headers', b'X-Repo-Commit,X-Request-Id,X-Error-Code,X-Error-Message,X-Total-Count,ETag,Link,Accept-Ranges,Content-Range,X-Linked-Size,X-Linked-ETag,X-Xet-Hash'), (b'X-Cache', b'Miss from cloudfront'), (b'Via', b'1.1 eb20e7a8d493ecd61b97c07c2941de64.cloudfront.net (CloudFront)'), (b'X-Amz-Cf-Pop', b'FRA56-P17'), (b'Alt-Svc', b'h3=":443"; ma=86400'), (b'X-Amz-Cf-Id', b'sHXf3byvQEz1Ev-DakVoRUCmLB5j4FcnDX2Wqf_L4GNcC6H9jYTFaA==')])
[ 2026-08-24 16:06:22,194 ] httpx - INFO - HTTP Request: GET https://huggingface.co/api/models/BAAI/bge-large-zh-v1.5/tree/main?recursive=true&expand=false "HTTP/1.1 200 OK"
[ 2026-08-24 16:06:22,194 ] httpcore.http11 - DEBUG - receive_response_body.started request=<Request [b'GET']>
[ 2026-08-24 16:06:22,340 ] httpcore.http11 - DEBUG - receive_response_body.complete
[ 2026-08-24 16:06:22,340 ] httpcore.http11 - DEBUG - response_closed.started
[ 2026-08-24 16:06:22,341 ] httpcore.http11 - DEBUG - response_closed.complete
[ 2026-08-24 16:06:22,370 ] sentence_transformers.base.modules.transformer - DEBUG - Active modality config: {'text': {'method': 'forward', 'method_output_name': 'last_hidden_state'}}
[ 2026-08-24 16:06:22,372 ] httpcore.http11 - DEBUG - send_request_headers.started request=<Request [b'HEAD']>
[ 2026-08-24 16:06:22,372 ] httpcore.http11 - DEBUG - send_request_headers.complete
[ 2026-08-24 16:06:22,373 ] httpcore.http11 - DEBUG - send_request_body.started request=<Request [b'HEAD']>
[ 2026-08-24 16:06:22,373 ] httpcore.http11 - DEBUG - send_request_body.complete
[ 2026-08-24 16:06:22,373 ] httpcore.http11 - DEBUG - receive_response_headers.started request=<Request [b'HEAD']>
[ 2026-08-24 16:06:22,635 ] httpcore.http11 - DEBUG - receive_response_headers.complete return_value=(b'HTTP/1.1', 307, b'Temporary Redirect', [(b'Content-Type', b'text/plain; charset=utf-8'), (b'Content-Length', b'272'), (b'Connection', b'keep-alive'), (b'Date', b'Mon, 24 Aug 2026 08:06:22 GMT'), (b'Location', b'/api/resolve-cache/models/BAAI/bge-large-zh-v1.5/79e7739b6ab944e86d6171e44d24c997fc1e0116/1_Pooling%2Fconfig.json?%2FBAAI%2Fbge-large-zh-v1.5%2Fresolve%2Fmain%2F1_Pooling%2Fconfig.json=&etag=%229bd85925f325e25246d94c4918dc02ab98f2a1b7%22'), (b'X-Powered-By', b'huggingface-moon'), (b'X-Request-Id', b'Root=1-6a8bfb7e-037ceca525ed70de1be4795f;76fb6f55-f791-4c9e-91d7-2c470329419b'), (b'RateLimit', b'"resolvers";r=2960;t=74'), (b'RateLimit-Policy', b'"fixed window";"resolvers";q=3000;w=300'), (b'cross-origin-opener-policy', b'same-origin'), (b'Referrer-Policy', b'strict-origin-when-cross-origin'), (b'Access-Control-Max-Age', b'86400'), (b'Access-Control-Allow-Origin', b'https://huggingface.co'), (b'Vary', b'Origin, Accept'), (b'Access-Control-Expose-Headers', b'X-Repo-Commit,X-Request-Id,X-Error-Code,X-Error-Message,X-Total-Count,ETag,Link,Accept-Ranges,Content-Range,X-Linked-Size,X-Linked-ETag,X-Xet-Hash'), (b'X-Repo-Commit', b'79e7739b6ab944e86d6171e44d24c997fc1e0116'), (b'Accept-Ranges', b'bytes'), (b'X-HF-Warning', b'unauthenticated; Warning: You are sending unauthenticated requests to the HF Hub. Please set a HF_TOKEN to enable higher rate limits and faster downloads.'), (b'X-Hub-Cache', b'MISS'), (b'Content-Disposition', b'inline; filename*=UTF-8\'\'config.json; filename="config.json";'), (b'Content-Security-Policy', b"default-src 'none'; sandbox"), (b'X-Linked-ETag', b'"9bd85925f325e25246d94c4918dc02ab98f2a1b7"'), (b'X-Cache', b'Miss from cloudfront'), (b'Via', b'1.1 eb20e7a8d493ecd61b97c07c2941de64.cloudfront.net (CloudFront)'), (b'X-Amz-Cf-Pop', b'FRA56-P17'), (b'Alt-Svc', b'h3=":443"; ma=86400'), (b'X-Amz-Cf-Id', b'3xeD_cgVu9q9h2VBUPz7rRsbxJ-a6p90i-9YBdresq8w8mmHHszYzw==')])
[ 2026-08-24 16:06:22,635 ] httpx - INFO - HTTP Request: HEAD https://huggingface.co/BAAI/bge-large-zh-v1.5/resolve/main/1_Pooling/config.json "HTTP/1.1 307 Temporary Redirect"
[ 2026-08-24 16:06:22,636 ] httpcore.http11 - DEBUG - receive_response_body.started request=<Request [b'HEAD']>
[ 2026-08-24 16:06:22,636 ] httpcore.http11 - DEBUG - receive_response_body.complete
[ 2026-08-24 16:06:22,636 ] httpcore.http11 - DEBUG - response_closed.started
[ 2026-08-24 16:06:22,636 ] httpcore.http11 - DEBUG - response_closed.complete
[ 2026-08-24 16:06:22,636 ] httpcore.http11 - DEBUG - send_request_headers.started request=<Request [b'HEAD']>
[ 2026-08-24 16:06:22,637 ] httpcore.http11 - DEBUG - send_request_headers.complete
[ 2026-08-24 16:06:22,637 ] httpcore.http11 - DEBUG - send_request_body.started request=<Request [b'HEAD']>
[ 2026-08-24 16:06:22,637 ] httpcore.http11 - DEBUG - send_request_body.complete
[ 2026-08-24 16:06:22,637 ] httpcore.http11 - DEBUG - receive_response_headers.started request=<Request [b'HEAD']>
[ 2026-08-24 16:06:22,808 ] httpcore.http11 - DEBUG - receive_response_headers.complete return_value=(b'HTTP/1.1', 200, b'OK', [(b'Content-Type', b'text/plain; charset=utf-8'), (b'Content-Length', b'191'), (b'Connection', b'keep-alive'), (b'Date', b'Fri, 17 Jul 2026 09:06:54 GMT'), (b'ETag', b'"9bd85925f325e25246d94c4918dc02ab98f2a1b7"'), (b'X-Powered-By', b'huggingface-moon'), (b'X-Request-Id', b'Root=1-6a59f0ae-70c0c6ba248d48e874c5894b;ecfe3705-3aa0-4dbb-9a7d-f9d7b359dbe5'), (b'RateLimit', b'"resolvers";r=2968;t=154'), (b'RateLimit-Policy', b'"fixed window";"resolvers";q=3000;w=300'), (b'cross-origin-opener-policy', b'same-origin'), (b'Referrer-Policy', b'strict-origin-when-cross-origin'), (b'Access-Control-Max-Age', b'86400'), (b'Access-Control-Allow-Origin', b'https://huggingface.co'), (b'Access-Control-Expose-Headers', b'X-Repo-Commit,X-Request-Id,X-Error-Code,X-Error-Message,X-Total-Count,ETag,Link,Accept-Ranges,Content-Range,X-Linked-Size,X-Linked-ETag,X-Xet-Hash'), (b'X-Repo-Commit', b'79e7739b6ab944e86d6171e44d24c997fc1e0116'), (b'Accept-Ranges', b'bytes'), (b'X-Hub-Cache', b'HIT'), (b'Content-Disposition', b'inline; filename*=UTF-8\'\'config.json; filename="config.json";'), (b'Content-Security-Policy', b"default-src 'none'; sandbox"), (b'Vary', b'Origin'), (b'X-Cache', b'Hit from cloudfront'), (b'Via', b'1.1 eb20e7a8d493ecd61b97c07c2941de64.cloudfront.net (CloudFront)'), (b'X-Amz-Cf-Pop', b'FRA56-P17'), (b'Alt-Svc', b'h3=":443"; ma=86400'), (b'X-Amz-Cf-Id', b'yO1XIHAtkGgKVkGhb83zHedp17smMhmNBNZXVapaw6C9Z6gcPpMDng=='), (b'Age', b'3279568')])
[ 2026-08-24 16:06:22,808 ] httpx - INFO - HTTP Request: HEAD https://huggingface.co/api/resolve-cache/models/BAAI/bge-large-zh-v1.5/79e7739b6ab944e86d6171e44d24c997fc1e0116/1_Pooling%2Fconfig.json "HTTP/1.1 200 OK"
[ 2026-08-24 16:06:22,808 ] httpcore.http11 - DEBUG - receive_response_body.started request=<Request [b'HEAD']>
[ 2026-08-24 16:06:22,808 ] httpcore.http11 - DEBUG - receive_response_body.complete
[ 2026-08-24 16:06:22,808 ] httpcore.http11 - DEBUG - response_closed.started
[ 2026-08-24 16:06:22,808 ] httpcore.http11 - DEBUG - response_closed.complete
[ 2026-08-24 16:06:22,810 ] httpcore.http11 - DEBUG - send_request_headers.started request=<Request [b'HEAD']>
[ 2026-08-24 16:06:22,811 ] httpcore.http11 - DEBUG - send_request_headers.complete
[ 2026-08-24 16:06:22,811 ] httpcore.http11 - DEBUG - send_request_body.started request=<Request [b'HEAD']>
[ 2026-08-24 16:06:22,811 ] httpcore.http11 - DEBUG - send_request_body.complete
[ 2026-08-24 16:06:22,811 ] httpcore.http11 - DEBUG - receive_response_headers.started request=<Request [b'HEAD']>
[ 2026-08-24 16:06:23,696 ] httpcore.http11 - DEBUG - receive_response_headers.complete return_value=(b'HTTP/1.1', 404, b'Not Found', [(b'Content-Type', b'text/plain; charset=utf-8'), (b'Content-Length', b'15'), (b'Connection', b'keep-alive'), (b'Date', b'Mon, 24 Aug 2026 08:06:23 GMT'), (b'ETag', b'W/"f-mY2VvLxuxB7KhsoOdQTlMTccuAQ"'), (b'X-Powered-By', b'huggingface-moon'), (b'X-Request-Id', b'Root=1-6a8bfb7f-74a8680b030317d870735841;2c537758-717d-4f70-839c-7266d3b19925'), (b'RateLimit', b'"resolvers";r=2959;t=73'), (b'RateLimit-Policy', b'"fixed window";"resolvers";q=3000;w=300'), (b'cross-origin-opener-policy', b'same-origin'), (b'Referrer-Policy', b'strict-origin-when-cross-origin'), (b'Access-Control-Max-Age', b'86400'), (b'Access-Control-Allow-Origin', b'https://huggingface.co'), (b'Vary', b'Origin'), (b'Access-Control-Expose-Headers', b'X-Repo-Commit,X-Request-Id,X-Error-Code,X-Error-Message,X-Total-Count,ETag,Link,Accept-Ranges,Content-Range,X-Linked-Size,X-Linked-ETag,X-Xet-Hash'), (b'X-Repo-Commit', b'79e7739b6ab944e86d6171e44d24c997fc1e0116'), (b'Accept-Ranges', b'bytes'), (b'X-HF-Warning', b'unauthenticated; Warning: You are sending unauthenticated requests to the HF Hub. Please set a HF_TOKEN to enable higher rate limits and faster downloads.'), (b'X-Hub-Cache', b'MISS'), (b'X-Error-Code', b'EntryNotFound'), (b'X-Error-Message', b'Entry not found'), (b'X-Cache', b'Error from cloudfront'), (b'Via', b'1.1 eb20e7a8d493ecd61b97c07c2941de64.cloudfront.net (CloudFront)'), (b'X-Amz-Cf-Pop', b'FRA56-P17'), (b'Alt-Svc', b'h3=":443"; ma=86400'), (b'X-Amz-Cf-Id', b'SN_srQRWJ6D3w_0udkk8hABt9dtTVvAdJmTkIkmr2ZZc32O-SKMSHQ==')])
[ 2026-08-24 16:06:23,696 ] httpx - INFO - HTTP Request: HEAD https://huggingface.co/BAAI/bge-large-zh-v1.5/resolve/main/2_Normalize/config.json "HTTP/1.1 404 Not Found"
[ 2026-08-24 16:06:23,697 ] httpcore.http11 - DEBUG - receive_response_body.started request=<Request [b'HEAD']>
[ 2026-08-24 16:06:23,697 ] httpcore.http11 - DEBUG - receive_response_body.complete
[ 2026-08-24 16:06:23,697 ] httpcore.http11 - DEBUG - response_closed.started
[ 2026-08-24 16:06:23,697 ] httpcore.http11 - DEBUG - response_closed.complete
[ 2026-08-24 16:06:23,699 ] sentence_transformers.util.file_io - DEBUG - Could not load 'config.json' from 'BAAI/bge-large-zh-v1.5': 404 Client Error. (Request ID: Root=1-6a8bfb7f-74a8680b030317d870735841;2c537758-717d-4f70-839c-7266d3b19925)

Entry Not Found for url: https://huggingface.co/BAAI/bge-large-zh-v1.5/resolve/main/2_Normalize/config.json.
[ 2026-08-24 16:06:23,703 ] httpcore.http11 - DEBUG - send_request_headers.started request=<Request [b'GET']>
[ 2026-08-24 16:06:23,710 ] httpcore.http11 - DEBUG - send_request_headers.complete
[ 2026-08-24 16:06:23,710 ] httpcore.http11 - DEBUG - send_request_body.started request=<Request [b'GET']>
[ 2026-08-24 16:06:23,711 ] httpcore.http11 - DEBUG - send_request_body.complete
[ 2026-08-24 16:06:23,711 ] httpcore.http11 - DEBUG - receive_response_headers.started request=<Request [b'GET']>
[ 2026-08-24 16:06:25,199 ] httpcore.http11 - DEBUG - receive_response_headers.complete return_value=(b'HTTP/1.1', 200, b'OK', [(b'Content-Type', b'application/json; charset=utf-8'), (b'Transfer-Encoding', b'chunked'), (b'Connection', b'keep-alive'), (b'Date', b'Mon, 24 Aug 2026 08:06:24 GMT'), (b'content-encoding', b'gzip'), (b'ETag', b'W/"1087-S+6DM8GSN3MHuNw6xUPojlZRyGk"'), (b'X-Powered-By', b'huggingface-moon'), (b'X-Request-Id', b'Root=1-6a8bfb80-59fd5f2c70fe184f612eadcd;b9ea011f-fe8c-48ba-bbf7-0c26de6896ec'), (b'RateLimit', b'"api";r=486;t=72'), (b'RateLimit-Policy', b'"fixed window";"api";q=500;w=300'), (b'cross-origin-opener-policy', b'same-origin'), (b'Referrer-Policy', b'strict-origin-when-cross-origin'), (b'Access-Control-Max-Age', b'86400'), (b'Access-Control-Allow-Origin', b'https://huggingface.co'), (b'Vary', b'Origin'), (b'vary', b'Accept-Encoding'), (b'Access-Control-Expose-Headers', b'X-Repo-Commit,X-Request-Id,X-Error-Code,X-Error-Message,X-Total-Count,ETag,Link,Accept-Ranges,Content-Range,X-Linked-Size,X-Linked-ETag,X-Xet-Hash'), (b'X-Cache', b'Miss from cloudfront'), (b'Via', b'1.1 eb20e7a8d493ecd61b97c07c2941de64.cloudfront.net (CloudFront)'), (b'X-Amz-Cf-Pop', b'FRA56-P17'), (b'Alt-Svc', b'h3=":443"; ma=86400'), (b'X-Amz-Cf-Id', b'xcLQsvsDnhsFCLMnlSqecVdSf-z8flmwBUwIbgKjeQPgpjZEtEiBPw==')])
[ 2026-08-24 16:06:25,200 ] httpx - INFO - HTTP Request: GET https://huggingface.co/api/models/BAAI/bge-large-zh-v1.5 "HTTP/1.1 200 OK"
[ 2026-08-24 16:06:25,200 ] httpcore.http11 - DEBUG - receive_response_body.started request=<Request [b'GET']>
[ 2026-08-24 16:06:25,200 ] httpcore.http11 - DEBUG - receive_response_body.complete
[ 2026-08-24 16:06:25,201 ] httpcore.http11 - DEBUG - response_closed.started
[ 2026-08-24 16:06:25,201 ] httpcore.http11 - DEBUG - response_closed.complete
[ 2026-08-24 16:06:26,182 ] langchain_openai.chat_models._client_utils - INFO - langchain-openai detected system proxy configuration and no explicit `http_socket_options` / `http_client` / `http_async_client` / `openai_proxy`; skipping the custom `httpx` transport so httpx's env-proxy auto-detection applies. Pass `http_socket_options=[...]` to opt back into kernel-level TCP keepalive tuning on top of the env proxy.
[ 2026-08-24 16:06:26,854 ] backend.agents.utils.helper - INFO - [MediaProcessor] DeepSeek Vision initialized
[ 2026-08-24 16:06:26,854 ] backend.agents.utils.helper - ERROR - [MediaProcessor] Groq Whisper init failed: GROQ_API_KEY not set
[ 2026-08-24 16:06:26,865 ] langgraph.checkpoint.redis - INFO - Redis client is a standalone client
[ 2026-08-24 16:06:26,866 ] redisvl.index.index - INFO - Index already exists, not overwriting.
[ 2026-08-24 16:06:26,867 ] redisvl.index.index - INFO - Index already exists, not overwriting.
[ 2026-08-24 16:06:26,867 ] backend.agents - INFO - [STM] RedisSaver checkpointer ready
[ 2026-08-24 16:06:26,911 ] backend.agents - INFO - [Graph] MathTutorWorkflow compiled successfully
[ 2026-08-24 16:07:56,386 ] backend.agents - INFO - [DB] Redis sync client created
[ 2026-08-24 16:07:56,409 ] backend.agents - INFO - [User] Login | id=2cf9766d73e0411e
[ 2026-08-24 16:07:56,420 ] backend.agents - INFO - [Thread] Loaded 2 threads | student=2cf9766d73e0411e
[ 2026-08-24 16:08:15,221 ] backend.agents.utils.helper - ERROR - [Guardrail] failed: 'gbk' codec can't decode byte 0x80 in position 4: illegal multibyte sequence
