[ 2026-08-24 16:01:25,117 ] faiss.loader - DEBUG - Environment variable FAISS_OPT_LEVEL is not set, so let's pick the instruction set according to the current CPU
[ 2026-08-24 16:01:25,117 ] faiss.loader - INFO - Loading faiss with AVX2 support.
[ 2026-08-24 16:01:25,137 ] faiss.loader - INFO - Successfully loaded faiss with AVX2 support.
[ 2026-08-24 16:01:29,650 ] torio._extension.utils - DEBUG - Loading FFmpeg6
[ 2026-08-24 16:01:29,656 ] torio._extension.utils - DEBUG - Failed to load FFmpeg6 extension.
Traceback (most recent call last):
  File "C:\Users\22094\.conda\envs\agent\Lib\site-packages\torio\_extension\utils.py", line 116, in _find_ffmpeg_extension
    ext = _find_versionsed_ffmpeg_extension(ffmpeg_ver)
          ^^^^^^^^^^^^^^^^^^^^^^^^^^^^^^^^^^^^^^^^^^^^^
  File "C:\Users\22094\.conda\envs\agent\Lib\site-packages\torio\_extension\utils.py", line 108, in _find_versionsed_ffmpeg_extension
    _load_lib(lib)
  File "C:\Users\22094\.conda\envs\agent\Lib\site-packages\torio\_extension\utils.py", line 94, in _load_lib
    torch.ops.load_library(path)
  File "C:\Users\22094\.conda\envs\agent\Lib\site-packages\torch\_ops.py", line 1357, in load_library
    ctypes.CDLL(path)
  File "C:\Users\22094\.conda\envs\agent\Lib\ctypes\__init__.py", line 379, in __init__
    self._handle = _dlopen(self._name, mode)
                   ^^^^^^^^^^^^^^^^^^^^^^^^^
FileNotFoundError: Could not find module 'C:\Users\22094\.conda\envs\agent\Lib\site-packages\torio\lib\libtorio_ffmpeg6.pyd' (or one of its dependencies). Try using the full path with constructor syntax.
[ 2026-08-24 16:01:29,659 ] torio._extension.utils - DEBUG - Loading FFmpeg5
[ 2026-08-24 16:01:29,661 ] torio._extension.utils - DEBUG - Failed to load FFmpeg5 extension.
Traceback (most recent call last):
  File "C:\Users\22094\.conda\envs\agent\Lib\site-packages\torio\_extension\utils.py", line 116, in _find_ffmpeg_extension
    ext = _find_versionsed_ffmpeg_extension(ffmpeg_ver)
          ^^^^^^^^^^^^^^^^^^^^^^^^^^^^^^^^^^^^^^^^^^^^^
  File "C:\Users\22094\.conda\envs\agent\Lib\site-packages\torio\_extension\utils.py", line 108, in _find_versionsed_ffmpeg_extension
    _load_lib(lib)
  File "C:\Users\22094\.conda\envs\agent\Lib\site-packages\torio\_extension\utils.py", line 94, in _load_lib
    torch.ops.load_library(path)
  File "C:\Users\22094\.conda\envs\agent\Lib\site-packages\torch\_ops.py", line 1357, in load_library
    ctypes.CDLL(path)
  File "C:\Users\22094\.conda\envs\agent\Lib\ctypes\__init__.py", line 379, in __init__
    self._handle = _dlopen(self._name, mode)
                   ^^^^^^^^^^^^^^^^^^^^^^^^^
FileNotFoundError: Could not find module 'C:\Users\22094\.conda\envs\agent\Lib\site-packages\torio\lib\libtorio_ffmpeg5.pyd' (or one of its dependencies). Try using the full path with constructor syntax.
[ 2026-08-24 16:01:29,661 ] torio._extension.utils - DEBUG - Loading FFmpeg4
[ 2026-08-24 16:01:29,664 ] torio._extension.utils - DEBUG - Failed to load FFmpeg4 extension.
Traceback (most recent call last):
  File "C:\Users\22094\.conda\envs\agent\Lib\site-packages\torio\_extension\utils.py", line 116, in _find_ffmpeg_extension
    ext = _find_versionsed_ffmpeg_extension(ffmpeg_ver)
          ^^^^^^^^^^^^^^^^^^^^^^^^^^^^^^^^^^^^^^^^^^^^^
  File "C:\Users\22094\.conda\envs\agent\Lib\site-packages\torio\_extension\utils.py", line 108, in _find_versionsed_ffmpeg_extension
    _load_lib(lib)
  File "C:\Users\22094\.conda\envs\agent\Lib\site-packages\torio\_extension\utils.py", line 94, in _load_lib
    torch.ops.load_library(path)
  File "C:\Users\22094\.conda\envs\agent\Lib\site-packages\torch\_ops.py", line 1357, in load_library
    ctypes.CDLL(path)
  File "C:\Users\22094\.conda\envs\agent\Lib\ctypes\__init__.py", line 379, in __init__
    self._handle = _dlopen(self._name, mode)
                   ^^^^^^^^^^^^^^^^^^^^^^^^^
FileNotFoundError: Could not find module 'C:\Users\22094\.conda\envs\agent\Lib\site-packages\torio\lib\libtorio_ffmpeg4.pyd' (or one of its dependencies). Try using the full path with constructor syntax.
[ 2026-08-24 16:01:29,666 ] torio._extension.utils - DEBUG - Loading FFmpeg
[ 2026-08-24 16:01:29,668 ] torio._extension.utils - DEBUG - Failed to load FFmpeg extension.
Traceback (most recent call last):
  File "C:\Users\22094\.conda\envs\agent\Lib\site-packages\torio\_extension\utils.py", line 116, in _find_ffmpeg_extension
    ext = _find_versionsed_ffmpeg_extension(ffmpeg_ver)
          ^^^^^^^^^^^^^^^^^^^^^^^^^^^^^^^^^^^^^^^^^^^^^
  File "C:\Users\22094\.conda\envs\agent\Lib\site-packages\torio\_extension\utils.py", line 106, in _find_versionsed_ffmpeg_extension
    raise RuntimeError(f"FFmpeg{version} extension is not available.")
RuntimeError: FFmpeg extension is not available.
[ 2026-08-24 16:01:30,473 ] sentence_transformers.base.model - INFO - No device provided, using cuda:0
[ 2026-08-24 16:01:30,517 ] httpcore.connection - DEBUG - connect_tcp.started host='127.0.0.1' port=7897 local_address=None timeout=10 socket_options=None
[ 2026-08-24 16:01:30,541 ] httpcore.connection - DEBUG - connect_tcp.complete return_value=<httpcore._backends.sync.SyncStream object at 0x00000183D41FE570>
[ 2026-08-24 16:01:30,541 ] httpcore.http11 - DEBUG - send_request_headers.started request=<Request [b'CONNECT']>
[ 2026-08-24 16:01:30,542 ] httpcore.http11 - DEBUG - send_request_headers.complete
[ 2026-08-24 16:01:30,542 ] httpcore.http11 - DEBUG - send_request_body.started request=<Request [b'CONNECT']>
[ 2026-08-24 16:01:30,542 ] httpcore.http11 - DEBUG - send_request_body.complete
[ 2026-08-24 16:01:30,542 ] httpcore.http11 - DEBUG - receive_response_headers.started request=<Request [b'CONNECT']>
[ 2026-08-24 16:01:30,542 ] httpcore.http11 - DEBUG - receive_response_headers.complete return_value=(b'HTTP/1.1', 200, b'Connection established', [])
[ 2026-08-24 16:01:30,542 ] httpcore.proxy - DEBUG - start_tls.started ssl_context=<ssl.SSLContext object at 0x00000183D424D4D0> server_hostname='huggingface.co' timeout=10
[ 2026-08-24 16:01:30,997 ] httpcore.proxy - DEBUG - start_tls.complete return_value=<httpcore._backends.sync.SyncStream object at 0x00000183D2EC89E0>
[ 2026-08-24 16:01:30,997 ] httpcore.http11 - DEBUG - send_request_headers.started request=<Request [b'HEAD']>
[ 2026-08-24 16:01:30,997 ] httpcore.http11 - DEBUG - send_request_headers.complete
[ 2026-08-24 16:01:30,997 ] httpcore.http11 - DEBUG - send_request_body.started request=<Request [b'HEAD']>
[ 2026-08-24 16:01:30,997 ] httpcore.http11 - DEBUG - send_request_body.complete
[ 2026-08-24 16:01:30,997 ] httpcore.http11 - DEBUG - receive_response_headers.started request=<Request [b'HEAD']>
[ 2026-08-24 16:01:31,249 ] httpcore.http11 - DEBUG - receive_response_headers.complete return_value=(b'HTTP/1.1', 307, b'Temporary Redirect', [(b'Content-Type', b'text/plain; charset=utf-8'), (b'Content-Length', b'250'), (b'Connection', b'keep-alive'), (b'Date', b'Mon, 24 Aug 2026 08:01:31 GMT'), (b'Location', b'/api/resolve-cache/models/BAAI/bge-large-zh-v1.5/79e7739b6ab944e86d6171e44d24c997fc1e0116/modules.json?%2FBAAI%2Fbge-large-zh-v1.5%2Fresolve%2Fmain%2Fmodules.json=&etag=%22952a9b81c0bfd99800fabf352f69c7ccd46c5e43%22'), (b'X-Powered-By', b'huggingface-moon'), (b'X-Request-Id', b'Root=1-6a8bfa5b-14fe30836f17673c67648e11;edb2305a-653d-46a3-90e2-6da28b80acee'), (b'RateLimit', b'"resolvers";r=2999;t=65'), (b'RateLimit-Policy', b'"fixed window";"resolvers";q=3000;w=300'), (b'cross-origin-opener-policy', b'same-origin'), (b'Referrer-Policy', b'strict-origin-when-cross-origin'), (b'Access-Control-Max-Age', b'86400'), (b'Access-Control-Allow-Origin', b'https://huggingface.co'), (b'Vary', b'Origin, Accept'), (b'Access-Control-Expose-Headers', b'X-Repo-Commit,X-Request-Id,X-Error-Code,X-Error-Message,X-Total-Count,ETag,Link,Accept-Ranges,Content-Range,X-Linked-Size,X-Linked-ETag,X-Xet-Hash'), (b'X-Repo-Commit', b'79e7739b6ab944e86d6171e44d24c997fc1e0116'), (b'Accept-Ranges', b'bytes'), (b'X-HF-Warning', b'unauthenticated; Warning: You are sending unauthenticated requests to the HF Hub. Please set a HF_TOKEN to enable higher rate limits and faster downloads.'), (b'X-Hub-Cache', b'HIT'), (b'Content-Disposition', b'inline; filename*=UTF-8\'\'modules.json; filename="modules.json";'), (b'Content-Security-Policy', b"default-src 'none'; sandbox"), (b'X-Linked-ETag', b'"952a9b81c0bfd99800fabf352f69c7ccd46c5e43"'), (b'X-Cache', b'Miss from cloudfront'), (b'Via', b'1.1 519a45a6eb7235ed934341d9b7a8cb2c.cloudfront.net (CloudFront)'), (b'X-Amz-Cf-Pop', b'FRA56-P17'), (b'Alt-Svc', b'h3=":443"; ma=86400'), (b'X-Amz-Cf-Id', b'mmmLMR6lmnXbc1tuLuOoMhyvNSgly2PwLLRepXiCv63PO_hhDTNrAw==')])
[ 2026-08-24 16:01:31,250 ] httpx - INFO - HTTP Request: HEAD https://huggingface.co/BAAI/bge-large-zh-v1.5/resolve/main/modules.json "HTTP/1.1 307 Temporary Redirect"
[ 2026-08-24 16:01:31,251 ] httpcore.http11 - DEBUG - receive_response_body.started request=<Request [b'HEAD']>
[ 2026-08-24 16:01:31,251 ] httpcore.http11 - DEBUG - receive_response_body.complete
[ 2026-08-24 16:01:31,251 ] httpcore.http11 - DEBUG - response_closed.started
[ 2026-08-24 16:01:31,252 ] httpcore.http11 - DEBUG - response_closed.complete
[ 2026-08-24 16:01:31,252 ] huggingface_hub.utils._http - WARNING - Warning: You are sending unauthenticated requests to the HF Hub. Please set a HF_TOKEN to enable higher rate limits and faster downloads.
[ 2026-08-24 16:01:31,253 ] httpcore.http11 - DEBUG - send_request_headers.started request=<Request [b'HEAD']>
[ 2026-08-24 16:01:31,254 ] httpcore.http11 - DEBUG - send_request_headers.complete
[ 2026-08-24 16:01:31,255 ] httpcore.http11 - DEBUG - send_request_body.started request=<Request [b'HEAD']>
[ 2026-08-24 16:01:31,255 ] httpcore.http11 - DEBUG - send_request_body.complete
[ 2026-08-24 16:01:31,255 ] httpcore.http11 - DEBUG - receive_response_headers.started request=<Request [b'HEAD']>
[ 2026-08-24 16:01:31,408 ] httpcore.http11 - DEBUG - receive_response_headers.complete return_value=(b'HTTP/1.1', 200, b'OK', [(b'Content-Type', b'text/plain; charset=utf-8'), (b'Content-Length', b'349'), (b'Connection', b'keep-alive'), (b'Date', b'Fri, 10 Jul 2026 00:53:28 GMT'), (b'ETag', b'"952a9b81c0bfd99800fabf352f69c7ccd46c5e43"'), (b'X-Powered-By', b'huggingface-moon'), (b'X-Request-Id', b'Root=1-6a504288-223c81c14e7dec45053907bc;9b2d33cc-6a62-486f-b537-e61c4bea1197'), (b'RateLimit', b'"resolvers";r=2965;t=296'), (b'RateLimit-Policy', b'"fixed window";"resolvers";q=3000;w=300'), (b'cross-origin-opener-policy', b'same-origin'), (b'Referrer-Policy', b'strict-origin-when-cross-origin'), (b'Access-Control-Max-Age', b'86400'), (b'Access-Control-Allow-Origin', b'https://huggingface.co'), (b'Access-Control-Expose-Headers', b'X-Repo-Commit,X-Request-Id,X-Error-Code,X-Error-Message,X-Total-Count,ETag,Link,Accept-Ranges,Content-Range,X-Linked-Size,X-Linked-ETag,X-Xet-Hash'), (b'X-Repo-Commit', b'79e7739b6ab944e86d6171e44d24c997fc1e0116'), (b'Accept-Ranges', b'bytes'), (b'X-Hub-Cache', b'MISS'), (b'Content-Disposition', b'inline; filename*=UTF-8\'\'modules.json; filename="modules.json";'), (b'Content-Security-Policy', b"default-src 'none'; sandbox"), (b'Vary', b'Origin'), (b'X-Cache', b'Hit from cloudfront'), (b'Via', b'1.1 519a45a6eb7235ed934341d9b7a8cb2c.cloudfront.net (CloudFront)'), (b'X-Amz-Cf-Pop', b'FRA56-P17'), (b'Alt-Svc', b'h3=":443"; ma=86400'), (b'X-Amz-Cf-Id', b'Arn7jPoM2_7yZhoNQ6LCYi7sxgzAtS-NYvYHk9BmAujyIQ-_PJbG1A=='), (b'Age', b'3913683')])
[ 2026-08-24 16:01:31,409 ] httpx - INFO - HTTP Request: HEAD https://huggingface.co/api/resolve-cache/models/BAAI/bge-large-zh-v1.5/79e7739b6ab944e86d6171e44d24c997fc1e0116/modules.json "HTTP/1.1 200 OK"
[ 2026-08-24 16:01:31,409 ] httpcore.http11 - DEBUG - receive_response_body.started request=<Request [b'HEAD']>
[ 2026-08-24 16:01:31,409 ] httpcore.http11 - DEBUG - receive_response_body.complete
[ 2026-08-24 16:01:31,409 ] httpcore.http11 - DEBUG - response_closed.started
[ 2026-08-24 16:01:31,409 ] httpcore.http11 - DEBUG - response_closed.complete
[ 2026-08-24 16:01:31,414 ] httpcore.http11 - DEBUG - send_request_headers.started request=<Request [b'HEAD']>
[ 2026-08-24 16:01:31,415 ] httpcore.http11 - DEBUG - send_request_headers.complete
[ 2026-08-24 16:01:31,415 ] httpcore.http11 - DEBUG - send_request_body.started request=<Request [b'HEAD']>
[ 2026-08-24 16:01:31,415 ] httpcore.http11 - DEBUG - send_request_body.complete
[ 2026-08-24 16:01:31,415 ] httpcore.http11 - DEBUG - receive_response_headers.started request=<Request [b'HEAD']>
[ 2026-08-24 16:01:31,662 ] httpcore.http11 - DEBUG - receive_response_headers.complete return_value=(b'HTTP/1.1', 307, b'Temporary Redirect', [(b'Content-Type', b'text/plain; charset=utf-8'), (b'Content-Length', b'292'), (b'Connection', b'keep-alive'), (b'Date', b'Mon, 24 Aug 2026 08:01:31 GMT'), (b'Location', b'/api/resolve-cache/models/BAAI/bge-large-zh-v1.5/79e7739b6ab944e86d6171e44d24c997fc1e0116/config_sentence_transformers.json?%2FBAAI%2Fbge-large-zh-v1.5%2Fresolve%2Fmain%2Fconfig_sentence_transformers.json=&etag=%22dcb0c0d97d09b930d13600b1a773ddb27e441aab%22'), (b'X-Powered-By', b'huggingface-moon'), (b'X-Request-Id', b'Root=1-6a8bfa5b-06f69b8022e13aea42e18806;f0f37f42-8010-41d8-9a3a-a509d49706c3'), (b'RateLimit', b'"resolvers";r=2998;t=65'), (b'RateLimit-Policy', b'"fixed window";"resolvers";q=3000;w=300'), (b'cross-origin-opener-policy', b'same-origin'), (b'Referrer-Policy', b'strict-origin-when-cross-origin'), (b'Access-Control-Max-Age', b'86400'), (b'Access-Control-Allow-Origin', b'https://huggingface.co'), (b'Vary', b'Origin, Accept'), (b'Access-Control-Expose-Headers', b'X-Repo-Commit,X-Request-Id,X-Error-Code,X-Error-Message,X-Total-Count,ETag,Link,Accept-Ranges,Content-Range,X-Linked-Size,X-Linked-ETag,X-Xet-Hash'), (b'X-Repo-Commit', b'79e7739b6ab944e86d6171e44d24c997fc1e0116'), (b'Accept-Ranges', b'bytes'), (b'X-HF-Warning', b'unauthenticated; Warning: You are sending unauthenticated requests to the HF Hub. Please set a HF_TOKEN to enable higher rate limits and faster downloads.'), (b'X-Hub-Cache', b'HIT'), (b'Content-Disposition', b'inline; filename*=UTF-8\'\'config_sentence_transformers.json; filename="config_sentence_transformers.json";'), (b'Content-Security-Policy', b"default-src 'none'; sandbox"), (b'X-Linked-ETag', b'"dcb0c0d97d09b930d13600b1a773ddb27e441aab"'), (b'X-Cache', b'Miss from cloudfront'), (b'Via', b'1.1 519a45a6eb7235ed934341d9b7a8cb2c.cloudfront.net (CloudFront)'), (b'X-Amz-Cf-Pop', b'FRA56-P17'), (b'Alt-Svc', b'h3=":443"; ma=86400'), (b'X-Amz-Cf-Id', b'xzS7qS-LZMZ5LGofEsUOAW2LbNMJl97dUFECNTmOlr98SE9-fCFYvw==')])
[ 2026-08-24 16:01:31,662 ] httpx - INFO - HTTP Request: HEAD https://huggingface.co/BAAI/bge-large-zh-v1.5/resolve/main/config_sentence_transformers.json "HTTP/1.1 307 Temporary Redirect"
[ 2026-08-24 16:01:31,662 ] httpcore.http11 - DEBUG - receive_response_body.started request=<Request [b'HEAD']>
[ 2026-08-24 16:01:31,663 ] httpcore.http11 - DEBUG - receive_response_body.complete
[ 2026-08-24 16:01:31,663 ] httpcore.http11 - DEBUG - response_closed.started
[ 2026-08-24 16:01:31,663 ] httpcore.http11 - DEBUG - response_closed.complete
[ 2026-08-24 16:01:31,663 ] httpcore.http11 - DEBUG - send_request_headers.started request=<Request [b'HEAD']>
[ 2026-08-24 16:01:31,664 ] httpcore.http11 - DEBUG - send_request_headers.complete
[ 2026-08-24 16:01:31,664 ] httpcore.http11 - DEBUG - send_request_body.started request=<Request [b'HEAD']>
[ 2026-08-24 16:01:31,664 ] httpcore.http11 - DEBUG - send_request_body.complete
[ 2026-08-24 16:01:31,664 ] httpcore.http11 - DEBUG - receive_response_headers.started request=<Request [b'HEAD']>
[ 2026-08-24 16:01:31,821 ] httpcore.http11 - DEBUG - receive_response_headers.complete return_value=(b'HTTP/1.1', 200, b'OK', [(b'Content-Type', b'text/plain; charset=utf-8'), (b'Content-Length', b'124'), (b'Connection', b'keep-alive'), (b'Date', b'Thu, 09 Jul 2026 05:42:28 GMT'), (b'ETag', b'"dcb0c0d97d09b930d13600b1a773ddb27e441aab"'), (b'X-Powered-By', b'huggingface-moon'), (b'X-Request-Id', b'Root=1-6a4f34c4-58aee01843c4aec11e288903;1d717f18-aa12-4285-826b-3f3b0ce22277'), (b'RateLimit', b'"resolvers";r=2997;t=280'), (b'RateLimit-Policy', b'"fixed window";"resolvers";q=3000;w=300'), (b'cross-origin-opener-policy', b'same-origin'), (b'Referrer-Policy', b'strict-origin-when-cross-origin'), (b'Access-Control-Max-Age', b'86400'), (b'Access-Control-Allow-Origin', b'https://huggingface.co'), (b'Access-Control-Expose-Headers', b'X-Repo-Commit,X-Request-Id,X-Error-Code,X-Error-Message,X-Total-Count,ETag,Link,Accept-Ranges,Content-Range,X-Linked-Size,X-Linked-ETag,X-Xet-Hash'), (b'X-Repo-Commit', b'79e7739b6ab944e86d6171e44d24c997fc1e0116'), (b'Accept-Ranges', b'bytes'), (b'X-Hub-Cache', b'HIT'), (b'Content-Disposition', b'inline; filename*=UTF-8\'\'config_sentence_transformers.json; filename="config_sentence_transformers.json";'), (b'Content-Security-Policy', b"default-src 'none'; sandbox"), (b'Vary', b'Origin'), (b'X-Cache', b'Hit from cloudfront'), (b'Via', b'1.1 519a45a6eb7235ed934341d9b7a8cb2c.cloudfront.net (CloudFront)'), (b'X-Amz-Cf-Pop', b'FRA56-P17'), (b'Alt-Svc', b'h3=":443"; ma=86400'), (b'X-Amz-Cf-Id', b'qOSejsFMyLWhV7KNERIWacFcNSUDSQoHNk2l408PDpqggZ_YwvqwNQ=='), (b'Age', b'3982743')])
[ 2026-08-24 16:01:31,822 ] httpx - INFO - HTTP Request: HEAD https://huggingface.co/api/resolve-cache/models/BAAI/bge-large-zh-v1.5/79e7739b6ab944e86d6171e44d24c997fc1e0116/config_sentence_transformers.json "HTTP/1.1 200 OK"
[ 2026-08-24 16:01:31,822 ] httpcore.http11 - DEBUG - receive_response_body.started request=<Request [b'HEAD']>
[ 2026-08-24 16:01:31,822 ] httpcore.http11 - DEBUG - receive_response_body.complete
[ 2026-08-24 16:01:31,822 ] httpcore.http11 - DEBUG - response_closed.started
[ 2026-08-24 16:01:31,822 ] httpcore.http11 - DEBUG - response_closed.complete
[ 2026-08-24 16:01:31,825 ] sentence_transformers.base.model - INFO - Loading SentenceTransformer model from BAAI/bge-large-zh-v1.5.
[ 2026-08-24 16:01:31,827 ] httpcore.http11 - DEBUG - send_request_headers.started request=<Request [b'HEAD']>
[ 2026-08-24 16:01:31,828 ] httpcore.http11 - DEBUG - send_request_headers.complete
[ 2026-08-24 16:01:31,828 ] httpcore.http11 - DEBUG - send_request_body.started request=<Request [b'HEAD']>
[ 2026-08-24 16:01:31,828 ] httpcore.http11 - DEBUG - send_request_body.complete
[ 2026-08-24 16:01:31,829 ] httpcore.http11 - DEBUG - receive_response_headers.started request=<Request [b'HEAD']>
[ 2026-08-24 16:01:32,073 ] httpcore.http11 - DEBUG - receive_response_headers.complete return_value=(b'HTTP/1.1', 307, b'Temporary Redirect', [(b'Content-Type', b'text/plain; charset=utf-8'), (b'Content-Length', b'292'), (b'Connection', b'keep-alive'), (b'Date', b'Mon, 24 Aug 2026 08:01:31 GMT'), (b'Location', b'/api/resolve-cache/models/BAAI/bge-large-zh-v1.5/79e7739b6ab944e86d6171e44d24c997fc1e0116/config_sentence_transformers.json?%2FBAAI%2Fbge-large-zh-v1.5%2Fresolve%2Fmain%2Fconfig_sentence_transformers.json=&etag=%22dcb0c0d97d09b930d13600b1a773ddb27e441aab%22'), (b'X-Powered-By', b'huggingface-moon'), (b'X-Request-Id', b'Root=1-6a8bfa5b-3345a853482c50ba0925e4a4;9964bad8-d6ef-488e-bde4-1d8803743043'), (b'RateLimit', b'"resolvers";r=2997;t=65'), (b'RateLimit-Policy', b'"fixed window";"resolvers";q=3000;w=300'), (b'cross-origin-opener-policy', b'same-origin'), (b'Referrer-Policy', b'strict-origin-when-cross-origin'), (b'Access-Control-Max-Age', b'86400'), (b'Access-Control-Allow-Origin', b'https://huggingface.co'), (b'Vary', b'Origin, Accept'), (b'Access-Control-Expose-Headers', b'X-Repo-Commit,X-Request-Id,X-Error-Code,X-Error-Message,X-Total-Count,ETag,Link,Accept-Ranges,Content-Range,X-Linked-Size,X-Linked-ETag,X-Xet-Hash'), (b'X-Repo-Commit', b'79e7739b6ab944e86d6171e44d24c997fc1e0116'), (b'Accept-Ranges', b'bytes'), (b'X-HF-Warning', b'unauthenticated; Warning: You are sending unauthenticated requests to the HF Hub. Please set a HF_TOKEN to enable higher rate limits and faster downloads.'), (b'X-Hub-Cache', b'HIT'), (b'Content-Disposition', b'inline; filename*=UTF-8\'\'config_sentence_transformers.json; filename="config_sentence_transformers.json";'), (b'Content-Security-Policy', b"default-src 'none'; sandbox"), (b'X-Linked-ETag', b'"dcb0c0d97d09b930d13600b1a773ddb27e441aab"'), (b'X-Cache', b'Miss from cloudfront'), (b'Via', b'1.1 519a45a6eb7235ed934341d9b7a8cb2c.cloudfront.net (CloudFront)'), (b'X-Amz-Cf-Pop', b'FRA56-P17'), (b'Alt-Svc', b'h3=":443"; ma=86400'), (b'X-Amz-Cf-Id', b'5XxecJBTLQnMkimmeP6lg9aGssTWPq-Nbuy0lSE178hYPff5IOci3g==')])
[ 2026-08-24 16:01:32,074 ] httpx - INFO - HTTP Request: HEAD https://huggingface.co/BAAI/bge-large-zh-v1.5/resolve/main/config_sentence_transformers.json "HTTP/1.1 307 Temporary Redirect"
[ 2026-08-24 16:01:32,074 ] httpcore.http11 - DEBUG - receive_response_body.started request=<Request [b'HEAD']>
[ 2026-08-24 16:01:32,074 ] httpcore.http11 - DEBUG - receive_response_body.complete
[ 2026-08-24 16:01:32,074 ] httpcore.http11 - DEBUG - response_closed.started
[ 2026-08-24 16:01:32,074 ] httpcore.http11 - DEBUG - response_closed.complete
[ 2026-08-24 16:01:32,075 ] httpcore.http11 - DEBUG - send_request_headers.started request=<Request [b'HEAD']>
[ 2026-08-24 16:01:32,075 ] httpcore.http11 - DEBUG - send_request_headers.complete
[ 2026-08-24 16:01:32,075 ] httpcore.http11 - DEBUG - send_request_body.started request=<Request [b'HEAD']>
[ 2026-08-24 16:01:32,075 ] httpcore.http11 - DEBUG - send_request_body.complete
[ 2026-08-24 16:01:32,075 ] httpcore.http11 - DEBUG - receive_response_headers.started request=<Request [b'HEAD']>
[ 2026-08-24 16:01:32,231 ] httpcore.http11 - DEBUG - receive_response_headers.complete return_value=(b'HTTP/1.1', 200, b'OK', [(b'Content-Type', b'text/plain; charset=utf-8'), (b'Content-Length', b'124'), (b'Connection', b'keep-alive'), (b'Date', b'Thu, 09 Jul 2026 05:42:28 GMT'), (b'ETag', b'"dcb0c0d97d09b930d13600b1a773ddb27e441aab"'), (b'X-Powered-By', b'huggingface-moon'), (b'X-Request-Id', b'Root=1-6a4f34c4-58aee01843c4aec11e288903;1d717f18-aa12-4285-826b-3f3b0ce22277'), (b'RateLimit', b'"resolvers";r=2997;t=280'), (b'RateLimit-Policy', b'"fixed window";"resolvers";q=3000;w=300'), (b'cross-origin-opener-policy', b'same-origin'), (b'Referrer-Policy', b'strict-origin-when-cross-origin'), (b'Access-Control-Max-Age', b'86400'), (b'Access-Control-Allow-Origin', b'https://huggingface.co'), (b'Access-Control-Expose-Headers', b'X-Repo-Commit,X-Request-Id,X-Error-Code,X-Error-Message,X-Total-Count,ETag,Link,Accept-Ranges,Content-Range,X-Linked-Size,X-Linked-ETag,X-Xet-Hash'), (b'X-Repo-Commit', b'79e7739b6ab944e86d6171e44d24c997fc1e0116'), (b'Accept-Ranges', b'bytes'), (b'X-Hub-Cache', b'HIT'), (b'Content-Disposition', b'inline; filename*=UTF-8\'\'config_sentence_transformers.json; filename="config_sentence_transformers.json";'), (b'Content-Security-Policy', b"default-src 'none'; sandbox"), (b'Vary', b'Origin'), (b'X-Cache', b'Hit from cloudfront'), (b'Via', b'1.1 519a45a6eb7235ed934341d9b7a8cb2c.cloudfront.net (CloudFront)'), (b'X-Amz-Cf-Pop', b'FRA56-P17'), (b'Alt-Svc', b'h3=":443"; ma=86400'), (b'X-Amz-Cf-Id', b'Juuxw089Yrjzv9AD6ASj_JotceX7IoWD0MSf9EsuoA_p_iFKfoC86Q=='), (b'Age', b'3982744')])
[ 2026-08-24 16:01:32,232 ] httpx - INFO - HTTP Request: HEAD https://huggingface.co/api/resolve-cache/models/BAAI/bge-large-zh-v1.5/79e7739b6ab944e86d6171e44d24c997fc1e0116/config_sentence_transformers.json "HTTP/1.1 200 OK"
[ 2026-08-24 16:01:32,233 ] httpcore.http11 - DEBUG - receive_response_body.started request=<Request [b'HEAD']>
[ 2026-08-24 16:01:32,233 ] httpcore.http11 - DEBUG - receive_response_body.complete
[ 2026-08-24 16:01:32,233 ] httpcore.http11 - DEBUG - response_closed.started
[ 2026-08-24 16:01:32,233 ] httpcore.http11 - DEBUG - response_closed.complete
[ 2026-08-24 16:01:32,236 ] httpcore.http11 - DEBUG - send_request_headers.started request=<Request [b'HEAD']>
[ 2026-08-24 16:01:32,236 ] httpcore.http11 - DEBUG - send_request_headers.complete
[ 2026-08-24 16:01:32,237 ] httpcore.http11 - DEBUG - send_request_body.started request=<Request [b'HEAD']>
[ 2026-08-24 16:01:32,237 ] httpcore.http11 - DEBUG - send_request_body.complete
[ 2026-08-24 16:01:32,237 ] httpcore.http11 - DEBUG - receive_response_headers.started request=<Request [b'HEAD']>
[ 2026-08-24 16:01:32,489 ] httpcore.http11 - DEBUG - receive_response_headers.complete return_value=(b'HTTP/1.1', 307, b'Temporary Redirect', [(b'Content-Type', b'text/plain; charset=utf-8'), (b'Content-Length', b'244'), (b'Connection', b'keep-alive'), (b'Date', b'Mon, 24 Aug 2026 08:01:32 GMT'), (b'Location', b'/api/resolve-cache/models/BAAI/bge-large-zh-v1.5/79e7739b6ab944e86d6171e44d24c997fc1e0116/README.md?%2FBAAI%2Fbge-large-zh-v1.5%2Fresolve%2Fmain%2FREADME.md=&etag=%228ff328740d1166d0461691bb455cbe5047067f88%22'), (b'X-Powered-By', b'huggingface-moon'), (b'X-Request-Id', b'Root=1-6a8bfa5c-31d014280923058a29c26f4f;6a5fce96-fa0c-428d-a4a9-bbfa8fe8a918'), (b'RateLimit', b'"resolvers";r=2996;t=64'), (b'RateLimit-Policy', b'"fixed window";"resolvers";q=3000;w=300'), (b'cross-origin-opener-policy', b'same-origin'), (b'Referrer-Policy', b'strict-origin-when-cross-origin'), (b'Access-Control-Max-Age', b'86400'), (b'Access-Control-Allow-Origin', b'https://huggingface.co'), (b'Vary', b'Origin, Accept'), (b'Access-Control-Expose-Headers', b'X-Repo-Commit,X-Request-Id,X-Error-Code,X-Error-Message,X-Total-Count,ETag,Link,Accept-Ranges,Content-Range,X-Linked-Size,X-Linked-ETag,X-Xet-Hash'), (b'X-Repo-Commit', b'79e7739b6ab944e86d6171e44d24c997fc1e0116'), (b'Accept-Ranges', b'bytes'), (b'X-HF-Warning', b'unauthenticated; Warning: You are sending unauthenticated requests to the HF Hub. Please set a HF_TOKEN to enable higher rate limits and faster downloads.'), (b'X-Hub-Cache', b'HIT'), (b'Content-Disposition', b'inline; filename*=UTF-8\'\'README.md; filename="README.md";'), (b'Content-Security-Policy', b"default-src 'none'; sandbox"), (b'X-Linked-ETag', b'"8ff328740d1166d0461691bb455cbe5047067f88"'), (b'X-Cache', b'Miss from cloudfront'), (b'Via', b'1.1 519a45a6eb7235ed934341d9b7a8cb2c.cloudfront.net (CloudFront)'), (b'X-Amz-Cf-Pop', b'FRA56-P17'), (b'Alt-Svc', b'h3=":443"; ma=86400'), (b'X-Amz-Cf-Id', b'Npj8iPDE7FS1fg62Z-QF35I3fNaiUCUjiDCUD1-f7G_oWRFInznF1A==')])
[ 2026-08-24 16:01:32,489 ] httpx - INFO - HTTP Request: HEAD https://huggingface.co/BAAI/bge-large-zh-v1.5/resolve/main/README.md "HTTP/1.1 307 Temporary Redirect"
[ 2026-08-24 16:01:32,490 ] httpcore.http11 - DEBUG - receive_response_body.started request=<Request [b'HEAD']>
[ 2026-08-24 16:01:32,490 ] httpcore.http11 - DEBUG - receive_response_body.complete
[ 2026-08-24 16:01:32,490 ] httpcore.http11 - DEBUG - response_closed.started
[ 2026-08-24 16:01:32,490 ] httpcore.http11 - DEBUG - response_closed.complete
[ 2026-08-24 16:01:32,491 ] httpcore.http11 - DEBUG - send_request_headers.started request=<Request [b'HEAD']>
[ 2026-08-24 16:01:32,492 ] httpcore.http11 - DEBUG - send_request_headers.complete
[ 2026-08-24 16:01:32,493 ] httpcore.http11 - DEBUG - send_request_body.started request=<Request [b'HEAD']>
[ 2026-08-24 16:01:32,493 ] httpcore.http11 - DEBUG - send_request_body.complete
[ 2026-08-24 16:01:32,493 ] httpcore.http11 - DEBUG - receive_response_headers.started request=<Request [b'HEAD']>
[ 2026-08-24 16:01:32,642 ] httpcore.http11 - DEBUG - receive_response_headers.complete return_value=(b'HTTP/1.1', 200, b'OK', [(b'Content-Type', b'text/plain; charset=utf-8'), (b'Content-Length', b'30376'), (b'Connection', b'keep-alive'), (b'Date', b'Fri, 17 Jul 2026 09:06:49 GMT'), (b'ETag', b'"8ff328740d1166d0461691bb455cbe5047067f88"'), (b'X-Powered-By', b'huggingface-moon'), (b'X-Request-Id', b'Root=1-6a59f0a9-659079ca64a8ea194f9ae470;48d3cac4-9ce2-4230-bc35-82cc9575c8ef'), (b'RateLimit', b'"resolvers";r=2981;t=159'), (b'RateLimit-Policy', b'"fixed window";"resolvers";q=3000;w=300'), (b'cross-origin-opener-policy', b'same-origin'), (b'Referrer-Policy', b'strict-origin-when-cross-origin'), (b'Access-Control-Max-Age', b'86400'), (b'Access-Control-Allow-Origin', b'https://huggingface.co'), (b'Access-Control-Expose-Headers', b'X-Repo-Commit,X-Request-Id,X-Error-Code,X-Error-Message,X-Total-Count,ETag,Link,Accept-Ranges,Content-Range,X-Linked-Size,X-Linked-ETag,X-Xet-Hash'), (b'X-Repo-Commit', b'79e7739b6ab944e86d6171e44d24c997fc1e0116'), (b'Accept-Ranges', b'bytes'), (b'X-Hub-Cache', b'MISS'), (b'Content-Disposition', b'inline; filename*=UTF-8\'\'README.md; filename="README.md";'), (b'Content-Security-Policy', b"default-src 'none'; sandbox"), (b'Vary', b'Origin'), (b'X-Cache', b'Hit from cloudfront'), (b'Via', b'1.1 519a45a6eb7235ed934341d9b7a8cb2c.cloudfront.net (CloudFront)'), (b'X-Amz-Cf-Pop', b'FRA56-P17'), (b'Alt-Svc', b'h3=":443"; ma=86400'), (b'X-Amz-Cf-Id', b'akVMYgQj7idWN22yIcQaSZuR0Axzfvbxe7vE8x5NXm8vuJhhEKvvSw=='), (b'Age', b'3279283')])
[ 2026-08-24 16:01:32,642 ] httpx - INFO - HTTP Request: HEAD https://huggingface.co/api/resolve-cache/models/BAAI/bge-large-zh-v1.5/79e7739b6ab944e86d6171e44d24c997fc1e0116/README.md "HTTP/1.1 200 OK"
[ 2026-08-24 16:01:32,642 ] httpcore.http11 - DEBUG - receive_response_body.started request=<Request [b'HEAD']>
[ 2026-08-24 16:01:32,642 ] httpcore.http11 - DEBUG - receive_response_body.complete
[ 2026-08-24 16:01:32,642 ] httpcore.http11 - DEBUG - response_closed.started
[ 2026-08-24 16:01:32,642 ] httpcore.http11 - DEBUG - response_closed.complete
[ 2026-08-24 16:01:32,655 ] httpcore.http11 - DEBUG - send_request_headers.started request=<Request [b'HEAD']>
[ 2026-08-24 16:01:32,655 ] httpcore.http11 - DEBUG - send_request_headers.complete
[ 2026-08-24 16:01:32,655 ] httpcore.http11 - DEBUG - send_request_body.started request=<Request [b'HEAD']>
[ 2026-08-24 16:01:32,656 ] httpcore.http11 - DEBUG - send_request_body.complete
[ 2026-08-24 16:01:32,656 ] httpcore.http11 - DEBUG - receive_response_headers.started request=<Request [b'HEAD']>
[ 2026-08-24 16:01:32,915 ] httpcore.http11 - DEBUG - receive_response_headers.complete return_value=(b'HTTP/1.1', 307, b'Temporary Redirect', [(b'Content-Type', b'text/plain; charset=utf-8'), (b'Content-Length', b'250'), (b'Connection', b'keep-alive'), (b'Date', b'Mon, 24 Aug 2026 08:01:32 GMT'), (b'Location', b'/api/resolve-cache/models/BAAI/bge-large-zh-v1.5/79e7739b6ab944e86d6171e44d24c997fc1e0116/modules.json?%2FBAAI%2Fbge-large-zh-v1.5%2Fresolve%2Fmain%2Fmodules.json=&etag=%22952a9b81c0bfd99800fabf352f69c7ccd46c5e43%22'), (b'X-Powered-By', b'huggingface-moon'), (b'X-Request-Id', b'Root=1-6a8bfa5c-422856fb372b7dfb053fd61d;8898f441-b4ad-4163-b7c0-1c211eadc22c'), (b'RateLimit', b'"resolvers";r=2995;t=64'), (b'RateLimit-Policy', b'"fixed window";"resolvers";q=3000;w=300'), (b'cross-origin-opener-policy', b'same-origin'), (b'Referrer-Policy', b'strict-origin-when-cross-origin'), (b'Access-Control-Max-Age', b'86400'), (b'Access-Control-Allow-Origin', b'https://huggingface.co'), (b'Vary', b'Origin, Accept'), (b'Access-Control-Expose-Headers', b'X-Repo-Commit,X-Request-Id,X-Error-Code,X-Error-Message,X-Total-Count,ETag,Link,Accept-Ranges,Content-Range,X-Linked-Size,X-Linked-ETag,X-Xet-Hash'), (b'X-Repo-Commit', b'79e7739b6ab944e86d6171e44d24c997fc1e0116'), (b'Accept-Ranges', b'bytes'), (b'X-Hub-Cache', b'HIT'), (b'Content-Disposition', b'inline; filename*=UTF-8\'\'modules.json; filename="modules.json";'), (b'Content-Security-Policy', b"default-src 'none'; sandbox"), (b'X-Linked-ETag', b'"952a9b81c0bfd99800fabf352f69c7ccd46c5e43"'), (b'X-Cache', b'Miss from cloudfront'), (b'Via', b'1.1 519a45a6eb7235ed934341d9b7a8cb2c.cloudfront.net (CloudFront)'), (b'X-Amz-Cf-Pop', b'FRA56-P17'), (b'Alt-Svc', b'h3=":443"; ma=86400'), (b'X-Amz-Cf-Id', b'mNOkGg4wHRMo-DZOVf20kjvnG092_Lj_m0brDkMqnxnZQkf5Y-4s9A==')])
[ 2026-08-24 16:01:32,915 ] httpx - INFO - HTTP Request: HEAD https://huggingface.co/BAAI/bge-large-zh-v1.5/resolve/main/modules.json "HTTP/1.1 307 Temporary Redirect"
[ 2026-08-24 16:01:32,916 ] httpcore.http11 - DEBUG - receive_response_body.started request=<Request [b'HEAD']>
[ 2026-08-24 16:01:32,916 ] httpcore.http11 - DEBUG - receive_response_body.complete
[ 2026-08-24 16:01:32,916 ] httpcore.http11 - DEBUG - response_closed.started
[ 2026-08-24 16:01:32,916 ] httpcore.http11 - DEBUG - response_closed.complete
[ 2026-08-24 16:01:32,917 ] httpcore.http11 - DEBUG - send_request_headers.started request=<Request [b'HEAD']>
[ 2026-08-24 16:01:32,918 ] httpcore.http11 - DEBUG - send_request_headers.complete
[ 2026-08-24 16:01:32,919 ] httpcore.http11 - DEBUG - send_request_body.started request=<Request [b'HEAD']>
[ 2026-08-24 16:01:32,919 ] httpcore.http11 - DEBUG - send_request_body.complete
[ 2026-08-24 16:01:32,919 ] httpcore.http11 - DEBUG - receive_response_headers.started request=<Request [b'HEAD']>
[ 2026-08-24 16:01:33,072 ] httpcore.http11 - DEBUG - receive_response_headers.complete return_value=(b'HTTP/1.1', 200, b'OK', [(b'Content-Type', b'text/plain; charset=utf-8'), (b'Content-Length', b'349'), (b'Connection', b'keep-alive'), (b'Date', b'Fri, 10 Jul 2026 00:53:28 GMT'), (b'ETag', b'"952a9b81c0bfd99800fabf352f69c7ccd46c5e43"'), (b'X-Powered-By', b'huggingface-moon'), (b'X-Request-Id', b'Root=1-6a504288-223c81c14e7dec45053907bc;9b2d33cc-6a62-486f-b537-e61c4bea1197'), (b'RateLimit', b'"resolvers";r=2965;t=296'), (b'RateLimit-Policy', b'"fixed window";"resolvers";q=3000;w=300'), (b'cross-origin-opener-policy', b'same-origin'), (b'Referrer-Policy', b'strict-origin-when-cross-origin'), (b'Access-Control-Max-Age', b'86400'), (b'Access-Control-Allow-Origin', b'https://huggingface.co'), (b'Access-Control-Expose-Headers', b'X-Repo-Commit,X-Request-Id,X-Error-Code,X-Error-Message,X-Total-Count,ETag,Link,Accept-Ranges,Content-Range,X-Linked-Size,X-Linked-ETag,X-Xet-Hash'), (b'X-Repo-Commit', b'79e7739b6ab944e86d6171e44d24c997fc1e0116'), (b'Accept-Ranges', b'bytes'), (b'X-Hub-Cache', b'MISS'), (b'Content-Disposition', b'inline; filename*=UTF-8\'\'modules.json; filename="modules.json";'), (b'Content-Security-Policy', b"default-src 'none'; sandbox"), (b'Vary', b'Origin'), (b'X-Cache', b'Hit from cloudfront'), (b'Via', b'1.1 519a45a6eb7235ed934341d9b7a8cb2c.cloudfront.net (CloudFront)'), (b'X-Amz-Cf-Pop', b'FRA56-P17'), (b'Alt-Svc', b'h3=":443"; ma=86400'), (b'X-Amz-Cf-Id', b'-EsfXPL0HxlUjbO6ClMC_TRm7d6hrW4w1-DAYweekVINFPBsJa5T4Q=='), (b'Age', b'3913684')])
[ 2026-08-24 16:01:33,072 ] httpx - INFO - HTTP Request: HEAD https://huggingface.co/api/resolve-cache/models/BAAI/bge-large-zh-v1.5/79e7739b6ab944e86d6171e44d24c997fc1e0116/modules.json "HTTP/1.1 200 OK"
[ 2026-08-24 16:01:33,074 ] httpcore.http11 - DEBUG - receive_response_body.started request=<Request [b'HEAD']>
[ 2026-08-24 16:01:33,074 ] httpcore.http11 - DEBUG - receive_response_body.complete
[ 2026-08-24 16:01:33,074 ] httpcore.http11 - DEBUG - response_closed.started
[ 2026-08-24 16:01:33,074 ] httpcore.http11 - DEBUG - response_closed.complete
[ 2026-08-24 16:01:33,077 ] httpcore.http11 - DEBUG - send_request_headers.started request=<Request [b'HEAD']>
[ 2026-08-24 16:01:33,077 ] httpcore.http11 - DEBUG - send_request_headers.complete
[ 2026-08-24 16:01:33,077 ] httpcore.http11 - DEBUG - send_request_body.started request=<Request [b'HEAD']>
[ 2026-08-24 16:01:33,078 ] httpcore.http11 - DEBUG - send_request_body.complete
[ 2026-08-24 16:01:33,078 ] httpcore.http11 - DEBUG - receive_response_headers.started request=<Request [b'HEAD']>
[ 2026-08-24 16:01:33,328 ] httpcore.http11 - DEBUG - receive_response_headers.complete return_value=(b'HTTP/1.1', 307, b'Temporary Redirect', [(b'Content-Type', b'text/plain; charset=utf-8'), (b'Content-Length', b'276'), (b'Connection', b'keep-alive'), (b'Date', b'Mon, 24 Aug 2026 08:01:33 GMT'), (b'Location', b'/api/resolve-cache/models/BAAI/bge-large-zh-v1.5/79e7739b6ab944e86d6171e44d24c997fc1e0116/sentence_bert_config.json?%2FBAAI%2Fbge-large-zh-v1.5%2Fresolve%2Fmain%2Fsentence_bert_config.json=&etag=%22ea85692bff64b0d1917833c31ddbca8ab10f5455%22'), (b'X-Powered-By', b'huggingface-moon'), (b'X-Request-Id', b'Root=1-6a8bfa5d-2cc5d8a32be43fe91d48854a;2c2fe188-4b0d-426a-94b9-7ac3ccbe9c94'), (b'RateLimit', b'"resolvers";r=2994;t=63'), (b'RateLimit-Policy', b'"fixed window";"resolvers";q=3000;w=300'), (b'cross-origin-opener-policy', b'same-origin'), (b'Referrer-Policy', b'strict-origin-when-cross-origin'), (b'Access-Control-Max-Age', b'86400'), (b'Access-Control-Allow-Origin', b'https://huggingface.co'), (b'Vary', b'Origin, Accept'), (b'Access-Control-Expose-Headers', b'X-Repo-Commit,X-Request-Id,X-Error-Code,X-Error-Message,X-Total-Count,ETag,Link,Accept-Ranges,Content-Range,X-Linked-Size,X-Linked-ETag,X-Xet-Hash'), (b'X-Repo-Commit', b'79e7739b6ab944e86d6171e44d24c997fc1e0116'), (b'Accept-Ranges', b'bytes'), (b'X-HF-Warning', b'unauthenticated; Warning: You are sending unauthenticated requests to the HF Hub. Please set a HF_TOKEN to enable higher rate limits and faster downloads.'), (b'X-Hub-Cache', b'HIT'), (b'Content-Disposition', b'inline; filename*=UTF-8\'\'sentence_bert_config.json; filename="sentence_bert_config.json";'), (b'Content-Security-Policy', b"default-src 'none'; sandbox"), (b'X-Linked-ETag', b'"ea85692bff64b0d1917833c31ddbca8ab10f5455"'), (b'X-Cache', b'Miss from cloudfront'), (b'Via', b'1.1 519a45a6eb7235ed934341d9b7a8cb2c.cloudfront.net (CloudFront)'), (b'X-Amz-Cf-Pop', b'FRA56-P17'), (b'Alt-Svc', b'h3=":443"; ma=86400'), (b'X-Amz-Cf-Id', b'mcLZzYAU4RpAVYv4XXtJ_pjRuSZHk-8_MaFK9rFY-Y_w9EcXZaN8aw==')])
[ 2026-08-24 16:01:33,329 ] httpx - INFO - HTTP Request: HEAD https://huggingface.co/BAAI/bge-large-zh-v1.5/resolve/main/sentence_bert_config.json "HTTP/1.1 307 Temporary Redirect"
[ 2026-08-24 16:01:33,330 ] httpcore.http11 - DEBUG - receive_response_body.started request=<Request [b'HEAD']>
[ 2026-08-24 16:01:33,330 ] httpcore.http11 - DEBUG - receive_response_body.complete
[ 2026-08-24 16:01:33,330 ] httpcore.http11 - DEBUG - response_closed.started
[ 2026-08-24 16:01:33,330 ] httpcore.http11 - DEBUG - response_closed.complete
[ 2026-08-24 16:01:33,331 ] httpcore.http11 - DEBUG - send_request_headers.started request=<Request [b'HEAD']>
[ 2026-08-24 16:01:33,332 ] httpcore.http11 - DEBUG - send_request_headers.complete
[ 2026-08-24 16:01:33,332 ] httpcore.http11 - DEBUG - send_request_body.started request=<Request [b'HEAD']>
[ 2026-08-24 16:01:33,332 ] httpcore.http11 - DEBUG - send_request_body.complete
[ 2026-08-24 16:01:33,332 ] httpcore.http11 - DEBUG - receive_response_headers.started request=<Request [b'HEAD']>
[ 2026-08-24 16:01:33,487 ] httpcore.http11 - DEBUG - receive_response_headers.complete return_value=(b'HTTP/1.1', 200, b'OK', [(b'Content-Type', b'text/plain; charset=utf-8'), (b'Content-Length', b'52'), (b'Connection', b'keep-alive'), (b'Date', b'Sat, 25 Jul 2026 07:18:50 GMT'), (b'ETag', b'"ea85692bff64b0d1917833c31ddbca8ab10f5455"'), (b'X-Powered-By', b'huggingface-moon'), (b'X-Request-Id', b'Root=1-6a64635a-26e895777f6a164d2935bed0;a8688795-4197-4255-a025-dcbf00f2ecb7'), (b'RateLimit', b'"resolvers";r=2993;t=150'), (b'RateLimit-Policy', b'"fixed window";"resolvers";q=3000;w=300'), (b'cross-origin-opener-policy', b'same-origin'), (b'Referrer-Policy', b'strict-origin-when-cross-origin'), (b'Access-Control-Max-Age', b'86400'), (b'Access-Control-Allow-Origin', b'https://huggingface.co'), (b'Access-Control-Expose-Headers', b'X-Repo-Commit,X-Request-Id,X-Error-Code,X-Error-Message,X-Total-Count,ETag,Link,Accept-Ranges,Content-Range,X-Linked-Size,X-Linked-ETag,X-Xet-Hash'), (b'X-Repo-Commit', b'79e7739b6ab944e86d6171e44d24c997fc1e0116'), (b'Accept-Ranges', b'bytes'), (b'X-Hub-Cache', b'MISS'), (b'Content-Disposition', b'inline; filename*=UTF-8\'\'sentence_bert_config.json; filename="sentence_bert_config.json";'), (b'Content-Security-Policy', b"default-src 'none'; sandbox"), (b'Vary', b'Origin'), (b'X-Cache', b'Hit from cloudfront'), (b'Via', b'1.1 519a45a6eb7235ed934341d9b7a8cb2c.cloudfront.net (CloudFront)'), (b'X-Amz-Cf-Pop', b'FRA56-P17'), (b'Alt-Svc', b'h3=":443"; ma=86400'), (b'X-Amz-Cf-Id', b'TSKTUdfbYKTBAh-FTSfZdduVk-PinaOl0w5cUvdqEHmcTPjzA0PfkQ=='), (b'Age', b'2594563')])
[ 2026-08-24 16:01:33,488 ] httpx - INFO - HTTP Request: HEAD https://huggingface.co/api/resolve-cache/models/BAAI/bge-large-zh-v1.5/79e7739b6ab944e86d6171e44d24c997fc1e0116/sentence_bert_config.json "HTTP/1.1 200 OK"
[ 2026-08-24 16:01:33,488 ] httpcore.http11 - DEBUG - receive_response_body.started request=<Request [b'HEAD']>
[ 2026-08-24 16:01:33,488 ] httpcore.http11 - DEBUG - receive_response_body.complete
[ 2026-08-24 16:01:33,488 ] httpcore.http11 - DEBUG - response_closed.started
[ 2026-08-24 16:01:33,488 ] httpcore.http11 - DEBUG - response_closed.complete
[ 2026-08-24 16:01:33,494 ] httpcore.http11 - DEBUG - send_request_headers.started request=<Request [b'HEAD']>
[ 2026-08-24 16:01:33,495 ] httpcore.http11 - DEBUG - send_request_headers.complete
[ 2026-08-24 16:01:33,495 ] httpcore.http11 - DEBUG - send_request_body.started request=<Request [b'HEAD']>
[ 2026-08-24 16:01:33,495 ] httpcore.http11 - DEBUG - send_request_body.complete
[ 2026-08-24 16:01:33,495 ] httpcore.http11 - DEBUG - receive_response_headers.started request=<Request [b'HEAD']>
[ 2026-08-24 16:01:33,752 ] httpcore.http11 - DEBUG - receive_response_headers.complete return_value=(b'HTTP/1.1', 404, b'Not Found', [(b'Content-Type', b'text/plain; charset=utf-8'), (b'Content-Length', b'15'), (b'Connection', b'keep-alive'), (b'Date', b'Mon, 24 Aug 2026 08:01:33 GMT'), (b'ETag', b'W/"f-mY2VvLxuxB7KhsoOdQTlMTccuAQ"'), (b'X-Powered-By', b'huggingface-moon'), (b'X-Request-Id', b'Root=1-6a8bfa5d-5c95fe1d22a14f5921efe3f8;f67c4bc9-5958-4a11-b1c9-71c94a235461'), (b'RateLimit', b'"resolvers";r=2993;t=63'), (b'RateLimit-Policy', b'"fixed window";"resolvers";q=3000;w=300'), (b'cross-origin-opener-policy', b'same-origin'), (b'Referrer-Policy', b'strict-origin-when-cross-origin'), (b'Access-Control-Max-Age', b'86400'), (b'Access-Control-Allow-Origin', b'https://huggingface.co'), (b'Vary', b'Origin'), (b'Access-Control-Expose-Headers', b'X-Repo-Commit,X-Request-Id,X-Error-Code,X-Error-Message,X-Total-Count,ETag,Link,Accept-Ranges,Content-Range,X-Linked-Size,X-Linked-ETag,X-Xet-Hash'), (b'X-Repo-Commit', b'79e7739b6ab944e86d6171e44d24c997fc1e0116'), (b'Accept-Ranges', b'bytes'), (b'X-HF-Warning', b'unauthenticated; Warning: You are sending unauthenticated requests to the HF Hub. Please set a HF_TOKEN to enable higher rate limits and faster downloads.'), (b'X-Hub-Cache', b'MISS'), (b'X-Error-Code', b'EntryNotFound'), (b'X-Error-Message', b'Entry not found'), (b'X-Cache', b'Error from cloudfront'), (b'Via', b'1.1 519a45a6eb7235ed934341d9b7a8cb2c.cloudfront.net (CloudFront)'), (b'X-Amz-Cf-Pop', b'FRA56-P17'), (b'Alt-Svc', b'h3=":443"; ma=86400'), (b'X-Amz-Cf-Id', b'WiYQqzW9IQHM5Ri5xv6_OiufQTar6fB0_r9ABDFI8ViXn_w452fXvA==')])
[ 2026-08-24 16:01:33,752 ] httpx - INFO - HTTP Request: HEAD https://huggingface.co/BAAI/bge-large-zh-v1.5/resolve/main/adapter_config.json "HTTP/1.1 404 Not Found"
[ 2026-08-24 16:01:33,752 ] httpcore.http11 - DEBUG - receive_response_body.started request=<Request [b'HEAD']>
[ 2026-08-24 16:01:33,753 ] httpcore.http11 - DEBUG - receive_response_body.complete
[ 2026-08-24 16:01:33,753 ] httpcore.http11 - DEBUG - response_closed.started
[ 2026-08-24 16:01:33,753 ] httpcore.http11 - DEBUG - response_closed.complete
[ 2026-08-24 16:01:33,756 ] httpcore.http11 - DEBUG - send_request_headers.started request=<Request [b'HEAD']>
[ 2026-08-24 16:01:33,757 ] httpcore.http11 - DEBUG - send_request_headers.complete
[ 2026-08-24 16:01:33,757 ] httpcore.http11 - DEBUG - send_request_body.started request=<Request [b'HEAD']>
[ 2026-08-24 16:01:33,757 ] httpcore.http11 - DEBUG - send_request_body.complete
[ 2026-08-24 16:01:33,757 ] httpcore.http11 - DEBUG - receive_response_headers.started request=<Request [b'HEAD']>
[ 2026-08-24 16:01:34,004 ] httpcore.http11 - DEBUG - receive_response_headers.complete return_value=(b'HTTP/1.1', 307, b'Temporary Redirect', [(b'Content-Type', b'text/plain; charset=utf-8'), (b'Content-Length', b'248'), (b'Connection', b'keep-alive'), (b'Date', b'Mon, 24 Aug 2026 08:01:33 GMT'), (b'Location', b'/api/resolve-cache/models/BAAI/bge-large-zh-v1.5/79e7739b6ab944e86d6171e44d24c997fc1e0116/config.json?%2FBAAI%2Fbge-large-zh-v1.5%2Fresolve%2Fmain%2Fconfig.json=&etag=%2203df12a02c65a8ba9552ed63f6f1518575d1f7ef%22'), (b'X-Powered-By', b'huggingface-moon'), (b'X-Request-Id', b'Root=1-6a8bfa5d-037316957a6b3a0d46540db7;7105f352-eb09-4a13-8129-b36a7b987761'), (b'RateLimit', b'"resolvers";r=2992;t=63'), (b'RateLimit-Policy', b'"fixed window";"resolvers";q=3000;w=300'), (b'cross-origin-opener-policy', b'same-origin'), (b'Referrer-Policy', b'strict-origin-when-cross-origin'), (b'Access-Control-Max-Age', b'86400'), (b'Access-Control-Allow-Origin', b'https://huggingface.co'), (b'Vary', b'Origin, Accept'), (b'Access-Control-Expose-Headers', b'X-Repo-Commit,X-Request-Id,X-Error-Code,X-Error-Message,X-Total-Count,ETag,Link,Accept-Ranges,Content-Range,X-Linked-Size,X-Linked-ETag,X-Xet-Hash'), (b'X-Repo-Commit', b'79e7739b6ab944e86d6171e44d24c997fc1e0116'), (b'Accept-Ranges', b'bytes'), (b'X-HF-Warning', b'unauthenticated; Warning: You are sending unauthenticated requests to the HF Hub. Please set a HF_TOKEN to enable higher rate limits and faster downloads.'), (b'X-Hub-Cache', b'HIT'), (b'Content-Disposition', b'inline; filename*=UTF-8\'\'config.json; filename="config.json";'), (b'Content-Security-Policy', b"default-src 'none'; sandbox"), (b'X-Linked-ETag', b'"03df12a02c65a8ba9552ed63f6f1518575d1f7ef"'), (b'X-Cache', b'Miss from cloudfront'), (b'Via', b'1.1 519a45a6eb7235ed934341d9b7a8cb2c.cloudfront.net (CloudFront)'), (b'X-Amz-Cf-Pop', b'FRA56-P17'), (b'Alt-Svc', b'h3=":443"; ma=86400'), (b'X-Amz-Cf-Id', b'q_hab7jnV0d6YvAsA5sKHykQtQil5hOegUtknpy6OY3mOXSLelD5Ug==')])
[ 2026-08-24 16:01:34,004 ] httpx - INFO - HTTP Request: HEAD https://huggingface.co/BAAI/bge-large-zh-v1.5/resolve/main/config.json "HTTP/1.1 307 Temporary Redirect"
[ 2026-08-24 16:01:34,005 ] httpcore.http11 - DEBUG - receive_response_body.started request=<Request [b'HEAD']>
[ 2026-08-24 16:01:34,005 ] httpcore.http11 - DEBUG - receive_response_body.complete
[ 2026-08-24 16:01:34,005 ] httpcore.http11 - DEBUG - response_closed.started
[ 2026-08-24 16:01:34,005 ] httpcore.http11 - DEBUG - response_closed.complete
[ 2026-08-24 16:01:34,006 ] httpcore.http11 - DEBUG - send_request_headers.started request=<Request [b'HEAD']>
[ 2026-08-24 16:01:34,006 ] httpcore.http11 - DEBUG - send_request_headers.complete
[ 2026-08-24 16:01:34,006 ] httpcore.http11 - DEBUG - send_request_body.started request=<Request [b'HEAD']>
[ 2026-08-24 16:01:34,007 ] httpcore.http11 - DEBUG - send_request_body.complete
[ 2026-08-24 16:01:34,007 ] httpcore.http11 - DEBUG - receive_response_headers.started request=<Request [b'HEAD']>
[ 2026-08-24 16:01:34,161 ] httpcore.http11 - DEBUG - receive_response_headers.complete return_value=(b'HTTP/1.1', 200, b'OK', [(b'Content-Type', b'text/plain; charset=utf-8'), (b'Content-Length', b'1000'), (b'Connection', b'keep-alive'), (b'Date', b'Fri, 17 Jul 2026 09:06:51 GMT'), (b'ETag', b'"03df12a02c65a8ba9552ed63f6f1518575d1f7ef"'), (b'X-Powered-By', b'huggingface-moon'), (b'X-Request-Id', b'Root=1-6a59f0ab-0e0ef8ea2170c0b77003df48;1b4092b7-eb26-4eaf-a9a1-114ae7d9b5b8'), (b'RateLimit', b'"resolvers";r=2976;t=157'), (b'RateLimit-Policy', b'"fixed window";"resolvers";q=3000;w=300'), (b'cross-origin-opener-policy', b'same-origin'), (b'Referrer-Policy', b'strict-origin-when-cross-origin'), (b'Access-Control-Max-Age', b'86400'), (b'Access-Control-Allow-Origin', b'https://huggingface.co'), (b'Access-Control-Expose-Headers', b'X-Repo-Commit,X-Request-Id,X-Error-Code,X-Error-Message,X-Total-Count,ETag,Link,Accept-Ranges,Content-Range,X-Linked-Size,X-Linked-ETag,X-Xet-Hash'), (b'X-Repo-Commit', b'79e7739b6ab944e86d6171e44d24c997fc1e0116'), (b'Accept-Ranges', b'bytes'), (b'X-Hub-Cache', b'MISS'), (b'Content-Disposition', b'inline; filename*=UTF-8\'\'config.json; filename="config.json";'), (b'Content-Security-Policy', b"default-src 'none'; sandbox"), (b'Vary', b'Origin'), (b'X-Cache', b'Hit from cloudfront'), (b'Via', b'1.1 519a45a6eb7235ed934341d9b7a8cb2c.cloudfront.net (CloudFront)'), (b'X-Amz-Cf-Pop', b'FRA56-P17'), (b'Alt-Svc', b'h3=":443"; ma=86400'), (b'X-Amz-Cf-Id', b'Rk1Pf760dl36qULZcV74295nvZbQO_RzGDtHI7Zxf_LZLB-VtBcogg=='), (b'Age', b'3279283')])
[ 2026-08-24 16:01:34,161 ] httpx - INFO - HTTP Request: HEAD https://huggingface.co/api/resolve-cache/models/BAAI/bge-large-zh-v1.5/79e7739b6ab944e86d6171e44d24c997fc1e0116/config.json "HTTP/1.1 200 OK"
[ 2026-08-24 16:01:34,162 ] httpcore.http11 - DEBUG - receive_response_body.started request=<Request [b'HEAD']>
[ 2026-08-24 16:01:34,162 ] httpcore.http11 - DEBUG - receive_response_body.complete
[ 2026-08-24 16:01:34,162 ] httpcore.http11 - DEBUG - response_closed.started
[ 2026-08-24 16:01:34,162 ] httpcore.http11 - DEBUG - response_closed.complete
[ 2026-08-24 16:01:34,223 ] httpcore.http11 - DEBUG - send_request_headers.started request=<Request [b'HEAD']>
[ 2026-08-24 16:01:34,223 ] httpcore.http11 - DEBUG - send_request_headers.complete
[ 2026-08-24 16:01:34,223 ] httpcore.http11 - DEBUG - send_request_body.started request=<Request [b'HEAD']>
[ 2026-08-24 16:01:34,224 ] httpcore.http11 - DEBUG - send_request_body.complete
[ 2026-08-24 16:01:34,224 ] httpcore.http11 - DEBUG - receive_response_headers.started request=<Request [b'HEAD']>
[ 2026-08-24 16:01:34,491 ] httpcore.http11 - DEBUG - receive_response_headers.complete return_value=(b'HTTP/1.1', 404, b'Not Found', [(b'Content-Type', b'text/plain; charset=utf-8'), (b'Content-Length', b'15'), (b'Connection', b'keep-alive'), (b'Date', b'Mon, 24 Aug 2026 08:01:34 GMT'), (b'ETag', b'W/"f-mY2VvLxuxB7KhsoOdQTlMTccuAQ"'), (b'X-Powered-By', b'huggingface-moon'), (b'X-Request-Id', b'Root=1-6a8bfa5e-2ca97cd2283fc6b749f5001b;0efd1a0f-98cf-4b7e-87e6-d722dddb53fd'), (b'RateLimit', b'"resolvers";r=2991;t=62'), (b'RateLimit-Policy', b'"fixed window";"resolvers";q=3000;w=300'), (b'cross-origin-opener-policy', b'same-origin'), (b'Referrer-Policy', b'strict-origin-when-cross-origin'), (b'Access-Control-Max-Age', b'86400'), (b'Access-Control-Allow-Origin', b'https://huggingface.co'), (b'Vary', b'Origin'), (b'Access-Control-Expose-Headers', b'X-Repo-Commit,X-Request-Id,X-Error-Code,X-Error-Message,X-Total-Count,ETag,Link,Accept-Ranges,Content-Range,X-Linked-Size,X-Linked-ETag,X-Xet-Hash'), (b'X-Repo-Commit', b'79e7739b6ab944e86d6171e44d24c997fc1e0116'), (b'Accept-Ranges', b'bytes'), (b'X-HF-Warning', b'unauthenticated; Warning: You are sending unauthenticated requests to the HF Hub. Please set a HF_TOKEN to enable higher rate limits and faster downloads.'), (b'X-Hub-Cache', b'MISS'), (b'X-Error-Code', b'EntryNotFound'), (b'X-Error-Message', b'Entry not found'), (b'X-Cache', b'Error from cloudfront'), (b'Via', b'1.1 519a45a6eb7235ed934341d9b7a8cb2c.cloudfront.net (CloudFront)'), (b'X-Amz-Cf-Pop', b'FRA56-P17'), (b'Alt-Svc', b'h3=":443"; ma=86400'), (b'X-Amz-Cf-Id', b'NSR7A1K98cb8bo1jyToo2V2pGzdG-leNpaux7ATAtQvrBJzgjct7xg==')])
[ 2026-08-24 16:01:34,491 ] httpx - INFO - HTTP Request: HEAD https://huggingface.co/BAAI/bge-large-zh-v1.5/resolve/main/model.safetensors "HTTP/1.1 404 Not Found"
[ 2026-08-24 16:01:34,492 ] httpcore.http11 - DEBUG - receive_response_body.started request=<Request [b'HEAD']>
[ 2026-08-24 16:01:34,493 ] httpcore.http11 - DEBUG - receive_response_body.complete
[ 2026-08-24 16:01:34,493 ] httpcore.http11 - DEBUG - response_closed.started
[ 2026-08-24 16:01:34,493 ] httpcore.http11 - DEBUG - response_closed.complete
[ 2026-08-24 16:01:34,500 ] httpcore.http11 - DEBUG - send_request_headers.started request=<Request [b'GET']>
[ 2026-08-24 16:01:34,501 ] httpcore.http11 - DEBUG - send_request_headers.complete
[ 2026-08-24 16:01:34,501 ] httpcore.http11 - DEBUG - send_request_body.started request=<Request [b'GET']>
[ 2026-08-24 16:01:34,501 ] httpcore.http11 - DEBUG - send_request_body.complete
[ 2026-08-24 16:01:34,502 ] httpcore.http11 - DEBUG - receive_response_headers.started request=<Request [b'GET']>
[ 2026-08-24 16:01:34,757 ] httpcore.http11 - DEBUG - receive_response_headers.complete return_value=(b'HTTP/1.1', 200, b'OK', [(b'Content-Type', b'application/json; charset=utf-8'), (b'Transfer-Encoding', b'chunked'), (b'Connection', b'keep-alive'), (b'Date', b'Mon, 24 Aug 2026 08:01:34 GMT'), (b'content-encoding', b'gzip'), (b'ETag', b'W/"1087-S+6DM8GSN3MHuNw6xUPojlZRyGk"'), (b'X-Powered-By', b'huggingface-moon'), (b'X-Request-Id', b'Root=1-6a8bfa5e-70894a53718dacca6407a31b;9e983f91-9e7d-4791-a1f8-3e7a718457d2'), (b'RateLimit', b'"api";r=499;t=62'), (b'RateLimit-Policy', b'"fixed window";"api";q=500;w=300'), (b'cross-origin-opener-policy', b'same-origin'), (b'Referrer-Policy', b'strict-origin-when-cross-origin'), (b'Access-Control-Max-Age', b'86400'), (b'Access-Control-Allow-Origin', b'https://huggingface.co'), (b'Vary', b'Origin'), (b'vary', b'Accept-Encoding'), (b'Access-Control-Expose-Headers', b'X-Repo-Commit,X-Request-Id,X-Error-Code,X-Error-Message,X-Total-Count,ETag,Link,Accept-Ranges,Content-Range,X-Linked-Size,X-Linked-ETag,X-Xet-Hash'), (b'X-Cache', b'Miss from cloudfront'), (b'Via', b'1.1 519a45a6eb7235ed934341d9b7a8cb2c.cloudfront.net (CloudFront)'), (b'X-Amz-Cf-Pop', b'FRA56-P17'), (b'Alt-Svc', b'h3=":443"; ma=86400'), (b'X-Amz-Cf-Id', b'aTCmpRVMowDhMGgaoOjNxMJlRXseNDR8PU4dxn2WS1YteMWOnIDcjA==')])
[ 2026-08-24 16:01:34,758 ] httpx - INFO - HTTP Request: GET https://huggingface.co/api/models/BAAI/bge-large-zh-v1.5 "HTTP/1.1 200 OK"
[ 2026-08-24 16:01:34,759 ] httpcore.http11 - DEBUG - receive_response_body.started request=<Request [b'GET']>
[ 2026-08-24 16:01:34,760 ] httpcore.http11 - DEBUG - receive_response_body.complete
[ 2026-08-24 16:01:34,760 ] httpcore.http11 - DEBUG - response_closed.started
[ 2026-08-24 16:01:34,761 ] httpcore.http11 - DEBUG - response_closed.complete
[ 2026-08-24 16:01:34,766 ] httpcore.http11 - DEBUG - send_request_headers.started request=<Request [b'GET']>
[ 2026-08-24 16:01:34,770 ] httpcore.http11 - DEBUG - send_request_headers.complete
[ 2026-08-24 16:01:34,771 ] httpcore.http11 - DEBUG - send_request_body.started request=<Request [b'GET']>
[ 2026-08-24 16:01:34,771 ] httpcore.http11 - DEBUG - send_request_body.complete
[ 2026-08-24 16:01:34,772 ] httpcore.http11 - DEBUG - receive_response_headers.started request=<Request [b'GET']>
[ 2026-08-24 16:01:34,785 ] httpcore.connection - DEBUG - connect_tcp.started host='127.0.0.1' port=7897 local_address=None timeout=10 socket_options=None
[ 2026-08-24 16:01:34,807 ] httpcore.connection - DEBUG - connect_tcp.complete return_value=<httpcore._backends.sync.SyncStream object at 0x000001842895A450>
[ 2026-08-24 16:01:34,807 ] httpcore.http11 - DEBUG - send_request_headers.started request=<Request [b'CONNECT']>
[ 2026-08-24 16:01:34,807 ] httpcore.http11 - DEBUG - send_request_headers.complete
[ 2026-08-24 16:01:34,807 ] httpcore.http11 - DEBUG - send_request_body.started request=<Request [b'CONNECT']>
[ 2026-08-24 16:01:34,807 ] httpcore.http11 - DEBUG - send_request_body.complete
[ 2026-08-24 16:01:34,808 ] httpcore.http11 - DEBUG - receive_response_headers.started request=<Request [b'CONNECT']>
[ 2026-08-24 16:01:34,808 ] httpcore.http11 - DEBUG - receive_response_headers.complete return_value=(b'HTTP/1.1', 200, b'Connection established', [])
[ 2026-08-24 16:01:34,808 ] httpcore.proxy - DEBUG - start_tls.started ssl_context=<ssl.SSLContext object at 0x00000183D424D4D0> server_hostname='huggingface.co' timeout=10
[ 2026-08-24 16:01:35,054 ] httpcore.http11 - DEBUG - receive_response_headers.complete return_value=(b'HTTP/1.1', 200, b'OK', [(b'Content-Type', b'application/json; charset=utf-8'), (b'Transfer-Encoding', b'chunked'), (b'Connection', b'keep-alive'), (b'Date', b'Mon, 24 Aug 2026 08:01:34 GMT'), (b'content-encoding', b'gzip'), (b'ETag', b'W/"f1f-D23revP1zCuWrEO88XVnAbvY2Dk"'), (b'X-Powered-By', b'huggingface-moon'), (b'X-Request-Id', b'Root=1-6a8bfa5e-1ff771ac18a6686b662f5d12;7b9ae679-19ce-46a6-9dbc-9795b12069fe'), (b'RateLimit', b'"api";r=498;t=62'), (b'RateLimit-Policy', b'"fixed window";"api";q=500;w=300'), (b'cross-origin-opener-policy', b'same-origin'), (b'Referrer-Policy', b'strict-origin-when-cross-origin'), (b'Access-Control-Max-Age', b'86400'), (b'Access-Control-Allow-Origin', b'https://huggingface.co'), (b'Vary', b'Origin'), (b'vary', b'Accept-Encoding'), (b'Access-Control-Expose-Headers', b'X-Repo-Commit,X-Request-Id,X-Error-Code,X-Error-Message,X-Total-Count,ETag,Link,Accept-Ranges,Content-Range,X-Linked-Size,X-Linked-ETag,X-Xet-Hash'), (b'X-Total-Count', b'15'), (b'X-Cache', b'Miss from cloudfront'), (b'Via', b'1.1 519a45a6eb7235ed934341d9b7a8cb2c.cloudfront.net (CloudFront)'), (b'X-Amz-Cf-Pop', b'FRA56-P17'), (b'Alt-Svc', b'h3=":443"; ma=86400'), (b'X-Amz-Cf-Id', b'iQnZuMUs7YCgloNMcrUdiC5RWYP3wOHI2bz62yHJgSHfamMZEkgyTg==')])
[ 2026-08-24 16:01:35,055 ] httpx - INFO - HTTP Request: GET https://huggingface.co/api/models/BAAI/bge-large-zh-v1.5/commits/main "HTTP/1.1 200 OK"
[ 2026-08-24 16:01:35,056 ] httpcore.http11 - DEBUG - receive_response_body.started request=<Request [b'GET']>
[ 2026-08-24 16:01:35,056 ] httpcore.http11 - DEBUG - receive_response_body.complete
[ 2026-08-24 16:01:35,057 ] httpcore.http11 - DEBUG - response_closed.started
[ 2026-08-24 16:01:35,057 ] httpcore.http11 - DEBUG - response_closed.complete
[ 2026-08-24 16:01:35,061 ] httpcore.http11 - DEBUG - send_request_headers.started request=<Request [b'GET']>
[ 2026-08-24 16:01:35,061 ] httpcore.http11 - DEBUG - send_request_headers.complete
[ 2026-08-24 16:01:35,062 ] httpcore.http11 - DEBUG - send_request_body.started request=<Request [b'GET']>
[ 2026-08-24 16:01:35,062 ] httpcore.http11 - DEBUG - send_request_body.complete
[ 2026-08-24 16:01:35,062 ] httpcore.http11 - DEBUG - receive_response_headers.started request=<Request [b'GET']>
[ 2026-08-24 16:01:35,324 ] httpcore.proxy - DEBUG - start_tls.complete return_value=<httpcore._backends.sync.SyncStream object at 0x000001842895A180>
[ 2026-08-24 16:01:35,324 ] httpcore.http11 - DEBUG - send_request_headers.started request=<Request [b'HEAD']>
[ 2026-08-24 16:01:35,324 ] httpcore.http11 - DEBUG - send_request_headers.complete
[ 2026-08-24 16:01:35,324 ] httpcore.http11 - DEBUG - send_request_body.started request=<Request [b'HEAD']>
[ 2026-08-24 16:01:35,324 ] httpcore.http11 - DEBUG - send_request_body.complete
[ 2026-08-24 16:01:35,324 ] httpcore.http11 - DEBUG - receive_response_headers.started request=<Request [b'HEAD']>
[ 2026-08-24 16:01:35,334 ] httpcore.http11 - DEBUG - receive_response_headers.complete return_value=(b'HTTP/1.1', 200, b'OK', [(b'Content-Type', b'application/json; charset=utf-8'), (b'Transfer-Encoding', b'chunked'), (b'Connection', b'keep-alive'), (b'Date', b'Mon, 24 Aug 2026 08:01:35 GMT'), (b'content-encoding', b'gzip'), (b'ETag', b'W/"6c5f-0yYIP47Noh8TeQXILT7cTNsmCzU"'), (b'X-Powered-By', b'huggingface-moon'), (b'X-Request-Id', b'Root=1-6a8bfa5f-53dc6e756c3d28b203f260b0;6c2b307b-ae7f-4fc2-b8b1-07a311166bd5'), (b'RateLimit', b'"api";r=497;t=61'), (b'RateLimit-Policy', b'"fixed window";"api";q=500;w=300'), (b'cross-origin-opener-policy', b'same-origin'), (b'Referrer-Policy', b'strict-origin-when-cross-origin'), (b'Access-Control-Max-Age', b'86400'), (b'Access-Control-Allow-Origin', b'https://huggingface.co'), (b'Vary', b'Origin'), (b'vary', b'Accept-Encoding'), (b'Access-Control-Expose-Headers', b'X-Repo-Commit,X-Request-Id,X-Error-Code,X-Error-Message,X-Total-Count,ETag,Link,Accept-Ranges,Content-Range,X-Linked-Size,X-Linked-ETag,X-Xet-Hash'), (b'X-Cache', b'Miss from cloudfront'), (b'Via', b'1.1 519a45a6eb7235ed934341d9b7a8cb2c.cloudfront.net (CloudFront)'), (b'X-Amz-Cf-Pop', b'FRA56-P17'), (b'Alt-Svc', b'h3=":443"; ma=86400'), (b'X-Amz-Cf-Id', b'U_1ERJgw8NUYkgHO_oygvzOWsNpRevn6TMMO-TlUqxiEITXliNrUgA==')])
[ 2026-08-24 16:01:35,335 ] httpx - INFO - HTTP Request: GET https://huggingface.co/api/models/BAAI/bge-large-zh-v1.5/discussions?p=0 "HTTP/1.1 200 OK"
[ 2026-08-24 16:01:35,335 ] httpcore.http11 - DEBUG - receive_response_body.started request=<Request [b'GET']>
[ 2026-08-24 16:01:35,335 ] httpcore.http11 - DEBUG - receive_response_body.complete
[ 2026-08-24 16:01:35,335 ] httpcore.http11 - DEBUG - response_closed.started
[ 2026-08-24 16:01:35,336 ] httpcore.http11 - DEBUG - response_closed.complete
[ 2026-08-24 16:01:35,337 ] httpcore.http11 - DEBUG - send_request_headers.started request=<Request [b'GET']>
[ 2026-08-24 16:01:35,338 ] httpcore.http11 - DEBUG - send_request_headers.complete
[ 2026-08-24 16:01:35,338 ] httpcore.http11 - DEBUG - send_request_body.started request=<Request [b'GET']>
[ 2026-08-24 16:01:35,338 ] httpcore.http11 - DEBUG - send_request_body.complete
[ 2026-08-24 16:01:35,338 ] httpcore.http11 - DEBUG - receive_response_headers.started request=<Request [b'GET']>
[ 2026-08-24 16:01:35,588 ] httpcore.http11 - DEBUG - receive_response_headers.complete return_value=(b'HTTP/1.1', 404, b'Not Found', [(b'Content-Type', b'text/plain; charset=utf-8'), (b'Content-Length', b'15'), (b'Connection', b'keep-alive'), (b'Date', b'Mon, 24 Aug 2026 08:01:35 GMT'), (b'ETag', b'W/"f-mY2VvLxuxB7KhsoOdQTlMTccuAQ"'), (b'X-Powered-By', b'huggingface-moon'), (b'X-Request-Id', b'Root=1-6a8bfa5f-46b802cf5bcdb0df37b65ecf;ab7b3963-9425-48ec-809a-992250f287b2'), (b'RateLimit', b'"resolvers";r=2990;t=61'), (b'RateLimit-Policy', b'"fixed window";"resolvers";q=3000;w=300'), (b'cross-origin-opener-policy', b'same-origin'), (b'Referrer-Policy', b'strict-origin-when-cross-origin'), (b'Access-Control-Max-Age', b'86400'), (b'Access-Control-Allow-Origin', b'https://huggingface.co'), (b'Vary', b'Origin'), (b'Access-Control-Expose-Headers', b'X-Repo-Commit,X-Request-Id,X-Error-Code,X-Error-Message,X-Total-Count,ETag,Link,Accept-Ranges,Content-Range,X-Linked-Size,X-Linked-ETag,X-Xet-Hash'), (b'X-Repo-Commit', b'79e7739b6ab944e86d6171e44d24c997fc1e0116'), (b'Accept-Ranges', b'bytes'), (b'X-Hub-Cache', b'MISS'), (b'X-Error-Code', b'EntryNotFound'), (b'X-Error-Message', b'Entry not found'), (b'X-Cache', b'Error from cloudfront'), (b'Via', b'1.1 3d03a2dd672010a0266799c803ab015c.cloudfront.net (CloudFront)'), (b'X-Amz-Cf-Pop', b'FRA56-P17'), (b'Alt-Svc', b'h3=":443"; ma=86400'), (b'X-Amz-Cf-Id', b'1N6syMji52UcdT30it63L4PM-c3VFppU3sC1i_BCIag2gQ13k3pXuw==')])
[ 2026-08-24 16:01:35,589 ] httpx - INFO - HTTP Request: HEAD https://huggingface.co/BAAI/bge-large-zh-v1.5/resolve/main/processor_config.json "HTTP/1.1 404 Not Found"
[ 2026-08-24 16:01:35,590 ] httpcore.http11 - DEBUG - receive_response_body.started request=<Request [b'HEAD']>
[ 2026-08-24 16:01:35,590 ] httpcore.http11 - DEBUG - receive_response_body.complete
[ 2026-08-24 16:01:35,590 ] httpcore.http11 - DEBUG - response_closed.started
[ 2026-08-24 16:01:35,590 ] httpcore.http11 - DEBUG - response_closed.complete
[ 2026-08-24 16:01:35,595 ] httpcore.http11 - DEBUG - send_request_headers.started request=<Request [b'HEAD']>
[ 2026-08-24 16:01:35,595 ] httpcore.http11 - DEBUG - send_request_headers.complete
[ 2026-08-24 16:01:35,595 ] httpcore.http11 - DEBUG - send_request_body.started request=<Request [b'HEAD']>
[ 2026-08-24 16:01:35,596 ] httpcore.http11 - DEBUG - send_request_body.complete
[ 2026-08-24 16:01:35,596 ] httpcore.http11 - DEBUG - receive_response_headers.started request=<Request [b'HEAD']>
[ 2026-08-24 16:01:35,607 ] httpcore.http11 - DEBUG - receive_response_headers.complete return_value=(b'HTTP/1.1', 200, b'OK', [(b'Content-Type', b'application/json; charset=utf-8'), (b'Transfer-Encoding', b'chunked'), (b'Connection', b'keep-alive'), (b'Date', b'Mon, 24 Aug 2026 08:01:35 GMT'), (b'content-encoding', b'gzip'), (b'ETag', b'W/"12e4-0UhKjGizpPsyzsF8uV7lpRh/v8A"'), (b'X-Powered-By', b'huggingface-moon'), (b'X-Request-Id', b'Root=1-6a8bfa5f-309a36033b2761117df99fd0;7fba396c-d465-432d-8071-bdbfabed6921'), (b'RateLimit', b'"api";r=496;t=61'), (b'RateLimit-Policy', b'"fixed window";"api";q=500;w=300'), (b'cross-origin-opener-policy', b'same-origin'), (b'Referrer-Policy', b'strict-origin-when-cross-origin'), (b'Access-Control-Max-Age', b'86400'), (b'Access-Control-Allow-Origin', b'https://huggingface.co'), (b'Vary', b'Origin'), (b'vary', b'Accept-Encoding'), (b'Access-Control-Expose-Headers', b'X-Repo-Commit,X-Request-Id,X-Error-Code,X-Error-Message,X-Total-Count,ETag,Link,Accept-Ranges,Content-Range,X-Linked-Size,X-Linked-ETag,X-Xet-Hash'), (b'X-Total-Count', b'16'), (b'X-Cache', b'Miss from cloudfront'), (b'Via', b'1.1 519a45a6eb7235ed934341d9b7a8cb2c.cloudfront.net (CloudFront)'), (b'X-Amz-Cf-Pop', b'FRA56-P17'), (b'Alt-Svc', b'h3=":443"; ma=86400'), (b'X-Amz-Cf-Id', b'ErOqX7dbD5BAjSRvtBDNIDkPyL4fkwm5o9MjeIcSIrDI7kUEhYg7lQ==')])
[ 2026-08-24 16:01:35,608 ] httpx - INFO - HTTP Request: GET https://huggingface.co/api/models/BAAI/bge-large-zh-v1.5/commits/refs%2Fpr%2F35 "HTTP/1.1 200 OK"
[ 2026-08-24 16:01:35,608 ] httpcore.http11 - DEBUG - receive_response_body.started request=<Request [b'GET']>
[ 2026-08-24 16:01:35,608 ] httpcore.http11 - DEBUG - receive_response_body.complete
[ 2026-08-24 16:01:35,608 ] httpcore.http11 - DEBUG - response_closed.started
[ 2026-08-24 16:01:35,608 ] httpcore.http11 - DEBUG - response_closed.complete
[ 2026-08-24 16:01:35,609 ] httpcore.http11 - DEBUG - send_request_headers.started request=<Request [b'HEAD']>
[ 2026-08-24 16:01:35,609 ] httpcore.http11 - DEBUG - send_request_headers.complete
[ 2026-08-24 16:01:35,609 ] httpcore.http11 - DEBUG - send_request_body.started request=<Request [b'HEAD']>
[ 2026-08-24 16:01:35,609 ] httpcore.http11 - DEBUG - send_request_body.complete
[ 2026-08-24 16:01:35,609 ] httpcore.http11 - DEBUG - receive_response_headers.started request=<Request [b'HEAD']>
[ 2026-08-24 16:01:35,860 ] httpcore.http11 - DEBUG - receive_response_headers.complete return_value=(b'HTTP/1.1', 404, b'Not Found', [(b'Content-Type', b'text/plain; charset=utf-8'), (b'Content-Length', b'15'), (b'Connection', b'keep-alive'), (b'Date', b'Mon, 24 Aug 2026 08:01:35 GMT'), (b'ETag', b'W/"f-mY2VvLxuxB7KhsoOdQTlMTccuAQ"'), (b'X-Powered-By', b'huggingface-moon'), (b'X-Request-Id', b'Root=1-6a8bfa5f-33a77b6922ddb0ca1ee735be;9739c8f0-fdde-4a97-90f3-f74602d1e040'), (b'RateLimit', b'"resolvers";r=2988;t=61'), (b'RateLimit-Policy', b'"fixed window";"resolvers";q=3000;w=300'), (b'cross-origin-opener-policy', b'same-origin'), (b'Referrer-Policy', b'strict-origin-when-cross-origin'), (b'Access-Control-Max-Age', b'86400'), (b'Access-Control-Allow-Origin', b'https://huggingface.co'), (b'Vary', b'Origin'), (b'Access-Control-Expose-Headers', b'X-Repo-Commit,X-Request-Id,X-Error-Code,X-Error-Message,X-Total-Count,ETag,Link,Accept-Ranges,Content-Range,X-Linked-Size,X-Linked-ETag,X-Xet-Hash'), (b'X-Repo-Commit', b'0cc67d9f159c4037e86efde28c42dadf6e3de7aa'), (b'Accept-Ranges', b'bytes'), (b'X-HF-Warning', b'unauthenticated; Warning: You are sending unauthenticated requests to the HF Hub. Please set a HF_TOKEN to enable higher rate limits and faster downloads.'), (b'X-Hub-Cache', b'MISS'), (b'X-Error-Code', b'EntryNotFound'), (b'X-Error-Message', b'Entry not found'), (b'X-Cache', b'Error from cloudfront'), (b'Via', b'1.1 519a45a6eb7235ed934341d9b7a8cb2c.cloudfront.net (CloudFront)'), (b'X-Amz-Cf-Pop', b'FRA56-P17'), (b'Alt-Svc', b'h3=":443"; ma=86400'), (b'X-Amz-Cf-Id', b'OPceoAYqnDeWIFBtkRw8A1Lxs1vw_s9oilZBBYcPKsYIYUt_iNyA0w==')])
[ 2026-08-24 16:01:35,861 ] httpcore.http11 - DEBUG - receive_response_headers.complete return_value=(b'HTTP/1.1', 404, b'Not Found', [(b'Content-Type', b'text/plain; charset=utf-8'), (b'Content-Length', b'15'), (b'Connection', b'keep-alive'), (b'Date', b'Mon, 24 Aug 2026 08:01:35 GMT'), (b'ETag', b'W/"f-mY2VvLxuxB7KhsoOdQTlMTccuAQ"'), (b'X-Powered-By', b'huggingface-moon'), (b'X-Request-Id', b'Root=1-6a8bfa5f-2420711e465e687b274c13f3;dab62d3e-7309-4bb6-ac5b-b770e44400bf'), (b'RateLimit', b'"resolvers";r=2989;t=61'), (b'RateLimit-Policy', b'"fixed window";"resolvers";q=3000;w=300'), (b'cross-origin-opener-policy', b'same-origin'), (b'Referrer-Policy', b'strict-origin-when-cross-origin'), (b'Access-Control-Max-Age', b'86400'), (b'Access-Control-Allow-Origin', b'https://huggingface.co'), (b'Vary', b'Origin'), (b'Access-Control-Expose-Headers', b'X-Repo-Commit,X-Request-Id,X-Error-Code,X-Error-Message,X-Total-Count,ETag,Link,Accept-Ranges,Content-Range,X-Linked-Size,X-Linked-ETag,X-Xet-Hash'), (b'X-Repo-Commit', b'79e7739b6ab944e86d6171e44d24c997fc1e0116'), (b'Accept-Ranges', b'bytes'), (b'X-HF-Warning', b'unauthenticated; Warning: You are sending unauthenticated requests to the HF Hub. Please set a HF_TOKEN to enable higher rate limits and faster downloads.'), (b'X-Hub-Cache', b'MISS'), (b'X-Error-Code', b'EntryNotFound'), (b'X-Error-Message', b'Entry not found'), (b'X-Cache', b'Error from cloudfront'), (b'Via', b'1.1 3d03a2dd672010a0266799c803ab015c.cloudfront.net (CloudFront)'), (b'X-Amz-Cf-Pop', b'FRA56-P17'), (b'Alt-Svc', b'h3=":443"; ma=86400'), (b'X-Amz-Cf-Id', b'jVpOyn93h9puI2fJQdKVUQc7L6Vk_jJ9BXrcAr705YcVl5fGBxirew==')])
[ 2026-08-24 16:01:35,861 ] httpx - INFO - HTTP Request: HEAD https://huggingface.co/BAAI/bge-large-zh-v1.5/resolve/refs%2Fpr%2F35/model.safetensors.index.json "HTTP/1.1 404 Not Found"
[ 2026-08-24 16:01:35,861 ] httpx - INFO - HTTP Request: HEAD https://huggingface.co/BAAI/bge-large-zh-v1.5/resolve/main/preprocessor_config.json "HTTP/1.1 404 Not Found"
[ 2026-08-24 16:01:35,861 ] httpcore.http11 - DEBUG - receive_response_body.started request=<Request [b'HEAD']>
[ 2026-08-24 16:01:35,861 ] httpcore.http11 - DEBUG - receive_response_body.started request=<Request [b'HEAD']>
[ 2026-08-24 16:01:35,861 ] httpcore.http11 - DEBUG - receive_response_body.complete
[ 2026-08-24 16:01:35,861 ] httpcore.http11 - DEBUG - receive_response_body.complete
[ 2026-08-24 16:01:35,861 ] httpcore.http11 - DEBUG - response_closed.started
[ 2026-08-24 16:01:35,862 ] httpcore.http11 - DEBUG - response_closed.started
[ 2026-08-24 16:01:35,862 ] httpcore.http11 - DEBUG - response_closed.complete
[ 2026-08-24 16:01:35,862 ] httpcore.http11 - DEBUG - response_closed.complete
[ 2026-08-24 16:01:35,863 ] httpcore.http11 - DEBUG - send_request_headers.started request=<Request [b'HEAD']>
[ 2026-08-24 16:01:35,863 ] httpcore.http11 - DEBUG - send_request_headers.complete
[ 2026-08-24 16:01:35,863 ] httpcore.http11 - DEBUG - send_request_body.started request=<Request [b'HEAD']>
[ 2026-08-24 16:01:35,863 ] httpcore.http11 - DEBUG - send_request_body.complete
[ 2026-08-24 16:01:35,863 ] httpcore.http11 - DEBUG - receive_response_headers.started request=<Request [b'HEAD']>
[ 2026-08-24 16:01:35,864 ] httpcore.http11 - DEBUG - send_request_headers.started request=<Request [b'HEAD']>
[ 2026-08-24 16:01:35,865 ] httpcore.http11 - DEBUG - send_request_headers.complete
[ 2026-08-24 16:01:35,865 ] httpcore.http11 - DEBUG - send_request_body.started request=<Request [b'HEAD']>
[ 2026-08-24 16:01:35,865 ] httpcore.http11 - DEBUG - send_request_body.complete
[ 2026-08-24 16:01:35,866 ] httpcore.http11 - DEBUG - receive_response_headers.started request=<Request [b'HEAD']>
[ 2026-08-24 16:01:36,121 ] httpcore.http11 - DEBUG - receive_response_headers.complete return_value=(b'HTTP/1.1', 302, b'Found', [(b'Content-Type', b'text/plain; charset=utf-8'), (b'Content-Length', b'980'), (b'Connection', b'keep-alive'), (b'Date', b'Mon, 24 Aug 2026 08:01:35 GMT'), (b'Location', b'https://us.aws.cdn.hf.co/xet-bridge-us/64fff58369219ce3e48e1a1a/57e0f934e2119245da805d8a6e8fb02178d5ded3f2e97ab9eaca5225f8ea47bf?user_id=public&response-content-disposition=inline%3B+filename*%3DUTF-8%27%27model.safetensors%3B+filename%3D%22model.safetensors%22%3B&X-Xet-Cas-Uid=public&Expires=1787562095&Policy=eyJTdGF0ZW1lbnQiOlt7IlJlc291cmNlIjoiaHR0cHM6Ly91cy5hd3MuY2RuLmhmLmNvL3hldC1icmlkZ2UtdXMvNjRmZmY1ODM2OTIxOWNlM2U0OGUxYTFhLzU3ZTBmOTM0ZTIxMTkyNDVkYTgwNWQ4YTZlOGZiMDIxNzhkNWRlZDNmMmU5N2FiOWVhY2E1MjI1ZjhlYTQ3YmZcXD91c2VyX2lkPXB1YmxpYyZyZXNwb25zZS1jb250ZW50LWRpc3Bvc2l0aW9uPWlubGluZSUzQitmaWxlbmFtZSUyQSUzRFVURi04JTI3JTI3bW9kZWwuc2FmZXRlbnNvcnMlM0IrZmlsZW5hbWUlM0QlMjJtb2RlbC5zYWZldGVuc29ycyUyMiUzQiZYLVhldC1DYXMtVWlkPXB1YmxpYyIsIkNvbmRpdGlvbiI6eyJEYXRlTGVzc1RoYW4iOnsiRXBvY2hUaW1lIjoxNzg3NTYyMDk1fX19XX0_&Signature=MEYCIQD1J6RVehzggoXz1nE9OvGs9aZ0xpUowyGmK7n77devCwIhANoSZ4urhVPIjIuJPCSAT1qnOwsn7q9vXQzcwao9P7QL&Key-Pair-Id=01KXEF4KZ1B6FV465MAWR4M21F'), (b'X-Powered-By', b'huggingface-moon'), (b'X-Request-Id', b'Root=1-6a8bfa5f-4f826e7b2ab77f1c67abdc90;dcc9a2e7-3edf-4617-9038-ac4d1d036b95'), (b'RateLimit', b'"resolvers";r=2987;t=61'), (b'RateLimit-Policy', b'"fixed window";"resolvers";q=3000;w=300'), (b'cross-origin-opener-policy', b'same-origin'), (b'Referrer-Policy', b'strict-origin-when-cross-origin'), (b'Access-Control-Max-Age', b'86400'), (b'Access-Control-Allow-Origin', b'https://huggingface.co'), (b'Vary', b'Origin, Accept'), (b'Access-Control-Expose-Headers', b'X-Repo-Commit,X-Request-Id,X-Error-Code,X-Error-Message,X-Total-Count,ETag,Link,Accept-Ranges,Content-Range,X-Linked-Size,X-Linked-ETag,X-Xet-Hash'), (b'X-Repo-Commit', b'0cc67d9f159c4037e86efde28c42dadf6e3de7aa'), (b'Accept-Ranges', b'bytes'), (b'X-Hub-Cache', b'HIT'), (b'X-Linked-Size', b'1302138752'), (b'X-Linked-ETag', b'"74541fa3bddf35c2ed35a7c21542776fb830cde7d372dbe05ca42aa70f2bf904"'), (b'Cache-Control', b'no-store'), (b'X-Xet-Hash', b'57e0f934e2119245da805d8a6e8fb02178d5ded3f2e97ab9eaca5225f8ea47bf'), (b'Link', b'<https://huggingface.co/api/models/BAAI/bge-large-zh-v1.5/xet-read-token/0cc67d9f159c4037e86efde28c42dadf6e3de7aa>; rel="xet-auth", <https://cas-server.xethub.hf.co/v1/reconstructions/57e0f934e2119245da805d8a6e8fb02178d5ded3f2e97ab9eaca5225f8ea47bf>; rel="xet-reconstruction-info"'), (b'X-Cache', b'Miss from cloudfront'), (b'Via', b'1.1 519a45a6eb7235ed934341d9b7a8cb2c.cloudfront.net (CloudFront)'), (b'X-Amz-Cf-Pop', b'FRA56-P17'), (b'Alt-Svc', b'h3=":443"; ma=86400'), (b'X-Amz-Cf-Id', b'Y-47BkB2sHDm9X0iZxLcRC9S1vDw2fKXZSGCkb0BxCH75DcZkU2j6w==')])
[ 2026-08-24 16:01:36,122 ] httpx - INFO - HTTP Request: HEAD https://huggingface.co/BAAI/bge-large-zh-v1.5/resolve/refs%2Fpr%2F35/model.safetensors "HTTP/1.1 302 Found"
[ 2026-08-24 16:01:36,123 ] httpcore.http11 - DEBUG - receive_response_body.started request=<Request [b'HEAD']>
[ 2026-08-24 16:01:36,123 ] httpcore.http11 - DEBUG - receive_response_body.complete
[ 2026-08-24 16:01:36,123 ] httpcore.http11 - DEBUG - response_closed.started
[ 2026-08-24 16:01:36,123 ] httpcore.http11 - DEBUG - response_closed.complete
[ 2026-08-24 16:01:36,142 ] httpcore.http11 - DEBUG - receive_response_headers.complete return_value=(b'HTTP/1.1', 404, b'Not Found', [(b'Content-Type', b'text/plain; charset=utf-8'), (b'Content-Length', b'15'), (b'Connection', b'keep-alive'), (b'Date', b'Mon, 24 Aug 2026 08:01:36 GMT'), (b'ETag', b'W/"f-mY2VvLxuxB7KhsoOdQTlMTccuAQ"'), (b'X-Powered-By', b'huggingface-moon'), (b'X-Request-Id', b'Root=1-6a8bfa5f-6dd67edc3eab097d25e055a7;b8ae25b9-8a1b-4f8d-b5fd-c634fdfa970b'), (b'RateLimit', b'"resolvers";r=2986;t=61'), (b'RateLimit-Policy', b'"fixed window";"resolvers";q=3000;w=300'), (b'cross-origin-opener-policy', b'same-origin'), (b'Referrer-Policy', b'strict-origin-when-cross-origin'), (b'Access-Control-Max-Age', b'86400'), (b'Access-Control-Allow-Origin', b'https://huggingface.co'), (b'Vary', b'Origin'), (b'Access-Control-Expose-Headers', b'X-Repo-Commit,X-Request-Id,X-Error-Code,X-Error-Message,X-Total-Count,ETag,Link,Accept-Ranges,Content-Range,X-Linked-Size,X-Linked-ETag,X-Xet-Hash'), (b'X-Repo-Commit', b'79e7739b6ab944e86d6171e44d24c997fc1e0116'), (b'Accept-Ranges', b'bytes'), (b'X-HF-Warning', b'unauthenticated; Warning: You are sending unauthenticated requests to the HF Hub. Please set a HF_TOKEN to enable higher rate limits and faster downloads.'), (b'X-Hub-Cache', b'MISS'), (b'X-Error-Code', b'EntryNotFound'), (b'X-Error-Message', b'Entry not found'), (b'X-Cache', b'Error from cloudfront'), (b'Via', b'1.1 3d03a2dd672010a0266799c803ab015c.cloudfront.net (CloudFront)'), (b'X-Amz-Cf-Pop', b'FRA56-P17'), (b'Alt-Svc', b'h3=":443"; ma=86400'), (b'X-Amz-Cf-Id', b'lMKX19Bg7WMsks71aTaV0VywUhJGIrRG4sL7dc2bnsn7XUUrPwv3KA==')])
[ 2026-08-24 16:01:36,142 ] httpx - INFO - HTTP Request: HEAD https://huggingface.co/BAAI/bge-large-zh-v1.5/resolve/main/video_preprocessor_config.json "HTTP/1.1 404 Not Found"
[ 2026-08-24 16:01:36,142 ] httpcore.http11 - DEBUG - receive_response_body.started request=<Request [b'HEAD']>
[ 2026-08-24 16:01:36,142 ] httpcore.http11 - DEBUG - receive_response_body.complete
[ 2026-08-24 16:01:36,142 ] httpcore.http11 - DEBUG - response_closed.started
[ 2026-08-24 16:01:36,143 ] httpcore.http11 - DEBUG - response_closed.complete
[ 2026-08-24 16:01:36,148 ] httpcore.http11 - DEBUG - send_request_headers.started request=<Request [b'HEAD']>
[ 2026-08-24 16:01:36,148 ] httpcore.http11 - DEBUG - send_request_headers.complete
[ 2026-08-24 16:01:36,149 ] httpcore.http11 - DEBUG - send_request_body.started request=<Request [b'HEAD']>
[ 2026-08-24 16:01:36,149 ] httpcore.http11 - DEBUG - send_request_body.complete
[ 2026-08-24 16:01:36,149 ] httpcore.http11 - DEBUG - receive_response_headers.started request=<Request [b'HEAD']>
[ 2026-08-24 16:01:36,402 ] httpcore.http11 - DEBUG - receive_response_headers.complete return_value=(b'HTTP/1.1', 404, b'Not Found', [(b'Content-Type', b'text/plain; charset=utf-8'), (b'Content-Length', b'15'), (b'Connection', b'keep-alive'), (b'Date', b'Mon, 24 Aug 2026 08:01:36 GMT'), (b'ETag', b'W/"f-mY2VvLxuxB7KhsoOdQTlMTccuAQ"'), (b'X-Powered-By', b'huggingface-moon'), (b'X-Request-Id', b'Root=1-6a8bfa60-425a1d8a1d83ee9e467129bc;4c8a606f-496f-463b-9299-0b44632570ba'), (b'RateLimit', b'"resolvers";r=2985;t=60'), (b'RateLimit-Policy', b'"fixed window";"resolvers";q=3000;w=300'), (b'cross-origin-opener-policy', b'same-origin'), (b'Referrer-Policy', b'strict-origin-when-cross-origin'), (b'Access-Control-Max-Age', b'86400'), (b'Access-Control-Allow-Origin', b'https://huggingface.co'), (b'Vary', b'Origin'), (b'Access-Control-Expose-Headers', b'X-Repo-Commit,X-Request-Id,X-Error-Code,X-Error-Message,X-Total-Count,ETag,Link,Accept-Ranges,Content-Range,X-Linked-Size,X-Linked-ETag,X-Xet-Hash'), (b'X-Repo-Commit', b'79e7739b6ab944e86d6171e44d24c997fc1e0116'), (b'Accept-Ranges', b'bytes'), (b'X-HF-Warning', b'unauthenticated; Warning: You are sending unauthenticated requests to the HF Hub. Please set a HF_TOKEN to enable higher rate limits and faster downloads.'), (b'X-Hub-Cache', b'MISS'), (b'X-Error-Code', b'EntryNotFound'), (b'X-Error-Message', b'Entry not found'), (b'X-Cache', b'Error from cloudfront'), (b'Via', b'1.1 519a45a6eb7235ed934341d9b7a8cb2c.cloudfront.net (CloudFront)'), (b'X-Amz-Cf-Pop', b'FRA56-P17'), (b'Alt-Svc', b'h3=":443"; ma=86400'), (b'X-Amz-Cf-Id', b'axRjRf-VemWCQ4k4tcii-8Uo6FNcvFl3m9ZVTIoYb62gEKcQYkffiA==')])
[ 2026-08-24 16:01:36,402 ] httpx - INFO - HTTP Request: HEAD https://huggingface.co/BAAI/bge-large-zh-v1.5/resolve/main/preprocessor_config.json "HTTP/1.1 404 Not Found"
[ 2026-08-24 16:01:36,403 ] httpcore.http11 - DEBUG - receive_response_body.started request=<Request [b'HEAD']>
[ 2026-08-24 16:01:36,403 ] httpcore.http11 - DEBUG - receive_response_body.complete
[ 2026-08-24 16:01:36,403 ] httpcore.http11 - DEBUG - response_closed.started
[ 2026-08-24 16:01:36,403 ] httpcore.http11 - DEBUG - response_closed.complete
[ 2026-08-24 16:01:36,407 ] httpcore.http11 - DEBUG - send_request_headers.started request=<Request [b'HEAD']>
[ 2026-08-24 16:01:36,407 ] httpcore.http11 - DEBUG - send_request_headers.complete
[ 2026-08-24 16:01:36,407 ] httpcore.http11 - DEBUG - send_request_body.started request=<Request [b'HEAD']>
[ 2026-08-24 16:01:36,408 ] httpcore.http11 - DEBUG - send_request_body.complete
[ 2026-08-24 16:01:36,408 ] httpcore.http11 - DEBUG - receive_response_headers.started request=<Request [b'HEAD']>
[ 2026-08-24 16:01:36,655 ] httpcore.http11 - DEBUG - receive_response_headers.complete return_value=(b'HTTP/1.1', 307, b'Temporary Redirect', [(b'Content-Type', b'text/plain; charset=utf-8'), (b'Content-Length', b'268'), (b'Connection', b'keep-alive'), (b'Date', b'Mon, 24 Aug 2026 08:01:36 GMT'), (b'Location', b'/api/resolve-cache/models/BAAI/bge-large-zh-v1.5/79e7739b6ab944e86d6171e44d24c997fc1e0116/tokenizer_config.json?%2FBAAI%2Fbge-large-zh-v1.5%2Fresolve%2Fmain%2Ftokenizer_config.json=&etag=%2242046bd361a033a24264dc41de1fe6cafd68072f%22'), (b'X-Powered-By', b'huggingface-moon'), (b'X-Request-Id', b'Root=1-6a8bfa60-41183e7b6e1256894a03b6ba;64df5bdd-9e58-4e07-80b0-7139a5b39893'), (b'RateLimit', b'"resolvers";r=2984;t=60'), (b'RateLimit-Policy', b'"fixed window";"resolvers";q=3000;w=300'), (b'cross-origin-opener-policy', b'same-origin'), (b'Referrer-Policy', b'strict-origin-when-cross-origin'), (b'Access-Control-Max-Age', b'86400'), (b'Access-Control-Allow-Origin', b'https://huggingface.co'), (b'Vary', b'Origin, Accept'), (b'Access-Control-Expose-Headers', b'X-Repo-Commit,X-Request-Id,X-Error-Code,X-Error-Message,X-Total-Count,ETag,Link,Accept-Ranges,Content-Range,X-Linked-Size,X-Linked-ETag,X-Xet-Hash'), (b'X-Repo-Commit', b'79e7739b6ab944e86d6171e44d24c997fc1e0116'), (b'Accept-Ranges', b'bytes'), (b'X-HF-Warning', b'unauthenticated; Warning: You are sending unauthenticated requests to the HF Hub. Please set a HF_TOKEN to enable higher rate limits and faster downloads.'), (b'X-Hub-Cache', b'HIT'), (b'Content-Disposition', b'inline; filename*=UTF-8\'\'tokenizer_config.json; filename="tokenizer_config.json";'), (b'Content-Security-Policy', b"default-src 'none'; sandbox"), (b'X-Linked-ETag', b'"42046bd361a033a24264dc41de1fe6cafd68072f"'), (b'X-Cache', b'Miss from cloudfront'), (b'Via', b'1.1 519a45a6eb7235ed934341d9b7a8cb2c.cloudfront.net (CloudFront)'), (b'X-Amz-Cf-Pop', b'FRA56-P17'), (b'Alt-Svc', b'h3=":443"; ma=86400'), (b'X-Amz-Cf-Id', b'r3ctXkotJHhO5v1nl6mdYoVw08C-MANt5zV1GsCWtpTQO4vVn93eTw==')])
[ 2026-08-24 16:01:36,656 ] httpx - INFO - HTTP Request: HEAD https://huggingface.co/BAAI/bge-large-zh-v1.5/resolve/main/tokenizer_config.json "HTTP/1.1 307 Temporary Redirect"
[ 2026-08-24 16:01:36,657 ] httpcore.http11 - DEBUG - receive_response_body.started request=<Request [b'HEAD']>
[ 2026-08-24 16:01:36,657 ] httpcore.http11 - DEBUG - receive_response_body.complete
[ 2026-08-24 16:01:36,658 ] httpcore.http11 - DEBUG - response_closed.started
[ 2026-08-24 16:01:36,658 ] httpcore.http11 - DEBUG - response_closed.complete
[ 2026-08-24 16:01:36,658 ] httpcore.http11 - DEBUG - send_request_headers.started request=<Request [b'HEAD']>
[ 2026-08-24 16:01:36,659 ] httpcore.http11 - DEBUG - send_request_headers.complete
[ 2026-08-24 16:01:36,659 ] httpcore.http11 - DEBUG - send_request_body.started request=<Request [b'HEAD']>
[ 2026-08-24 16:01:36,659 ] httpcore.http11 - DEBUG - send_request_body.complete
[ 2026-08-24 16:01:36,659 ] httpcore.http11 - DEBUG - receive_response_headers.started request=<Request [b'HEAD']>
[ 2026-08-24 16:01:36,808 ] httpcore.http11 - DEBUG - receive_response_headers.complete return_value=(b'HTTP/1.1', 200, b'OK', [(b'Content-Type', b'text/plain; charset=utf-8'), (b'Content-Length', b'394'), (b'Connection', b'keep-alive'), (b'Date', b'Thu, 30 Jul 2026 09:53:59 GMT'), (b'ETag', b'"42046bd361a033a24264dc41de1fe6cafd68072f"'), (b'X-Powered-By', b'huggingface-moon'), (b'X-Request-Id', b'Root=1-6a6b1f37-5b25ebf030be26356c15d306;74900a39-ee4e-41b3-90b1-e7fe15b70203'), (b'RateLimit', b'"resolvers";r=2976;t=242'), (b'RateLimit-Policy', b'"fixed window";"resolvers";q=3000;w=300'), (b'cross-origin-opener-policy', b'same-origin'), (b'Referrer-Policy', b'strict-origin-when-cross-origin'), (b'Access-Control-Max-Age', b'86400'), (b'Access-Control-Allow-Origin', b'https://huggingface.co'), (b'Access-Control-Expose-Headers', b'X-Repo-Commit,X-Request-Id,X-Error-Code,X-Error-Message,X-Total-Count,ETag,Link,Accept-Ranges,Content-Range,X-Linked-Size,X-Linked-ETag,X-Xet-Hash'), (b'X-Repo-Commit', b'79e7739b6ab944e86d6171e44d24c997fc1e0116'), (b'Accept-Ranges', b'bytes'), (b'X-Hub-Cache', b'MISS'), (b'Content-Disposition', b'inline; filename*=UTF-8\'\'tokenizer_config.json; filename="tokenizer_config.json";'), (b'Content-Security-Policy', b"default-src 'none'; sandbox"), (b'Vary', b'Origin'), (b'X-Cache', b'Hit from cloudfront'), (b'Via', b'1.1 519a45a6eb7235ed934341d9b7a8cb2c.cloudfront.net (CloudFront)'), (b'X-Amz-Cf-Pop', b'FRA56-P17'), (b'Alt-Svc', b'h3=":443"; ma=86400'), (b'X-Amz-Cf-Id', b'6T4_yylgQSYCjp-VeWjjCbPIUCKbnQX707pkk8u1GQVVcci-UhX7zA=='), (b'Age', b'2153257')])
[ 2026-08-24 16:01:36,808 ] httpx - INFO - HTTP Request: HEAD https://huggingface.co/api/resolve-cache/models/BAAI/bge-large-zh-v1.5/79e7739b6ab944e86d6171e44d24c997fc1e0116/tokenizer_config.json "HTTP/1.1 200 OK"
[ 2026-08-24 16:01:36,808 ] httpcore.http11 - DEBUG - receive_response_body.started request=<Request [b'HEAD']>
[ 2026-08-24 16:01:36,808 ] httpcore.http11 - DEBUG - receive_response_body.complete
[ 2026-08-24 16:01:36,808 ] httpcore.http11 - DEBUG - response_closed.started
[ 2026-08-24 16:01:36,808 ] httpcore.http11 - DEBUG - response_closed.complete
[ 2026-08-24 16:01:36,811 ] httpcore.http11 - DEBUG - send_request_headers.started request=<Request [b'HEAD']>
[ 2026-08-24 16:01:36,813 ] httpcore.http11 - DEBUG - send_request_headers.complete
[ 2026-08-24 16:01:36,814 ] httpcore.http11 - DEBUG - send_request_body.started request=<Request [b'HEAD']>
[ 2026-08-24 16:01:36,814 ] httpcore.http11 - DEBUG - send_request_body.complete
[ 2026-08-24 16:01:36,814 ] httpcore.http11 - DEBUG - receive_response_headers.started request=<Request [b'HEAD']>
[ 2026-08-24 16:01:37,057 ] httpcore.http11 - DEBUG - receive_response_headers.complete return_value=(b'HTTP/1.1', 307, b'Temporary Redirect', [(b'Content-Type', b'text/plain; charset=utf-8'), (b'Content-Length', b'248'), (b'Connection', b'keep-alive'), (b'Date', b'Mon, 24 Aug 2026 08:01:36 GMT'), (b'Location', b'/api/resolve-cache/models/BAAI/bge-large-zh-v1.5/79e7739b6ab944e86d6171e44d24c997fc1e0116/config.json?%2FBAAI%2Fbge-large-zh-v1.5%2Fresolve%2Fmain%2Fconfig.json=&etag=%2203df12a02c65a8ba9552ed63f6f1518575d1f7ef%22'), (b'X-Powered-By', b'huggingface-moon'), (b'X-Request-Id', b'Root=1-6a8bfa60-6fbc4ee30b563f1f34c8e08e;88ab2dd2-3f7e-4986-bee0-e06723ee6a1d'), (b'RateLimit', b'"resolvers";r=2983;t=60'), (b'RateLimit-Policy', b'"fixed window";"resolvers";q=3000;w=300'), (b'cross-origin-opener-policy', b'same-origin'), (b'Referrer-Policy', b'strict-origin-when-cross-origin'), (b'Access-Control-Max-Age', b'86400'), (b'Access-Control-Allow-Origin', b'https://huggingface.co'), (b'Vary', b'Origin, Accept'), (b'Access-Control-Expose-Headers', b'X-Repo-Commit,X-Request-Id,X-Error-Code,X-Error-Message,X-Total-Count,ETag,Link,Accept-Ranges,Content-Range,X-Linked-Size,X-Linked-ETag,X-Xet-Hash'), (b'X-Repo-Commit', b'79e7739b6ab944e86d6171e44d24c997fc1e0116'), (b'Accept-Ranges', b'bytes'), (b'X-HF-Warning', b'unauthenticated; Warning: You are sending unauthenticated requests to the HF Hub. Please set a HF_TOKEN to enable higher rate limits and faster downloads.'), (b'X-Hub-Cache', b'HIT'), (b'Content-Disposition', b'inline; filename*=UTF-8\'\'config.json; filename="config.json";'), (b'Content-Security-Policy', b"default-src 'none'; sandbox"), (b'X-Linked-ETag', b'"03df12a02c65a8ba9552ed63f6f1518575d1f7ef"'), (b'X-Cache', b'Miss from cloudfront'), (b'Via', b'1.1 519a45a6eb7235ed934341d9b7a8cb2c.cloudfront.net (CloudFront)'), (b'X-Amz-Cf-Pop', b'FRA56-P17'), (b'Alt-Svc', b'h3=":443"; ma=86400'), (b'X-Amz-Cf-Id', b'1EwUXeZfvOgR-z1zF4sgpRSlA_gDcLiJz4RDybDk3B37FkfoJZXJzA==')])
[ 2026-08-24 16:01:37,058 ] httpx - INFO - HTTP Request: HEAD https://huggingface.co/BAAI/bge-large-zh-v1.5/resolve/main/config.json "HTTP/1.1 307 Temporary Redirect"
[ 2026-08-24 16:01:37,058 ] httpcore.http11 - DEBUG - receive_response_body.started request=<Request [b'HEAD']>
[ 2026-08-24 16:01:37,058 ] httpcore.http11 - DEBUG - receive_response_body.complete
[ 2026-08-24 16:01:37,058 ] httpcore.http11 - DEBUG - response_closed.started
[ 2026-08-24 16:01:37,058 ] httpcore.http11 - DEBUG - response_closed.complete
[ 2026-08-24 16:01:37,059 ] httpcore.http11 - DEBUG - send_request_headers.started request=<Request [b'HEAD']>
[ 2026-08-24 16:01:37,059 ] httpcore.http11 - DEBUG - send_request_headers.complete
[ 2026-08-24 16:01:37,059 ] httpcore.http11 - DEBUG - send_request_body.started request=<Request [b'HEAD']>
[ 2026-08-24 16:01:37,059 ] httpcore.http11 - DEBUG - send_request_body.complete
[ 2026-08-24 16:01:37,059 ] httpcore.http11 - DEBUG - receive_response_headers.started request=<Request [b'HEAD']>
[ 2026-08-24 16:01:37,207 ] httpcore.http11 - DEBUG - receive_response_headers.complete return_value=(b'HTTP/1.1', 200, b'OK', [(b'Content-Type', b'text/plain; charset=utf-8'), (b'Content-Length', b'1000'), (b'Connection', b'keep-alive'), (b'Date', b'Fri, 17 Jul 2026 09:06:51 GMT'), (b'ETag', b'"03df12a02c65a8ba9552ed63f6f1518575d1f7ef"'), (b'X-Powered-By', b'huggingface-moon'), (b'X-Request-Id', b'Root=1-6a59f0ab-0e0ef8ea2170c0b77003df48;1b4092b7-eb26-4eaf-a9a1-114ae7d9b5b8'), (b'RateLimit', b'"resolvers";r=2976;t=157'), (b'RateLimit-Policy', b'"fixed window";"resolvers";q=3000;w=300'), (b'cross-origin-opener-policy', b'same-origin'), (b'Referrer-Policy', b'strict-origin-when-cross-origin'), (b'Access-Control-Max-Age', b'86400'), (b'Access-Control-Allow-Origin', b'https://huggingface.co'), (b'Access-Control-Expose-Headers', b'X-Repo-Commit,X-Request-Id,X-Error-Code,X-Error-Message,X-Total-Count,ETag,Link,Accept-Ranges,Content-Range,X-Linked-Size,X-Linked-ETag,X-Xet-Hash'), (b'X-Repo-Commit', b'79e7739b6ab944e86d6171e44d24c997fc1e0116'), (b'Accept-Ranges', b'bytes'), (b'X-Hub-Cache', b'MISS'), (b'Content-Disposition', b'inline; filename*=UTF-8\'\'config.json; filename="config.json";'), (b'Content-Security-Policy', b"default-src 'none'; sandbox"), (b'Vary', b'Origin'), (b'X-Cache', b'Hit from cloudfront'), (b'Via', b'1.1 519a45a6eb7235ed934341d9b7a8cb2c.cloudfront.net (CloudFront)'), (b'X-Amz-Cf-Pop', b'FRA56-P17'), (b'Alt-Svc', b'h3=":443"; ma=86400'), (b'X-Amz-Cf-Id', b'xRXqbC6-PU5LpKrfBpa0kV6Loz6_YcIRmnX_mUmm6YWoBq0qjUx1mw=='), (b'Age', b'3279286')])
[ 2026-08-24 16:01:37,208 ] httpx - INFO - HTTP Request: HEAD https://huggingface.co/api/resolve-cache/models/BAAI/bge-large-zh-v1.5/79e7739b6ab944e86d6171e44d24c997fc1e0116/config.json "HTTP/1.1 200 OK"
[ 2026-08-24 16:01:37,209 ] httpcore.http11 - DEBUG - receive_response_body.started request=<Request [b'HEAD']>
[ 2026-08-24 16:01:37,210 ] httpcore.http11 - DEBUG - receive_response_body.complete
[ 2026-08-24 16:01:37,210 ] httpcore.http11 - DEBUG - response_closed.started
[ 2026-08-24 16:01:37,210 ] httpcore.http11 - DEBUG - response_closed.complete
[ 2026-08-24 16:01:37,236 ] httpcore.http11 - DEBUG - send_request_headers.started request=<Request [b'HEAD']>
[ 2026-08-24 16:01:37,236 ] httpcore.http11 - DEBUG - send_request_headers.complete
[ 2026-08-24 16:01:37,237 ] httpcore.http11 - DEBUG - send_request_body.started request=<Request [b'HEAD']>
[ 2026-08-24 16:01:37,237 ] httpcore.http11 - DEBUG - send_request_body.complete
[ 2026-08-24 16:01:37,237 ] httpcore.http11 - DEBUG - receive_response_headers.started request=<Request [b'HEAD']>
[ 2026-08-24 16:01:37,486 ] httpcore.http11 - DEBUG - receive_response_headers.complete return_value=(b'HTTP/1.1', 307, b'Temporary Redirect', [(b'Content-Type', b'text/plain; charset=utf-8'), (b'Content-Length', b'248'), (b'Connection', b'keep-alive'), (b'Date', b'Mon, 24 Aug 2026 08:01:37 GMT'), (b'Location', b'/api/resolve-cache/models/BAAI/bge-large-zh-v1.5/79e7739b6ab944e86d6171e44d24c997fc1e0116/config.json?%2FBAAI%2Fbge-large-zh-v1.5%2Fresolve%2Fmain%2Fconfig.json=&etag=%2203df12a02c65a8ba9552ed63f6f1518575d1f7ef%22'), (b'X-Powered-By', b'huggingface-moon'), (b'X-Request-Id', b'Root=1-6a8bfa61-3e52cc0e64943f05708f8dc7;e234ceb5-27ee-4a07-a55c-5017f662de7a'), (b'RateLimit', b'"resolvers";r=2982;t=59'), (b'RateLimit-Policy', b'"fixed window";"resolvers";q=3000;w=300'), (b'cross-origin-opener-policy', b'same-origin'), (b'Referrer-Policy', b'strict-origin-when-cross-origin'), (b'Access-Control-Max-Age', b'86400'), (b'Access-Control-Allow-Origin', b'https://huggingface.co'), (b'Vary', b'Origin, Accept'), (b'Access-Control-Expose-Headers', b'X-Repo-Commit,X-Request-Id,X-Error-Code,X-Error-Message,X-Total-Count,ETag,Link,Accept-Ranges,Content-Range,X-Linked-Size,X-Linked-ETag,X-Xet-Hash'), (b'X-Repo-Commit', b'79e7739b6ab944e86d6171e44d24c997fc1e0116'), (b'Accept-Ranges', b'bytes'), (b'X-HF-Warning', b'unauthenticated; Warning: You are sending unauthenticated requests to the HF Hub. Please set a HF_TOKEN to enable higher rate limits and faster downloads.'), (b'X-Hub-Cache', b'HIT'), (b'Content-Disposition', b'inline; filename*=UTF-8\'\'config.json; filename="config.json";'), (b'Content-Security-Policy', b"default-src 'none'; sandbox"), (b'X-Linked-ETag', b'"03df12a02c65a8ba9552ed63f6f1518575d1f7ef"'), (b'X-Cache', b'Miss from cloudfront'), (b'Via', b'1.1 519a45a6eb7235ed934341d9b7a8cb2c.cloudfront.net (CloudFront)'), (b'X-Amz-Cf-Pop', b'FRA56-P17'), (b'Alt-Svc', b'h3=":443"; ma=86400'), (b'X-Amz-Cf-Id', b'nOKzRgo9DRoysbOqmVwnxrkZZTb155IXf0Kpna_4QKg6_vhnp2Tocw==')])
[ 2026-08-24 16:01:37,487 ] httpx - INFO - HTTP Request: HEAD https://huggingface.co/BAAI/bge-large-zh-v1.5/resolve/main/config.json "HTTP/1.1 307 Temporary Redirect"
[ 2026-08-24 16:01:37,487 ] httpcore.http11 - DEBUG - receive_response_body.started request=<Request [b'HEAD']>
[ 2026-08-24 16:01:37,487 ] httpcore.http11 - DEBUG - receive_response_body.complete
[ 2026-08-24 16:01:37,487 ] httpcore.http11 - DEBUG - response_closed.started
[ 2026-08-24 16:01:37,487 ] httpcore.http11 - DEBUG - response_closed.complete
[ 2026-08-24 16:01:37,488 ] httpcore.http11 - DEBUG - send_request_headers.started request=<Request [b'HEAD']>
[ 2026-08-24 16:01:37,488 ] httpcore.http11 - DEBUG - send_request_headers.complete
[ 2026-08-24 16:01:37,489 ] httpcore.http11 - DEBUG - send_request_body.started request=<Request [b'HEAD']>
[ 2026-08-24 16:01:37,489 ] httpcore.http11 - DEBUG - send_request_body.complete
[ 2026-08-24 16:01:37,489 ] httpcore.http11 - DEBUG - receive_response_headers.started request=<Request [b'HEAD']>
[ 2026-08-24 16:01:37,642 ] httpcore.http11 - DEBUG - receive_response_headers.complete return_value=(b'HTTP/1.1', 200, b'OK', [(b'Content-Type', b'text/plain; charset=utf-8'), (b'Content-Length', b'1000'), (b'Connection', b'keep-alive'), (b'Date', b'Fri, 17 Jul 2026 09:06:51 GMT'), (b'ETag', b'"03df12a02c65a8ba9552ed63f6f1518575d1f7ef"'), (b'X-Powered-By', b'huggingface-moon'), (b'X-Request-Id', b'Root=1-6a59f0ab-0e0ef8ea2170c0b77003df48;1b4092b7-eb26-4eaf-a9a1-114ae7d9b5b8'), (b'RateLimit', b'"resolvers";r=2976;t=157'), (b'RateLimit-Policy', b'"fixed window";"resolvers";q=3000;w=300'), (b'cross-origin-opener-policy', b'same-origin'), (b'Referrer-Policy', b'strict-origin-when-cross-origin'), (b'Access-Control-Max-Age', b'86400'), (b'Access-Control-Allow-Origin', b'https://huggingface.co'), (b'Access-Control-Expose-Headers', b'X-Repo-Commit,X-Request-Id,X-Error-Code,X-Error-Message,X-Total-Count,ETag,Link,Accept-Ranges,Content-Range,X-Linked-Size,X-Linked-ETag,X-Xet-Hash'), (b'X-Repo-Commit', b'79e7739b6ab944e86d6171e44d24c997fc1e0116'), (b'Accept-Ranges', b'bytes'), (b'X-Hub-Cache', b'MISS'), (b'Content-Disposition', b'inline; filename*=UTF-8\'\'config.json; filename="config.json";'), (b'Content-Security-Policy', b"default-src 'none'; sandbox"), (b'Vary', b'Origin'), (b'X-Cache', b'Hit from cloudfront'), (b'Via', b'1.1 519a45a6eb7235ed934341d9b7a8cb2c.cloudfront.net (CloudFront)'), (b'X-Amz-Cf-Pop', b'FRA56-P17'), (b'Alt-Svc', b'h3=":443"; ma=86400'), (b'X-Amz-Cf-Id', b'xdSqTlFcCRtrDci6B8EjeYjeak0UWXfffwJs-SgWL90Sxwo6TIAEeQ=='), (b'Age', b'3279286')])
[ 2026-08-24 16:01:37,644 ] httpx - INFO - HTTP Request: HEAD https://huggingface.co/api/resolve-cache/models/BAAI/bge-large-zh-v1.5/79e7739b6ab944e86d6171e44d24c997fc1e0116/config.json "HTTP/1.1 200 OK"
[ 2026-08-24 16:01:37,644 ] httpcore.http11 - DEBUG - receive_response_body.started request=<Request [b'HEAD']>
[ 2026-08-24 16:01:37,644 ] httpcore.http11 - DEBUG - receive_response_body.complete
[ 2026-08-24 16:01:37,644 ] httpcore.http11 - DEBUG - response_closed.started
[ 2026-08-24 16:01:37,644 ] httpcore.http11 - DEBUG - response_closed.complete
[ 2026-08-24 16:01:37,655 ] httpcore.http11 - DEBUG - send_request_headers.started request=<Request [b'HEAD']>
[ 2026-08-24 16:01:37,655 ] httpcore.http11 - DEBUG - send_request_headers.complete
[ 2026-08-24 16:01:37,655 ] httpcore.http11 - DEBUG - send_request_body.started request=<Request [b'HEAD']>
[ 2026-08-24 16:01:37,656 ] httpcore.http11 - DEBUG - send_request_body.complete
[ 2026-08-24 16:01:37,656 ] httpcore.http11 - DEBUG - receive_response_headers.started request=<Request [b'HEAD']>
[ 2026-08-24 16:01:37,907 ] httpcore.http11 - DEBUG - receive_response_headers.complete return_value=(b'HTTP/1.1', 307, b'Temporary Redirect', [(b'Content-Type', b'text/plain; charset=utf-8'), (b'Content-Length', b'268'), (b'Connection', b'keep-alive'), (b'Date', b'Mon, 24 Aug 2026 08:01:37 GMT'), (b'Location', b'/api/resolve-cache/models/BAAI/bge-large-zh-v1.5/79e7739b6ab944e86d6171e44d24c997fc1e0116/tokenizer_config.json?%2FBAAI%2Fbge-large-zh-v1.5%2Fresolve%2Fmain%2Ftokenizer_config.json=&etag=%2242046bd361a033a24264dc41de1fe6cafd68072f%22'), (b'X-Powered-By', b'huggingface-moon'), (b'X-Request-Id', b'Root=1-6a8bfa61-4388f095092022037d798abe;a113cb00-5709-46a6-b494-7f8aabcdf1f1'), (b'RateLimit', b'"resolvers";r=2981;t=59'), (b'RateLimit-Policy', b'"fixed window";"resolvers";q=3000;w=300'), (b'cross-origin-opener-policy', b'same-origin'), (b'Referrer-Policy', b'strict-origin-when-cross-origin'), (b'Access-Control-Max-Age', b'86400'), (b'Access-Control-Allow-Origin', b'https://huggingface.co'), (b'Vary', b'Origin, Accept'), (b'Access-Control-Expose-Headers', b'X-Repo-Commit,X-Request-Id,X-Error-Code,X-Error-Message,X-Total-Count,ETag,Link,Accept-Ranges,Content-Range,X-Linked-Size,X-Linked-ETag,X-Xet-Hash'), (b'X-Repo-Commit', b'79e7739b6ab944e86d6171e44d24c997fc1e0116'), (b'Accept-Ranges', b'bytes'), (b'X-HF-Warning', b'unauthenticated; Warning: You are sending unauthenticated requests to the HF Hub. Please set a HF_TOKEN to enable higher rate limits and faster downloads.'), (b'X-Hub-Cache', b'HIT'), (b'Content-Disposition', b'inline; filename*=UTF-8\'\'tokenizer_config.json; filename="tokenizer_config.json";'), (b'Content-Security-Policy', b"default-src 'none'; sandbox"), (b'X-Linked-ETag', b'"42046bd361a033a24264dc41de1fe6cafd68072f"'), (b'X-Cache', b'Miss from cloudfront'), (b'Via', b'1.1 519a45a6eb7235ed934341d9b7a8cb2c.cloudfront.net (CloudFront)'), (b'X-Amz-Cf-Pop', b'FRA56-P17'), (b'Alt-Svc', b'h3=":443"; ma=86400'), (b'X-Amz-Cf-Id', b'o1ez3-mKIwEay9K98i7HuewAipdX9g6na5wb-QhcPI3P5MR4dZQ2kw==')])
[ 2026-08-24 16:01:37,908 ] httpx - INFO - HTTP Request: HEAD https://huggingface.co/BAAI/bge-large-zh-v1.5/resolve/main/tokenizer_config.json "HTTP/1.1 307 Temporary Redirect"
[ 2026-08-24 16:01:37,909 ] httpcore.http11 - DEBUG - receive_response_body.started request=<Request [b'HEAD']>
[ 2026-08-24 16:01:37,909 ] httpcore.http11 - DEBUG - receive_response_body.complete
[ 2026-08-24 16:01:37,909 ] httpcore.http11 - DEBUG - response_closed.started
[ 2026-08-24 16:01:37,909 ] httpcore.http11 - DEBUG - response_closed.complete
[ 2026-08-24 16:01:37,910 ] httpcore.http11 - DEBUG - send_request_headers.started request=<Request [b'HEAD']>
[ 2026-08-24 16:01:37,910 ] httpcore.http11 - DEBUG - send_request_headers.complete
[ 2026-08-24 16:01:37,911 ] httpcore.http11 - DEBUG - send_request_body.started request=<Request [b'HEAD']>
[ 2026-08-24 16:01:37,911 ] httpcore.http11 - DEBUG - send_request_body.complete
[ 2026-08-24 16:01:37,911 ] httpcore.http11 - DEBUG - receive_response_headers.started request=<Request [b'HEAD']>
[ 2026-08-24 16:01:38,059 ] httpcore.http11 - DEBUG - receive_response_headers.complete return_value=(b'HTTP/1.1', 200, b'OK', [(b'Content-Type', b'text/plain; charset=utf-8'), (b'Content-Length', b'394'), (b'Connection', b'keep-alive'), (b'Date', b'Thu, 30 Jul 2026 09:53:59 GMT'), (b'ETag', b'"42046bd361a033a24264dc41de1fe6cafd68072f"'), (b'X-Powered-By', b'huggingface-moon'), (b'X-Request-Id', b'Root=1-6a6b1f37-5b25ebf030be26356c15d306;74900a39-ee4e-41b3-90b1-e7fe15b70203'), (b'RateLimit', b'"resolvers";r=2976;t=242'), (b'RateLimit-Policy', b'"fixed window";"resolvers";q=3000;w=300'), (b'cross-origin-opener-policy', b'same-origin'), (b'Referrer-Policy', b'strict-origin-when-cross-origin'), (b'Access-Control-Max-Age', b'86400'), (b'Access-Control-Allow-Origin', b'https://huggingface.co'), (b'Access-Control-Expose-Headers', b'X-Repo-Commit,X-Request-Id,X-Error-Code,X-Error-Message,X-Total-Count,ETag,Link,Accept-Ranges,Content-Range,X-Linked-Size,X-Linked-ETag,X-Xet-Hash'), (b'X-Repo-Commit', b'79e7739b6ab944e86d6171e44d24c997fc1e0116'), (b'Accept-Ranges', b'bytes'), (b'X-Hub-Cache', b'MISS'), (b'Content-Disposition', b'inline; filename*=UTF-8\'\'tokenizer_config.json; filename="tokenizer_config.json";'), (b'Content-Security-Policy', b"default-src 'none'; sandbox"), (b'Vary', b'Origin'), (b'X-Cache', b'Hit from cloudfront'), (b'Via', b'1.1 519a45a6eb7235ed934341d9b7a8cb2c.cloudfront.net (CloudFront)'), (b'X-Amz-Cf-Pop', b'FRA56-P17'), (b'Alt-Svc', b'h3=":443"; ma=86400'), (b'X-Amz-Cf-Id', b'1L1BJLT7e81jLWCn2IAaVoxOLnt9avlirnK_LO4OJDJf5Rxdk6G9pg=='), (b'Age', b'2153258')])
[ 2026-08-24 16:01:38,059 ] httpx - INFO - HTTP Request: HEAD https://huggingface.co/api/resolve-cache/models/BAAI/bge-large-zh-v1.5/79e7739b6ab944e86d6171e44d24c997fc1e0116/tokenizer_config.json "HTTP/1.1 200 OK"
[ 2026-08-24 16:01:38,059 ] httpcore.http11 - DEBUG - receive_response_body.started request=<Request [b'HEAD']>
[ 2026-08-24 16:01:38,060 ] httpcore.http11 - DEBUG - receive_response_body.complete
[ 2026-08-24 16:01:38,060 ] httpcore.http11 - DEBUG - response_closed.started
[ 2026-08-24 16:01:38,060 ] httpcore.http11 - DEBUG - response_closed.complete
[ 2026-08-24 16:01:38,077 ] httpcore.http11 - DEBUG - send_request_headers.started request=<Request [b'GET']>
[ 2026-08-24 16:01:38,077 ] httpcore.http11 - DEBUG - send_request_headers.complete
[ 2026-08-24 16:01:38,078 ] httpcore.http11 - DEBUG - send_request_body.started request=<Request [b'GET']>
[ 2026-08-24 16:01:38,078 ] httpcore.http11 - DEBUG - send_request_body.complete
[ 2026-08-24 16:01:38,078 ] httpcore.http11 - DEBUG - receive_response_headers.started request=<Request [b'GET']>
[ 2026-08-24 16:01:38,330 ] httpcore.http11 - DEBUG - receive_response_headers.complete return_value=(b'HTTP/1.1', 404, b'Not Found', [(b'Content-Type', b'application/json; charset=utf-8'), (b'Content-Length', b'64'), (b'Connection', b'keep-alive'), (b'Date', b'Mon, 24 Aug 2026 08:01:38 GMT'), (b'ETag', b'W/"40-09f9IAqP13xarAhQxFS2W8rvRkM"'), (b'X-Powered-By', b'huggingface-moon'), (b'X-Request-Id', b'Root=1-6a8bfa62-5fb27ebc112c675622f338ac;036e9575-8612-4367-bc87-8a040c5ea801'), (b'RateLimit', b'"api";r=495;t=58'), (b'RateLimit-Policy', b'"fixed window";"api";q=500;w=300'), (b'cross-origin-opener-policy', b'same-origin'), (b'Referrer-Policy', b'strict-origin-when-cross-origin'), (b'Access-Control-Max-Age', b'86400'), (b'Access-Control-Allow-Origin', b'https://huggingface.co'), (b'Vary', b'Origin'), (b'Access-Control-Expose-Headers', b'X-Repo-Commit,X-Request-Id,X-Error-Code,X-Error-Message,X-Total-Count,ETag,Link,Accept-Ranges,Content-Range,X-Linked-Size,X-Linked-ETag,X-Xet-Hash'), (b'X-Error-Code', b'EntryNotFound'), (b'X-Error-Message', b'additional_chat_templates does not exist on "main"'), (b'X-Cache', b'Error from cloudfront'), (b'Via', b'1.1 519a45a6eb7235ed934341d9b7a8cb2c.cloudfront.net (CloudFront)'), (b'X-Amz-Cf-Pop', b'FRA56-P17'), (b'Alt-Svc', b'h3=":443"; ma=86400'), (b'X-Amz-Cf-Id', b'ps-3TP0da08iyF8G4SqlcgxW5gLU-3TgNaVqvkZ3sS8V-t_pdtCQ-A==')])
[ 2026-08-24 16:01:38,331 ] httpx - INFO - HTTP Request: GET https://huggingface.co/api/models/BAAI/bge-large-zh-v1.5/tree/main/additional_chat_templates?recursive=false&expand=false "HTTP/1.1 404 Not Found"
[ 2026-08-24 16:01:38,331 ] httpcore.http11 - DEBUG - receive_response_body.started request=<Request [b'GET']>
[ 2026-08-24 16:01:38,331 ] httpcore.http11 - DEBUG - receive_response_body.complete
[ 2026-08-24 16:01:38,331 ] httpcore.http11 - DEBUG - response_closed.started
[ 2026-08-24 16:01:38,331 ] httpcore.http11 - DEBUG - response_closed.complete
[ 2026-08-24 16:01:38,335 ] httpcore.http11 - DEBUG - send_request_headers.started request=<Request [b'GET']>
[ 2026-08-24 16:01:38,335 ] httpcore.http11 - DEBUG - send_request_headers.complete
[ 2026-08-24 16:01:38,336 ] httpcore.http11 - DEBUG - send_request_body.started request=<Request [b'GET']>
[ 2026-08-24 16:01:38,336 ] httpcore.http11 - DEBUG - send_request_body.complete
[ 2026-08-24 16:01:38,336 ] httpcore.http11 - DEBUG - receive_response_headers.started request=<Request [b'GET']>
[ 2026-08-24 16:01:38,588 ] httpcore.http11 - DEBUG - receive_response_headers.complete return_value=(b'HTTP/1.1', 200, b'OK', [(b'Content-Type', b'application/json; charset=utf-8'), (b'Transfer-Encoding', b'chunked'), (b'Connection', b'keep-alive'), (b'Date', b'Mon, 24 Aug 2026 08:01:38 GMT'), (b'content-encoding', b'gzip'), (b'ETag', b'W/"60e-4HTeqdg1nbgKNpZ8eK9G2cU1aXs"'), (b'X-Powered-By', b'huggingface-moon'), (b'X-Request-Id', b'Root=1-6a8bfa62-6ff9248c41d856a845698750;3769b169-5c10-42c8-bc25-72671a49171c'), (b'RateLimit', b'"api";r=494;t=58'), (b'RateLimit-Policy', b'"fixed window";"api";q=500;w=300'), (b'cross-origin-opener-policy', b'same-origin'), (b'Referrer-Policy', b'strict-origin-when-cross-origin'), (b'Access-Control-Max-Age', b'86400'), (b'Access-Control-Allow-Origin', b'https://huggingface.co'), (b'Vary', b'Origin'), (b'vary', b'Accept-Encoding'), (b'Access-Control-Expose-Headers', b'X-Repo-Commit,X-Request-Id,X-Error-Code,X-Error-Message,X-Total-Count,ETag,Link,Accept-Ranges,Content-Range,X-Linked-Size,X-Linked-ETag,X-Xet-Hash'), (b'X-Cache', b'Miss from cloudfront'), (b'Via', b'1.1 519a45a6eb7235ed934341d9b7a8cb2c.cloudfront.net (CloudFront)'), (b'X-Amz-Cf-Pop', b'FRA56-P17'), (b'Alt-Svc', b'h3=":443"; ma=86400'), (b'X-Amz-Cf-Id', b'YYl6--zcZaIFw6n-mt14rltOcZR3dXe4poL-GyomVaLCUPaDUCpESQ==')])
[ 2026-08-24 16:01:38,589 ] httpx - INFO - HTTP Request: GET https://huggingface.co/api/models/BAAI/bge-large-zh-v1.5/tree/main?recursive=true&expand=false "HTTP/1.1 200 OK"
[ 2026-08-24 16:01:38,590 ] httpcore.http11 - DEBUG - receive_response_body.started request=<Request [b'GET']>
[ 2026-08-24 16:01:38,590 ] httpcore.http11 - DEBUG - receive_response_body.complete
[ 2026-08-24 16:01:38,590 ] httpcore.http11 - DEBUG - response_closed.started
[ 2026-08-24 16:01:38,591 ] httpcore.http11 - DEBUG - response_closed.complete
[ 2026-08-24 16:01:38,629 ] sentence_transformers.base.modules.transformer - DEBUG - Active modality config: {'text': {'method': 'forward', 'method_output_name': 'last_hidden_state'}}
[ 2026-08-24 16:01:38,630 ] httpcore.http11 - DEBUG - send_request_headers.started request=<Request [b'HEAD']>
[ 2026-08-24 16:01:38,630 ] httpcore.http11 - DEBUG - send_request_headers.complete
[ 2026-08-24 16:01:38,630 ] httpcore.http11 - DEBUG - send_request_body.started request=<Request [b'HEAD']>
[ 2026-08-24 16:01:38,630 ] httpcore.http11 - DEBUG - send_request_body.complete
[ 2026-08-24 16:01:38,630 ] httpcore.http11 - DEBUG - receive_response_headers.started request=<Request [b'HEAD']>
[ 2026-08-24 16:01:38,894 ] httpcore.http11 - DEBUG - receive_response_headers.complete return_value=(b'HTTP/1.1', 307, b'Temporary Redirect', [(b'Content-Type', b'text/plain; charset=utf-8'), (b'Content-Length', b'272'), (b'Connection', b'keep-alive'), (b'Date', b'Mon, 24 Aug 2026 08:01:38 GMT'), (b'Location', b'/api/resolve-cache/models/BAAI/bge-large-zh-v1.5/79e7739b6ab944e86d6171e44d24c997fc1e0116/1_Pooling%2Fconfig.json?%2FBAAI%2Fbge-large-zh-v1.5%2Fresolve%2Fmain%2F1_Pooling%2Fconfig.json=&etag=%229bd85925f325e25246d94c4918dc02ab98f2a1b7%22'), (b'X-Powered-By', b'huggingface-moon'), (b'X-Request-Id', b'Root=1-6a8bfa62-71449ee55c5c543c23c78184;9db2b37c-3dd3-459b-8cbe-6d3f4615ebf0'), (b'RateLimit', b'"resolvers";r=2980;t=58'), (b'RateLimit-Policy', b'"fixed window";"resolvers";q=3000;w=300'), (b'cross-origin-opener-policy', b'same-origin'), (b'Referrer-Policy', b'strict-origin-when-cross-origin'), (b'Access-Control-Max-Age', b'86400'), (b'Access-Control-Allow-Origin', b'https://huggingface.co'), (b'Vary', b'Origin, Accept'), (b'Access-Control-Expose-Headers', b'X-Repo-Commit,X-Request-Id,X-Error-Code,X-Error-Message,X-Total-Count,ETag,Link,Accept-Ranges,Content-Range,X-Linked-Size,X-Linked-ETag,X-Xet-Hash'), (b'X-Repo-Commit', b'79e7739b6ab944e86d6171e44d24c997fc1e0116'), (b'Accept-Ranges', b'bytes'), (b'X-HF-Warning', b'unauthenticated; Warning: You are sending unauthenticated requests to the HF Hub. Please set a HF_TOKEN to enable higher rate limits and faster downloads.'), (b'X-Hub-Cache', b'HIT'), (b'Content-Disposition', b'inline; filename*=UTF-8\'\'config.json; filename="config.json";'), (b'Content-Security-Policy', b"default-src 'none'; sandbox"), (b'X-Linked-ETag', b'"9bd85925f325e25246d94c4918dc02ab98f2a1b7"'), (b'X-Cache', b'Miss from cloudfront'), (b'Via', b'1.1 519a45a6eb7235ed934341d9b7a8cb2c.cloudfront.net (CloudFront)'), (b'X-Amz-Cf-Pop', b'FRA56-P17'), (b'Alt-Svc', b'h3=":443"; ma=86400'), (b'X-Amz-Cf-Id', b'kdlmPwKMqVkstI4zq1tePHvLfd00kQqfpOba9pPPSziP2ZyTutT9vw==')])
[ 2026-08-24 16:01:38,895 ] httpx - INFO - HTTP Request: HEAD https://huggingface.co/BAAI/bge-large-zh-v1.5/resolve/main/1_Pooling/config.json "HTTP/1.1 307 Temporary Redirect"
[ 2026-08-24 16:01:38,896 ] httpcore.http11 - DEBUG - receive_response_body.started request=<Request [b'HEAD']>
[ 2026-08-24 16:01:38,896 ] httpcore.http11 - DEBUG - receive_response_body.complete
[ 2026-08-24 16:01:38,896 ] httpcore.http11 - DEBUG - response_closed.started
[ 2026-08-24 16:01:38,896 ] httpcore.http11 - DEBUG - response_closed.complete
[ 2026-08-24 16:01:38,897 ] httpcore.http11 - DEBUG - send_request_headers.started request=<Request [b'HEAD']>
[ 2026-08-24 16:01:38,897 ] httpcore.http11 - DEBUG - send_request_headers.complete
[ 2026-08-24 16:01:38,897 ] httpcore.http11 - DEBUG - send_request_body.started request=<Request [b'HEAD']>
[ 2026-08-24 16:01:38,898 ] httpcore.http11 - DEBUG - send_request_body.complete
[ 2026-08-24 16:01:38,898 ] httpcore.http11 - DEBUG - receive_response_headers.started request=<Request [b'HEAD']>
[ 2026-08-24 16:01:39,048 ] httpcore.http11 - DEBUG - receive_response_headers.complete return_value=(b'HTTP/1.1', 200, b'OK', [(b'Content-Type', b'text/plain; charset=utf-8'), (b'Content-Length', b'191'), (b'Connection', b'keep-alive'), (b'Date', b'Fri, 17 Jul 2026 09:06:54 GMT'), (b'ETag', b'"9bd85925f325e25246d94c4918dc02ab98f2a1b7"'), (b'X-Powered-By', b'huggingface-moon'), (b'X-Request-Id', b'Root=1-6a59f0ae-70c0c6ba248d48e874c5894b;ecfe3705-3aa0-4dbb-9a7d-f9d7b359dbe5'), (b'RateLimit', b'"resolvers";r=2968;t=154'), (b'RateLimit-Policy', b'"fixed window";"resolvers";q=3000;w=300'), (b'cross-origin-opener-policy', b'same-origin'), (b'Referrer-Policy', b'strict-origin-when-cross-origin'), (b'Access-Control-Max-Age', b'86400'), (b'Access-Control-Allow-Origin', b'https://huggingface.co'), (b'Access-Control-Expose-Headers', b'X-Repo-Commit,X-Request-Id,X-Error-Code,X-Error-Message,X-Total-Count,ETag,Link,Accept-Ranges,Content-Range,X-Linked-Size,X-Linked-ETag,X-Xet-Hash'), (b'X-Repo-Commit', b'79e7739b6ab944e86d6171e44d24c997fc1e0116'), (b'Accept-Ranges', b'bytes'), (b'X-Hub-Cache', b'HIT'), (b'Content-Disposition', b'inline; filename*=UTF-8\'\'config.json; filename="config.json";'), (b'Content-Security-Policy', b"default-src 'none'; sandbox"), (b'Vary', b'Origin'), (b'X-Cache', b'Hit from cloudfront'), (b'Via', b'1.1 519a45a6eb7235ed934341d9b7a8cb2c.cloudfront.net (CloudFront)'), (b'X-Amz-Cf-Pop', b'FRA56-P17'), (b'Alt-Svc', b'h3=":443"; ma=86400'), (b'X-Amz-Cf-Id', b'HIy3UUSixanpYFhRKcxhJU4_LtRw_Imd2Qh_lLlfhTMqsmov9FocGA=='), (b'Age', b'3279284')])
[ 2026-08-24 16:01:39,048 ] httpx - INFO - HTTP Request: HEAD https://huggingface.co/api/resolve-cache/models/BAAI/bge-large-zh-v1.5/79e7739b6ab944e86d6171e44d24c997fc1e0116/1_Pooling%2Fconfig.json "HTTP/1.1 200 OK"
[ 2026-08-24 16:01:39,048 ] httpcore.http11 - DEBUG - receive_response_body.started request=<Request [b'HEAD']>
[ 2026-08-24 16:01:39,048 ] httpcore.http11 - DEBUG - receive_response_body.complete
[ 2026-08-24 16:01:39,049 ] httpcore.http11 - DEBUG - response_closed.started
[ 2026-08-24 16:01:39,049 ] httpcore.http11 - DEBUG - response_closed.complete
[ 2026-08-24 16:01:39,053 ] httpcore.http11 - DEBUG - send_request_headers.started request=<Request [b'HEAD']>
[ 2026-08-24 16:01:39,054 ] httpcore.http11 - DEBUG - send_request_headers.complete
[ 2026-08-24 16:01:39,055 ] httpcore.http11 - DEBUG - send_request_body.started request=<Request [b'HEAD']>
[ 2026-08-24 16:01:39,056 ] httpcore.http11 - DEBUG - send_request_body.complete
[ 2026-08-24 16:01:39,056 ] httpcore.http11 - DEBUG - receive_response_headers.started request=<Request [b'HEAD']>
[ 2026-08-24 16:01:39,302 ] httpcore.http11 - DEBUG - receive_response_headers.complete return_value=(b'HTTP/1.1', 404, b'Not Found', [(b'Content-Type', b'text/plain; charset=utf-8'), (b'Content-Length', b'15'), (b'Connection', b'keep-alive'), (b'Date', b'Mon, 24 Aug 2026 08:01:39 GMT'), (b'ETag', b'W/"f-mY2VvLxuxB7KhsoOdQTlMTccuAQ"'), (b'X-Powered-By', b'huggingface-moon'), (b'X-Request-Id', b'Root=1-6a8bfa63-4656520f176ceaa936e36a04;05f09866-1a67-467e-ac6e-581a12d09630'), (b'RateLimit', b'"resolvers";r=2979;t=57'), (b'RateLimit-Policy', b'"fixed window";"resolvers";q=3000;w=300'), (b'cross-origin-opener-policy', b'same-origin'), (b'Referrer-Policy', b'strict-origin-when-cross-origin'), (b'Access-Control-Max-Age', b'86400'), (b'Access-Control-Allow-Origin', b'https://huggingface.co'), (b'Vary', b'Origin'), (b'Access-Control-Expose-Headers', b'X-Repo-Commit,X-Request-Id,X-Error-Code,X-Error-Message,X-Total-Count,ETag,Link,Accept-Ranges,Content-Range,X-Linked-Size,X-Linked-ETag,X-Xet-Hash'), (b'X-Repo-Commit', b'79e7739b6ab944e86d6171e44d24c997fc1e0116'), (b'Accept-Ranges', b'bytes'), (b'X-Hub-Cache', b'MISS'), (b'X-Error-Code', b'EntryNotFound'), (b'X-Error-Message', b'Entry not found'), (b'X-Cache', b'Error from cloudfront'), (b'Via', b'1.1 519a45a6eb7235ed934341d9b7a8cb2c.cloudfront.net (CloudFront)'), (b'X-Amz-Cf-Pop', b'FRA56-P17'), (b'Alt-Svc', b'h3=":443"; ma=86400'), (b'X-Amz-Cf-Id', b'qHADUscFySduHsSH1-brmuwM0Thz-F4smiploc_T9N5YHj6g4qrtag==')])
[ 2026-08-24 16:01:39,302 ] httpx - INFO - HTTP Request: HEAD https://huggingface.co/BAAI/bge-large-zh-v1.5/resolve/main/2_Normalize/config.json "HTTP/1.1 404 Not Found"
[ 2026-08-24 16:01:39,302 ] httpcore.http11 - DEBUG - receive_response_body.started request=<Request [b'HEAD']>
[ 2026-08-24 16:01:39,302 ] httpcore.http11 - DEBUG - receive_response_body.complete
[ 2026-08-24 16:01:39,302 ] httpcore.http11 - DEBUG - response_closed.started
[ 2026-08-24 16:01:39,302 ] httpcore.http11 - DEBUG - response_closed.complete
[ 2026-08-24 16:01:39,303 ] sentence_transformers.util.file_io - DEBUG - Could not load 'config.json' from 'BAAI/bge-large-zh-v1.5': 404 Client Error. (Request ID: Root=1-6a8bfa63-4656520f176ceaa936e36a04;05f09866-1a67-467e-ac6e-581a12d09630)

Entry Not Found for url: https://huggingface.co/BAAI/bge-large-zh-v1.5/resolve/main/2_Normalize/config.json.
[ 2026-08-24 16:01:39,303 ] httpcore.http11 - DEBUG - send_request_headers.started request=<Request [b'GET']>
[ 2026-08-24 16:01:39,303 ] httpcore.http11 - DEBUG - send_request_headers.complete
[ 2026-08-24 16:01:39,303 ] httpcore.http11 - DEBUG - send_request_body.started request=<Request [b'GET']>
[ 2026-08-24 16:01:39,304 ] httpcore.http11 - DEBUG - send_request_body.complete
[ 2026-08-24 16:01:39,304 ] httpcore.http11 - DEBUG - receive_response_headers.started request=<Request [b'GET']>
[ 2026-08-24 16:01:39,557 ] httpcore.http11 - DEBUG - receive_response_headers.complete return_value=(b'HTTP/1.1', 200, b'OK', [(b'Content-Type', b'application/json; charset=utf-8'), (b'Transfer-Encoding', b'chunked'), (b'Connection', b'keep-alive'), (b'Date', b'Mon, 24 Aug 2026 08:01:39 GMT'), (b'content-encoding', b'gzip'), (b'ETag', b'W/"1087-S+6DM8GSN3MHuNw6xUPojlZRyGk"'), (b'X-Powered-By', b'huggingface-moon'), (b'X-Request-Id', b'Root=1-6a8bfa63-5e4f8361794526727f08d8d4;2d1689bf-e4d5-43e9-90f2-b11d0ca4e6da'), (b'RateLimit', b'"api";r=493;t=57'), (b'RateLimit-Policy', b'"fixed window";"api";q=500;w=300'), (b'cross-origin-opener-policy', b'same-origin'), (b'Referrer-Policy', b'strict-origin-when-cross-origin'), (b'Access-Control-Max-Age', b'86400'), (b'Access-Control-Allow-Origin', b'https://huggingface.co'), (b'Vary', b'Origin'), (b'vary', b'Accept-Encoding'), (b'Access-Control-Expose-Headers', b'X-Repo-Commit,X-Request-Id,X-Error-Code,X-Error-Message,X-Total-Count,ETag,Link,Accept-Ranges,Content-Range,X-Linked-Size,X-Linked-ETag,X-Xet-Hash'), (b'X-Cache', b'Miss from cloudfront'), (b'Via', b'1.1 519a45a6eb7235ed934341d9b7a8cb2c.cloudfront.net (CloudFront)'), (b'X-Amz-Cf-Pop', b'FRA56-P17'), (b'Alt-Svc', b'h3=":443"; ma=86400'), (b'X-Amz-Cf-Id', b'5BKgoT6vBjvxWOs-s_Jy6Q8T08wqudotmhW6s6VDvW2OXQysX-a9XA==')])
[ 2026-08-24 16:01:39,558 ] httpx - INFO - HTTP Request: GET https://huggingface.co/api/models/BAAI/bge-large-zh-v1.5 "HTTP/1.1 200 OK"
[ 2026-08-24 16:01:39,559 ] httpcore.http11 - DEBUG - receive_response_body.started request=<Request [b'GET']>
[ 2026-08-24 16:01:39,559 ] httpcore.http11 - DEBUG - receive_response_body.complete
[ 2026-08-24 16:01:39,560 ] httpcore.http11 - DEBUG - response_closed.started
[ 2026-08-24 16:01:39,560 ] httpcore.http11 - DEBUG - response_closed.complete
[ 2026-08-24 16:01:40,813 ] httpcore.http11 - DEBUG - send_request_headers.started request=<Request [b'HEAD']>
[ 2026-08-24 16:01:40,813 ] httpcore.http11 - DEBUG - send_request_headers.complete
[ 2026-08-24 16:01:40,814 ] httpcore.http11 - DEBUG - send_request_body.started request=<Request [b'HEAD']>
[ 2026-08-24 16:01:40,814 ] httpcore.http11 - DEBUG - send_request_body.complete
[ 2026-08-24 16:01:40,814 ] httpcore.http11 - DEBUG - receive_response_headers.started request=<Request [b'HEAD']>
[ 2026-08-24 16:01:41,080 ] httpcore.http11 - DEBUG - receive_response_headers.complete return_value=(b'HTTP/1.1', 307, b'Temporary Redirect', [(b'Content-Type', b'text/plain; charset=utf-8'), (b'Content-Length', b'250'), (b'Connection', b'keep-alive'), (b'Date', b'Mon, 24 Aug 2026 08:01:40 GMT'), (b'Location', b'/api/resolve-cache/models/BAAI/bge-large-zh-v1.5/79e7739b6ab944e86d6171e44d24c997fc1e0116/modules.json?%2FBAAI%2Fbge-large-zh-v1.5%2Fresolve%2Fmain%2Fmodules.json=&etag=%22952a9b81c0bfd99800fabf352f69c7ccd46c5e43%22'), (b'X-Powered-By', b'huggingface-moon'), (b'X-Request-Id', b'Root=1-6a8bfa64-5526fb8b797cd2bb74cfdd46;b6ebba2a-b28f-4ca4-ae1b-bf44eac3356b'), (b'RateLimit', b'"resolvers";r=2978;t=56'), (b'RateLimit-Policy', b'"fixed window";"resolvers";q=3000;w=300'), (b'cross-origin-opener-policy', b'same-origin'), (b'Referrer-Policy', b'strict-origin-when-cross-origin'), (b'Access-Control-Max-Age', b'86400'), (b'Access-Control-Allow-Origin', b'https://huggingface.co'), (b'Vary', b'Origin, Accept'), (b'Access-Control-Expose-Headers', b'X-Repo-Commit,X-Request-Id,X-Error-Code,X-Error-Message,X-Total-Count,ETag,Link,Accept-Ranges,Content-Range,X-Linked-Size,X-Linked-ETag,X-Xet-Hash'), (b'X-Repo-Commit', b'79e7739b6ab944e86d6171e44d24c997fc1e0116'), (b'Accept-Ranges', b'bytes'), (b'X-HF-Warning', b'unauthenticated; Warning: You are sending unauthenticated requests to the HF Hub. Please set a HF_TOKEN to enable higher rate limits and faster downloads.'), (b'X-Hub-Cache', b'HIT'), (b'Content-Disposition', b'inline; filename*=UTF-8\'\'modules.json; filename="modules.json";'), (b'Content-Security-Policy', b"default-src 'none'; sandbox"), (b'X-Linked-ETag', b'"952a9b81c0bfd99800fabf352f69c7ccd46c5e43"'), (b'X-Cache', b'Miss from cloudfront'), (b'Via', b'1.1 519a45a6eb7235ed934341d9b7a8cb2c.cloudfront.net (CloudFront)'), (b'X-Amz-Cf-Pop', b'FRA56-P17'), (b'Alt-Svc', b'h3=":443"; ma=86400'), (b'X-Amz-Cf-Id', b'P0itWDua8x5ojvzCTkaJzr_jke0e-U81g1M-53m9GcNUdgDYBLghtQ==')])
[ 2026-08-24 16:01:41,081 ] httpx - INFO - HTTP Request: HEAD https://huggingface.co/BAAI/bge-large-zh-v1.5/resolve/main/modules.json "HTTP/1.1 307 Temporary Redirect"
[ 2026-08-24 16:01:41,082 ] httpcore.http11 - DEBUG - receive_response_body.started request=<Request [b'HEAD']>
[ 2026-08-24 16:01:41,082 ] httpcore.http11 - DEBUG - receive_response_body.complete
[ 2026-08-24 16:01:41,082 ] httpcore.http11 - DEBUG - response_closed.started
[ 2026-08-24 16:01:41,082 ] httpcore.http11 - DEBUG - response_closed.complete
[ 2026-08-24 16:01:41,083 ] httpcore.http11 - DEBUG - send_request_headers.started request=<Request [b'HEAD']>
[ 2026-08-24 16:01:41,083 ] httpcore.http11 - DEBUG - send_request_headers.complete
[ 2026-08-24 16:01:41,083 ] httpcore.http11 - DEBUG - send_request_body.started request=<Request [b'HEAD']>
[ 2026-08-24 16:01:41,084 ] httpcore.http11 - DEBUG - send_request_body.complete
[ 2026-08-24 16:01:41,084 ] httpcore.http11 - DEBUG - receive_response_headers.started request=<Request [b'HEAD']>
[ 2026-08-24 16:01:41,242 ] httpcore.http11 - DEBUG - receive_response_headers.complete return_value=(b'HTTP/1.1', 200, b'OK', [(b'Content-Type', b'text/plain; charset=utf-8'), (b'Content-Length', b'349'), (b'Connection', b'keep-alive'), (b'Date', b'Fri, 10 Jul 2026 00:53:28 GMT'), (b'ETag', b'"952a9b81c0bfd99800fabf352f69c7ccd46c5e43"'), (b'X-Powered-By', b'huggingface-moon'), (b'X-Request-Id', b'Root=1-6a504288-223c81c14e7dec45053907bc;9b2d33cc-6a62-486f-b537-e61c4bea1197'), (b'RateLimit', b'"resolvers";r=2965;t=296'), (b'RateLimit-Policy', b'"fixed window";"resolvers";q=3000;w=300'), (b'cross-origin-opener-policy', b'same-origin'), (b'Referrer-Policy', b'strict-origin-when-cross-origin'), (b'Access-Control-Max-Age', b'86400'), (b'Access-Control-Allow-Origin', b'https://huggingface.co'), (b'Access-Control-Expose-Headers', b'X-Repo-Commit,X-Request-Id,X-Error-Code,X-Error-Message,X-Total-Count,ETag,Link,Accept-Ranges,Content-Range,X-Linked-Size,X-Linked-ETag,X-Xet-Hash'), (b'X-Repo-Commit', b'79e7739b6ab944e86d6171e44d24c997fc1e0116'), (b'Accept-Ranges', b'bytes'), (b'X-Hub-Cache', b'MISS'), (b'Content-Disposition', b'inline; filename*=UTF-8\'\'modules.json; filename="modules.json";'), (b'Content-Security-Policy', b"default-src 'none'; sandbox"), (b'Vary', b'Origin'), (b'X-Cache', b'Hit from cloudfront'), (b'Via', b'1.1 519a45a6eb7235ed934341d9b7a8cb2c.cloudfront.net (CloudFront)'), (b'X-Amz-Cf-Pop', b'FRA56-P17'), (b'Alt-Svc', b'h3=":443"; ma=86400'), (b'X-Amz-Cf-Id', b'PBKgIE-7jsgAHdQCN1Fj_8L5TkwEkR0H-lqAVGbrzJdwHjwj3n7aXw=='), (b'Age', b'3913693')])
[ 2026-08-24 16:01:41,242 ] httpx - INFO - HTTP Request: HEAD https://huggingface.co/api/resolve-cache/models/BAAI/bge-large-zh-v1.5/79e7739b6ab944e86d6171e44d24c997fc1e0116/modules.json "HTTP/1.1 200 OK"
[ 2026-08-24 16:01:41,242 ] httpcore.http11 - DEBUG - receive_response_body.started request=<Request [b'HEAD']>
[ 2026-08-24 16:01:41,242 ] httpcore.http11 - DEBUG - receive_response_body.complete
[ 2026-08-24 16:01:41,242 ] httpcore.http11 - DEBUG - response_closed.started
[ 2026-08-24 16:01:41,242 ] httpcore.http11 - DEBUG - response_closed.complete
[ 2026-08-24 16:01:41,245 ] httpcore.http11 - DEBUG - send_request_headers.started request=<Request [b'HEAD']>
[ 2026-08-24 16:01:41,245 ] httpcore.http11 - DEBUG - send_request_headers.complete
[ 2026-08-24 16:01:41,245 ] httpcore.http11 - DEBUG - send_request_body.started request=<Request [b'HEAD']>
[ 2026-08-24 16:01:41,245 ] httpcore.http11 - DEBUG - send_request_body.complete
[ 2026-08-24 16:01:41,245 ] httpcore.http11 - DEBUG - receive_response_headers.started request=<Request [b'HEAD']>
[ 2026-08-24 16:01:41,495 ] httpcore.http11 - DEBUG - receive_response_headers.complete return_value=(b'HTTP/1.1', 307, b'Temporary Redirect', [(b'Content-Type', b'text/plain; charset=utf-8'), (b'Content-Length', b'292'), (b'Connection', b'keep-alive'), (b'Date', b'Mon, 24 Aug 2026 08:01:41 GMT'), (b'Location', b'/api/resolve-cache/models/BAAI/bge-large-zh-v1.5/79e7739b6ab944e86d6171e44d24c997fc1e0116/config_sentence_transformers.json?%2FBAAI%2Fbge-large-zh-v1.5%2Fresolve%2Fmain%2Fconfig_sentence_transformers.json=&etag=%22dcb0c0d97d09b930d13600b1a773ddb27e441aab%22'), (b'X-Powered-By', b'huggingface-moon'), (b'X-Request-Id', b'Root=1-6a8bfa65-591cff8e3e12f0af3212e11b;4dd6ec51-84f3-40bf-a3a3-f504b17c0f3a'), (b'RateLimit', b'"resolvers";r=2977;t=55'), (b'RateLimit-Policy', b'"fixed window";"resolvers";q=3000;w=300'), (b'cross-origin-opener-policy', b'same-origin'), (b'Referrer-Policy', b'strict-origin-when-cross-origin'), (b'Access-Control-Max-Age', b'86400'), (b'Access-Control-Allow-Origin', b'https://huggingface.co'), (b'Vary', b'Origin, Accept'), (b'Access-Control-Expose-Headers', b'X-Repo-Commit,X-Request-Id,X-Error-Code,X-Error-Message,X-Total-Count,ETag,Link,Accept-Ranges,Content-Range,X-Linked-Size,X-Linked-ETag,X-Xet-Hash'), (b'X-Repo-Commit', b'79e7739b6ab944e86d6171e44d24c997fc1e0116'), (b'Accept-Ranges', b'bytes'), (b'X-Hub-Cache', b'HIT'), (b'Content-Disposition', b'inline; filename*=UTF-8\'\'config_sentence_transformers.json; filename="config_sentence_transformers.json";'), (b'Content-Security-Policy', b"default-src 'none'; sandbox"), (b'X-Linked-ETag', b'"dcb0c0d97d09b930d13600b1a773ddb27e441aab"'), (b'X-Cache', b'Miss from cloudfront'), (b'Via', b'1.1 519a45a6eb7235ed934341d9b7a8cb2c.cloudfront.net (CloudFront)'), (b'X-Amz-Cf-Pop', b'FRA56-P17'), (b'Alt-Svc', b'h3=":443"; ma=86400'), (b'X-Amz-Cf-Id', b'irLk7QfgWbEAJztXdA9SYzlEWhA_5RUyCpX_Wig6xsg7d3-o4b3nJw==')])
[ 2026-08-24 16:01:41,496 ] httpx - INFO - HTTP Request: HEAD https://huggingface.co/BAAI/bge-large-zh-v1.5/resolve/main/config_sentence_transformers.json "HTTP/1.1 307 Temporary Redirect"
[ 2026-08-24 16:01:41,496 ] httpcore.http11 - DEBUG - receive_response_body.started request=<Request [b'HEAD']>
[ 2026-08-24 16:01:41,497 ] httpcore.http11 - DEBUG - receive_response_body.complete
[ 2026-08-24 16:01:41,497 ] httpcore.http11 - DEBUG - response_closed.started
[ 2026-08-24 16:01:41,498 ] httpcore.http11 - DEBUG - response_closed.complete
[ 2026-08-24 16:01:41,499 ] httpcore.http11 - DEBUG - send_request_headers.started request=<Request [b'HEAD']>
[ 2026-08-24 16:01:41,499 ] httpcore.http11 - DEBUG - send_request_headers.complete
[ 2026-08-24 16:01:41,499 ] httpcore.http11 - DEBUG - send_request_body.started request=<Request [b'HEAD']>
[ 2026-08-24 16:01:41,499 ] httpcore.http11 - DEBUG - send_request_body.complete
[ 2026-08-24 16:01:41,499 ] httpcore.http11 - DEBUG - receive_response_headers.started request=<Request [b'HEAD']>
[ 2026-08-24 16:01:41,648 ] httpcore.http11 - DEBUG - receive_response_headers.complete return_value=(b'HTTP/1.1', 200, b'OK', [(b'Content-Type', b'text/plain; charset=utf-8'), (b'Content-Length', b'124'), (b'Connection', b'keep-alive'), (b'Date', b'Thu, 09 Jul 2026 05:42:28 GMT'), (b'ETag', b'"dcb0c0d97d09b930d13600b1a773ddb27e441aab"'), (b'X-Powered-By', b'huggingface-moon'), (b'X-Request-Id', b'Root=1-6a4f34c4-58aee01843c4aec11e288903;1d717f18-aa12-4285-826b-3f3b0ce22277'), (b'RateLimit', b'"resolvers";r=2997;t=280'), (b'RateLimit-Policy', b'"fixed window";"resolvers";q=3000;w=300'), (b'cross-origin-opener-policy', b'same-origin'), (b'Referrer-Policy', b'strict-origin-when-cross-origin'), (b'Access-Control-Max-Age', b'86400'), (b'Access-Control-Allow-Origin', b'https://huggingface.co'), (b'Access-Control-Expose-Headers', b'X-Repo-Commit,X-Request-Id,X-Error-Code,X-Error-Message,X-Total-Count,ETag,Link,Accept-Ranges,Content-Range,X-Linked-Size,X-Linked-ETag,X-Xet-Hash'), (b'X-Repo-Commit', b'79e7739b6ab944e86d6171e44d24c997fc1e0116'), (b'Accept-Ranges', b'bytes'), (b'X-Hub-Cache', b'HIT'), (b'Content-Disposition', b'inline; filename*=UTF-8\'\'config_sentence_transformers.json; filename="config_sentence_transformers.json";'), (b'Content-Security-Policy', b"default-src 'none'; sandbox"), (b'Vary', b'Origin'), (b'X-Cache', b'Hit from cloudfront'), (b'Via', b'1.1 519a45a6eb7235ed934341d9b7a8cb2c.cloudfront.net (CloudFront)'), (b'X-Amz-Cf-Pop', b'FRA56-P17'), (b'Alt-Svc', b'h3=":443"; ma=86400'), (b'X-Amz-Cf-Id', b'p7NVq2fjM1Dv5ixB4xrSpOHo514mapcQOCwtPoME9DA8npWxfbgeDQ=='), (b'Age', b'3982753')])
[ 2026-08-24 16:01:41,648 ] httpx - INFO - HTTP Request: HEAD https://huggingface.co/api/resolve-cache/models/BAAI/bge-large-zh-v1.5/79e7739b6ab944e86d6171e44d24c997fc1e0116/config_sentence_transformers.json "HTTP/1.1 200 OK"
[ 2026-08-24 16:01:41,649 ] httpcore.http11 - DEBUG - receive_response_body.started request=<Request [b'HEAD']>
[ 2026-08-24 16:01:41,649 ] httpcore.http11 - DEBUG - receive_response_body.complete
[ 2026-08-24 16:01:41,649 ] httpcore.http11 - DEBUG - response_closed.started
[ 2026-08-24 16:01:41,649 ] httpcore.http11 - DEBUG - response_closed.complete
[ 2026-08-24 16:01:41,652 ] sentence_transformers.base.model - INFO - Loading SentenceTransformer model from BAAI/bge-large-zh-v1.5.
[ 2026-08-24 16:01:41,657 ] httpcore.http11 - DEBUG - send_request_headers.started request=<Request [b'HEAD']>
[ 2026-08-24 16:01:41,657 ] httpcore.http11 - DEBUG - send_request_headers.complete
[ 2026-08-24 16:01:41,658 ] httpcore.http11 - DEBUG - send_request_body.started request=<Request [b'HEAD']>
[ 2026-08-24 16:01:41,658 ] httpcore.http11 - DEBUG - send_request_body.complete
[ 2026-08-24 16:01:41,658 ] httpcore.http11 - DEBUG - receive_response_headers.started request=<Request [b'HEAD']>
[ 2026-08-24 16:01:41,906 ] httpcore.http11 - DEBUG - receive_response_headers.complete return_value=(b'HTTP/1.1', 307, b'Temporary Redirect', [(b'Content-Type', b'text/plain; charset=utf-8'), (b'Content-Length', b'292'), (b'Connection', b'keep-alive'), (b'Date', b'Mon, 24 Aug 2026 08:01:41 GMT'), (b'Location', b'/api/resolve-cache/models/BAAI/bge-large-zh-v1.5/79e7739b6ab944e86d6171e44d24c997fc1e0116/config_sentence_transformers.json?%2FBAAI%2Fbge-large-zh-v1.5%2Fresolve%2Fmain%2Fconfig_sentence_transformers.json=&etag=%22dcb0c0d97d09b930d13600b1a773ddb27e441aab%22'), (b'X-Powered-By', b'huggingface-moon'), (b'X-Request-Id', b'Root=1-6a8bfa65-4bfcee0161139e2b594a2033;f36a5c99-2d3d-4bbe-9d34-820aec6cf290'), (b'RateLimit', b'"resolvers";r=2976;t=55'), (b'RateLimit-Policy', b'"fixed window";"resolvers";q=3000;w=300'), (b'cross-origin-opener-policy', b'same-origin'), (b'Referrer-Policy', b'strict-origin-when-cross-origin'), (b'Access-Control-Max-Age', b'86400'), (b'Access-Control-Allow-Origin', b'https://huggingface.co'), (b'Vary', b'Origin, Accept'), (b'Access-Control-Expose-Headers', b'X-Repo-Commit,X-Request-Id,X-Error-Code,X-Error-Message,X-Total-Count,ETag,Link,Accept-Ranges,Content-Range,X-Linked-Size,X-Linked-ETag,X-Xet-Hash'), (b'X-Repo-Commit', b'79e7739b6ab944e86d6171e44d24c997fc1e0116'), (b'Accept-Ranges', b'bytes'), (b'X-HF-Warning', b'unauthenticated; Warning: You are sending unauthenticated requests to the HF Hub. Please set a HF_TOKEN to enable higher rate limits and faster downloads.'), (b'X-Hub-Cache', b'HIT'), (b'Content-Disposition', b'inline; filename*=UTF-8\'\'config_sentence_transformers.json; filename="config_sentence_transformers.json";'), (b'Content-Security-Policy', b"default-src 'none'; sandbox"), (b'X-Linked-ETag', b'"dcb0c0d97d09b930d13600b1a773ddb27e441aab"'), (b'X-Cache', b'Miss from cloudfront'), (b'Via', b'1.1 519a45a6eb7235ed934341d9b7a8cb2c.cloudfront.net (CloudFront)'), (b'X-Amz-Cf-Pop', b'FRA56-P17'), (b'Alt-Svc', b'h3=":443"; ma=86400'), (b'X-Amz-Cf-Id', b'aBZp0mQX-HgMnSp9dgxP_ab3hEbiNvYM9Rgg4OmG4JDyCiNTN2WMBw==')])
[ 2026-08-24 16:01:41,907 ] httpx - INFO - HTTP Request: HEAD https://huggingface.co/BAAI/bge-large-zh-v1.5/resolve/main/config_sentence_transformers.json "HTTP/1.1 307 Temporary Redirect"
[ 2026-08-24 16:01:41,907 ] httpcore.http11 - DEBUG - receive_response_body.started request=<Request [b'HEAD']>
[ 2026-08-24 16:01:41,908 ] httpcore.http11 - DEBUG - receive_response_body.complete
[ 2026-08-24 16:01:41,908 ] httpcore.http11 - DEBUG - response_closed.started
[ 2026-08-24 16:01:41,908 ] httpcore.http11 - DEBUG - response_closed.complete
[ 2026-08-24 16:01:41,908 ] httpcore.http11 - DEBUG - send_request_headers.started request=<Request [b'HEAD']>
[ 2026-08-24 16:01:41,908 ] httpcore.http11 - DEBUG - send_request_headers.complete
[ 2026-08-24 16:01:41,909 ] httpcore.http11 - DEBUG - send_request_body.started request=<Request [b'HEAD']>
[ 2026-08-24 16:01:41,909 ] httpcore.http11 - DEBUG - send_request_body.complete
[ 2026-08-24 16:01:41,909 ] httpcore.http11 - DEBUG - receive_response_headers.started request=<Request [b'HEAD']>
[ 2026-08-24 16:01:42,056 ] httpcore.http11 - DEBUG - receive_response_headers.complete return_value=(b'HTTP/1.1', 200, b'OK', [(b'Content-Type', b'text/plain; charset=utf-8'), (b'Content-Length', b'124'), (b'Connection', b'keep-alive'), (b'Date', b'Thu, 09 Jul 2026 05:42:28 GMT'), (b'ETag', b'"dcb0c0d97d09b930d13600b1a773ddb27e441aab"'), (b'X-Powered-By', b'huggingface-moon'), (b'X-Request-Id', b'Root=1-6a4f34c4-58aee01843c4aec11e288903;1d717f18-aa12-4285-826b-3f3b0ce22277'), (b'RateLimit', b'"resolvers";r=2997;t=280'), (b'RateLimit-Policy', b'"fixed window";"resolvers";q=3000;w=300'), (b'cross-origin-opener-policy', b'same-origin'), (b'Referrer-Policy', b'strict-origin-when-cross-origin'), (b'Access-Control-Max-Age', b'86400'), (b'Access-Control-Allow-Origin', b'https://huggingface.co'), (b'Access-Control-Expose-Headers', b'X-Repo-Commit,X-Request-Id,X-Error-Code,X-Error-Message,X-Total-Count,ETag,Link,Accept-Ranges,Content-Range,X-Linked-Size,X-Linked-ETag,X-Xet-Hash'), (b'X-Repo-Commit', b'79e7739b6ab944e86d6171e44d24c997fc1e0116'), (b'Accept-Ranges', b'bytes'), (b'X-Hub-Cache', b'HIT'), (b'Content-Disposition', b'inline; filename*=UTF-8\'\'config_sentence_transformers.json; filename="config_sentence_transformers.json";'), (b'Content-Security-Policy', b"default-src 'none'; sandbox"), (b'Vary', b'Origin'), (b'X-Cache', b'Hit from cloudfront'), (b'Via', b'1.1 519a45a6eb7235ed934341d9b7a8cb2c.cloudfront.net (CloudFront)'), (b'X-Amz-Cf-Pop', b'FRA56-P17'), (b'Alt-Svc', b'h3=":443"; ma=86400'), (b'X-Amz-Cf-Id', b'EJgZw0rB0CNpjmFL7fNxzRuKlTtqojp5IEf9IeVOxd2gKoT2XztkFw=='), (b'Age', b'3982753')])
[ 2026-08-24 16:01:42,056 ] httpx - INFO - HTTP Request: HEAD https://huggingface.co/api/resolve-cache/models/BAAI/bge-large-zh-v1.5/79e7739b6ab944e86d6171e44d24c997fc1e0116/config_sentence_transformers.json "HTTP/1.1 200 OK"
[ 2026-08-24 16:01:42,056 ] httpcore.http11 - DEBUG - receive_response_body.started request=<Request [b'HEAD']>
[ 2026-08-24 16:01:42,056 ] httpcore.http11 - DEBUG - receive_response_body.complete
[ 2026-08-24 16:01:42,057 ] httpcore.http11 - DEBUG - response_closed.started
[ 2026-08-24 16:01:42,057 ] httpcore.http11 - DEBUG - response_closed.complete
[ 2026-08-24 16:01:42,060 ] httpcore.http11 - DEBUG - send_request_headers.started request=<Request [b'HEAD']>
[ 2026-08-24 16:01:42,060 ] httpcore.http11 - DEBUG - send_request_headers.complete
[ 2026-08-24 16:01:42,060 ] httpcore.http11 - DEBUG - send_request_body.started request=<Request [b'HEAD']>
[ 2026-08-24 16:01:42,061 ] httpcore.http11 - DEBUG - send_request_body.complete
[ 2026-08-24 16:01:42,061 ] httpcore.http11 - DEBUG - receive_response_headers.started request=<Request [b'HEAD']>
[ 2026-08-24 16:01:42,311 ] httpcore.http11 - DEBUG - receive_response_headers.complete return_value=(b'HTTP/1.1', 307, b'Temporary Redirect', [(b'Content-Type', b'text/plain; charset=utf-8'), (b'Content-Length', b'244'), (b'Connection', b'keep-alive'), (b'Date', b'Mon, 24 Aug 2026 08:01:42 GMT'), (b'Location', b'/api/resolve-cache/models/BAAI/bge-large-zh-v1.5/79e7739b6ab944e86d6171e44d24c997fc1e0116/README.md?%2FBAAI%2Fbge-large-zh-v1.5%2Fresolve%2Fmain%2FREADME.md=&etag=%228ff328740d1166d0461691bb455cbe5047067f88%22'), (b'X-Powered-By', b'huggingface-moon'), (b'X-Request-Id', b'Root=1-6a8bfa66-13b7c54c7a99997b1b8fa127;5d650736-9d91-4b62-89bd-c6d029db0541'), (b'RateLimit', b'"resolvers";r=2975;t=54'), (b'RateLimit-Policy', b'"fixed window";"resolvers";q=3000;w=300'), (b'cross-origin-opener-policy', b'same-origin'), (b'Referrer-Policy', b'strict-origin-when-cross-origin'), (b'Access-Control-Max-Age', b'86400'), (b'Access-Control-Allow-Origin', b'https://huggingface.co'), (b'Vary', b'Origin, Accept'), (b'Access-Control-Expose-Headers', b'X-Repo-Commit,X-Request-Id,X-Error-Code,X-Error-Message,X-Total-Count,ETag,Link,Accept-Ranges,Content-Range,X-Linked-Size,X-Linked-ETag,X-Xet-Hash'), (b'X-Repo-Commit', b'79e7739b6ab944e86d6171e44d24c997fc1e0116'), (b'Accept-Ranges', b'bytes'), (b'X-HF-Warning', b'unauthenticated; Warning: You are sending unauthenticated requests to the HF Hub. Please set a HF_TOKEN to enable higher rate limits and faster downloads.'), (b'X-Hub-Cache', b'HIT'), (b'Content-Disposition', b'inline; filename*=UTF-8\'\'README.md; filename="README.md";'), (b'Content-Security-Policy', b"default-src 'none'; sandbox"), (b'X-Linked-ETag', b'"8ff328740d1166d0461691bb455cbe5047067f88"'), (b'X-Cache', b'Miss from cloudfront'), (b'Via', b'1.1 519a45a6eb7235ed934341d9b7a8cb2c.cloudfront.net (CloudFront)'), (b'X-Amz-Cf-Pop', b'FRA56-P17'), (b'Alt-Svc', b'h3=":443"; ma=86400'), (b'X-Amz-Cf-Id', b'w2cvrGQtacqnr7ZwKXX_NZt9yIzUpe9n-rrF2bG9qFGfZk8aWhUolg==')])
[ 2026-08-24 16:01:42,311 ] httpx - INFO - HTTP Request: HEAD https://huggingface.co/BAAI/bge-large-zh-v1.5/resolve/main/README.md "HTTP/1.1 307 Temporary Redirect"
[ 2026-08-24 16:01:42,312 ] httpcore.http11 - DEBUG - receive_response_body.started request=<Request [b'HEAD']>
[ 2026-08-24 16:01:42,312 ] httpcore.http11 - DEBUG - receive_response_body.complete
[ 2026-08-24 16:01:42,312 ] httpcore.http11 - DEBUG - response_closed.started
[ 2026-08-24 16:01:42,312 ] httpcore.http11 - DEBUG - response_closed.complete
[ 2026-08-24 16:01:42,312 ] httpcore.http11 - DEBUG - send_request_headers.started request=<Request [b'HEAD']>
[ 2026-08-24 16:01:42,313 ] httpcore.http11 - DEBUG - send_request_headers.complete
[ 2026-08-24 16:01:42,313 ] httpcore.http11 - DEBUG - send_request_body.started request=<Request [b'HEAD']>
[ 2026-08-24 16:01:42,313 ] httpcore.http11 - DEBUG - send_request_body.complete
[ 2026-08-24 16:01:42,314 ] httpcore.http11 - DEBUG - receive_response_headers.started request=<Request [b'HEAD']>
[ 2026-08-24 16:01:42,470 ] httpcore.http11 - DEBUG - receive_response_headers.complete return_value=(b'HTTP/1.1', 200, b'OK', [(b'Content-Type', b'text/plain; charset=utf-8'), (b'Content-Length', b'30376'), (b'Connection', b'keep-alive'), (b'Date', b'Fri, 17 Jul 2026 09:06:49 GMT'), (b'ETag', b'"8ff328740d1166d0461691bb455cbe5047067f88"'), (b'X-Powered-By', b'huggingface-moon'), (b'X-Request-Id', b'Root=1-6a59f0a9-659079ca64a8ea194f9ae470;48d3cac4-9ce2-4230-bc35-82cc9575c8ef'), (b'RateLimit', b'"resolvers";r=2981;t=159'), (b'RateLimit-Policy', b'"fixed window";"resolvers";q=3000;w=300'), (b'cross-origin-opener-policy', b'same-origin'), (b'Referrer-Policy', b'strict-origin-when-cross-origin'), (b'Access-Control-Max-Age', b'86400'), (b'Access-Control-Allow-Origin', b'https://huggingface.co'), (b'Access-Control-Expose-Headers', b'X-Repo-Commit,X-Request-Id,X-Error-Code,X-Error-Message,X-Total-Count,ETag,Link,Accept-Ranges,Content-Range,X-Linked-Size,X-Linked-ETag,X-Xet-Hash'), (b'X-Repo-Commit', b'79e7739b6ab944e86d6171e44d24c997fc1e0116'), (b'Accept-Ranges', b'bytes'), (b'X-Hub-Cache', b'MISS'), (b'Content-Disposition', b'inline; filename*=UTF-8\'\'README.md; filename="README.md";'), (b'Content-Security-Policy', b"default-src 'none'; sandbox"), (b'Vary', b'Origin'), (b'X-Cache', b'Hit from cloudfront'), (b'Via', b'1.1 519a45a6eb7235ed934341d9b7a8cb2c.cloudfront.net (CloudFront)'), (b'X-Amz-Cf-Pop', b'FRA56-P17'), (b'Alt-Svc', b'h3=":443"; ma=86400'), (b'X-Amz-Cf-Id', b'Za5OpHmAXTR29p8SEglDu80pSs4Zau7gWYA45-hdehgitziYv4TBLQ=='), (b'Age', b'3279293')])
[ 2026-08-24 16:01:42,470 ] httpx - INFO - HTTP Request: HEAD https://huggingface.co/api/resolve-cache/models/BAAI/bge-large-zh-v1.5/79e7739b6ab944e86d6171e44d24c997fc1e0116/README.md "HTTP/1.1 200 OK"
[ 2026-08-24 16:01:42,470 ] httpcore.http11 - DEBUG - receive_response_body.started request=<Request [b'HEAD']>
[ 2026-08-24 16:01:42,472 ] httpcore.http11 - DEBUG - receive_response_body.complete
[ 2026-08-24 16:01:42,472 ] httpcore.http11 - DEBUG - response_closed.started
[ 2026-08-24 16:01:42,472 ] httpcore.http11 - DEBUG - response_closed.complete
[ 2026-08-24 16:01:42,475 ] httpcore.http11 - DEBUG - send_request_headers.started request=<Request [b'HEAD']>
[ 2026-08-24 16:01:42,475 ] httpcore.http11 - DEBUG - send_request_headers.complete
[ 2026-08-24 16:01:42,475 ] httpcore.http11 - DEBUG - send_request_body.started request=<Request [b'HEAD']>
[ 2026-08-24 16:01:42,475 ] httpcore.http11 - DEBUG - send_request_body.complete
[ 2026-08-24 16:01:42,475 ] httpcore.http11 - DEBUG - receive_response_headers.started request=<Request [b'HEAD']>
[ 2026-08-24 16:01:42,721 ] httpcore.http11 - DEBUG - receive_response_headers.complete return_value=(b'HTTP/1.1', 307, b'Temporary Redirect', [(b'Content-Type', b'text/plain; charset=utf-8'), (b'Content-Length', b'250'), (b'Connection', b'keep-alive'), (b'Date', b'Mon, 24 Aug 2026 08:01:42 GMT'), (b'Location', b'/api/resolve-cache/models/BAAI/bge-large-zh-v1.5/79e7739b6ab944e86d6171e44d24c997fc1e0116/modules.json?%2FBAAI%2Fbge-large-zh-v1.5%2Fresolve%2Fmain%2Fmodules.json=&etag=%22952a9b81c0bfd99800fabf352f69c7ccd46c5e43%22'), (b'X-Powered-By', b'huggingface-moon'), (b'X-Request-Id', b'Root=1-6a8bfa66-29e9aa714f5b792425887a53;3cbe3762-99ab-4579-910f-ddca1b45c3d7'), (b'RateLimit', b'"resolvers";r=2974;t=54'), (b'RateLimit-Policy', b'"fixed window";"resolvers";q=3000;w=300'), (b'cross-origin-opener-policy', b'same-origin'), (b'Referrer-Policy', b'strict-origin-when-cross-origin'), (b'Access-Control-Max-Age', b'86400'), (b'Access-Control-Allow-Origin', b'https://huggingface.co'), (b'Vary', b'Origin, Accept'), (b'Access-Control-Expose-Headers', b'X-Repo-Commit,X-Request-Id,X-Error-Code,X-Error-Message,X-Total-Count,ETag,Link,Accept-Ranges,Content-Range,X-Linked-Size,X-Linked-ETag,X-Xet-Hash'), (b'X-Repo-Commit', b'79e7739b6ab944e86d6171e44d24c997fc1e0116'), (b'Accept-Ranges', b'bytes'), (b'X-HF-Warning', b'unauthenticated; Warning: You are sending unauthenticated requests to the HF Hub. Please set a HF_TOKEN to enable higher rate limits and faster downloads.'), (b'X-Hub-Cache', b'HIT'), (b'Content-Disposition', b'inline; filename*=UTF-8\'\'modules.json; filename="modules.json";'), (b'Content-Security-Policy', b"default-src 'none'; sandbox"), (b'X-Linked-ETag', b'"952a9b81c0bfd99800fabf352f69c7ccd46c5e43"'), (b'X-Cache', b'Miss from cloudfront'), (b'Via', b'1.1 519a45a6eb7235ed934341d9b7a8cb2c.cloudfront.net (CloudFront)'), (b'X-Amz-Cf-Pop', b'FRA56-P17'), (b'Alt-Svc', b'h3=":443"; ma=86400'), (b'X-Amz-Cf-Id', b'Hy3MQVBObKFwc6eTqU_0BrtIl67xNcKK90HhRB43now5fS4K9l2Ubg==')])
[ 2026-08-24 16:01:42,722 ] httpx - INFO - HTTP Request: HEAD https://huggingface.co/BAAI/bge-large-zh-v1.5/resolve/main/modules.json "HTTP/1.1 307 Temporary Redirect"
[ 2026-08-24 16:01:42,723 ] httpcore.http11 - DEBUG - receive_response_body.started request=<Request [b'HEAD']>
[ 2026-08-24 16:01:42,723 ] httpcore.http11 - DEBUG - receive_response_body.complete
[ 2026-08-24 16:01:42,723 ] httpcore.http11 - DEBUG - response_closed.started
[ 2026-08-24 16:01:42,723 ] httpcore.http11 - DEBUG - response_closed.complete
[ 2026-08-24 16:01:42,725 ] httpcore.http11 - DEBUG - send_request_headers.started request=<Request [b'HEAD']>
[ 2026-08-24 16:01:42,725 ] httpcore.http11 - DEBUG - send_request_headers.complete
[ 2026-08-24 16:01:42,725 ] httpcore.http11 - DEBUG - send_request_body.started request=<Request [b'HEAD']>
[ 2026-08-24 16:01:42,726 ] httpcore.http11 - DEBUG - send_request_body.complete
[ 2026-08-24 16:01:42,726 ] httpcore.http11 - DEBUG - receive_response_headers.started request=<Request [b'HEAD']>
[ 2026-08-24 16:01:42,874 ] httpcore.http11 - DEBUG - receive_response_headers.complete return_value=(b'HTTP/1.1', 200, b'OK', [(b'Content-Type', b'text/plain; charset=utf-8'), (b'Content-Length', b'349'), (b'Connection', b'keep-alive'), (b'Date', b'Fri, 10 Jul 2026 00:53:28 GMT'), (b'ETag', b'"952a9b81c0bfd99800fabf352f69c7ccd46c5e43"'), (b'X-Powered-By', b'huggingface-moon'), (b'X-Request-Id', b'Root=1-6a504288-223c81c14e7dec45053907bc;9b2d33cc-6a62-486f-b537-e61c4bea1197'), (b'RateLimit', b'"resolvers";r=2965;t=296'), (b'RateLimit-Policy', b'"fixed window";"resolvers";q=3000;w=300'), (b'cross-origin-opener-policy', b'same-origin'), (b'Referrer-Policy', b'strict-origin-when-cross-origin'), (b'Access-Control-Max-Age', b'86400'), (b'Access-Control-Allow-Origin', b'https://huggingface.co'), (b'Access-Control-Expose-Headers', b'X-Repo-Commit,X-Request-Id,X-Error-Code,X-Error-Message,X-Total-Count,ETag,Link,Accept-Ranges,Content-Range,X-Linked-Size,X-Linked-ETag,X-Xet-Hash'), (b'X-Repo-Commit', b'79e7739b6ab944e86d6171e44d24c997fc1e0116'), (b'Accept-Ranges', b'bytes'), (b'X-Hub-Cache', b'MISS'), (b'Content-Disposition', b'inline; filename*=UTF-8\'\'modules.json; filename="modules.json";'), (b'Content-Security-Policy', b"default-src 'none'; sandbox"), (b'Vary', b'Origin'), (b'X-Cache', b'Hit from cloudfront'), (b'Via', b'1.1 519a45a6eb7235ed934341d9b7a8cb2c.cloudfront.net (CloudFront)'), (b'X-Amz-Cf-Pop', b'FRA56-P17'), (b'Alt-Svc', b'h3=":443"; ma=86400'), (b'X-Amz-Cf-Id', b'UPrAjC88YOxWd5botr7Z9XoqpZO0ByfeB9MLv7OdLuApoOrEuJHWFA=='), (b'Age', b'3913694')])
[ 2026-08-24 16:01:42,874 ] httpx - INFO - HTTP Request: HEAD https://huggingface.co/api/resolve-cache/models/BAAI/bge-large-zh-v1.5/79e7739b6ab944e86d6171e44d24c997fc1e0116/modules.json "HTTP/1.1 200 OK"
[ 2026-08-24 16:01:42,874 ] httpcore.http11 - DEBUG - receive_response_body.started request=<Request [b'HEAD']>
[ 2026-08-24 16:01:42,875 ] httpcore.http11 - DEBUG - receive_response_body.complete
[ 2026-08-24 16:01:42,875 ] httpcore.http11 - DEBUG - response_closed.started
[ 2026-08-24 16:01:42,875 ] httpcore.http11 - DEBUG - response_closed.complete
[ 2026-08-24 16:01:42,879 ] httpcore.http11 - DEBUG - send_request_headers.started request=<Request [b'HEAD']>
[ 2026-08-24 16:01:42,879 ] httpcore.http11 - DEBUG - send_request_headers.complete
[ 2026-08-24 16:01:42,879 ] httpcore.http11 - DEBUG - send_request_body.started request=<Request [b'HEAD']>
[ 2026-08-24 16:01:42,879 ] httpcore.http11 - DEBUG - send_request_body.complete
[ 2026-08-24 16:01:42,879 ] httpcore.http11 - DEBUG - receive_response_headers.started request=<Request [b'HEAD']>
[ 2026-08-24 16:01:43,127 ] httpcore.http11 - DEBUG - receive_response_headers.complete return_value=(b'HTTP/1.1', 307, b'Temporary Redirect', [(b'Content-Type', b'text/plain; charset=utf-8'), (b'Content-Length', b'276'), (b'Connection', b'keep-alive'), (b'Date', b'Mon, 24 Aug 2026 08:01:43 GMT'), (b'Location', b'/api/resolve-cache/models/BAAI/bge-large-zh-v1.5/79e7739b6ab944e86d6171e44d24c997fc1e0116/sentence_bert_config.json?%2FBAAI%2Fbge-large-zh-v1.5%2Fresolve%2Fmain%2Fsentence_bert_config.json=&etag=%22ea85692bff64b0d1917833c31ddbca8ab10f5455%22'), (b'X-Powered-By', b'huggingface-moon'), (b'X-Request-Id', b'Root=1-6a8bfa66-753d77be671727a31db67381;7c2cc44c-15ca-45d9-b40a-391b4ad18ece'), (b'RateLimit', b'"resolvers";r=2973;t=54'), (b'RateLimit-Policy', b'"fixed window";"resolvers";q=3000;w=300'), (b'cross-origin-opener-policy', b'same-origin'), (b'Referrer-Policy', b'strict-origin-when-cross-origin'), (b'Access-Control-Max-Age', b'86400'), (b'Access-Control-Allow-Origin', b'https://huggingface.co'), (b'Vary', b'Origin, Accept'), (b'Access-Control-Expose-Headers', b'X-Repo-Commit,X-Request-Id,X-Error-Code,X-Error-Message,X-Total-Count,ETag,Link,Accept-Ranges,Content-Range,X-Linked-Size,X-Linked-ETag,X-Xet-Hash'), (b'X-Repo-Commit', b'79e7739b6ab944e86d6171e44d24c997fc1e0116'), (b'Accept-Ranges', b'bytes'), (b'X-HF-Warning', b'unauthenticated; Warning: You are sending unauthenticated requests to the HF Hub. Please set a HF_TOKEN to enable higher rate limits and faster downloads.'), (b'X-Hub-Cache', b'HIT'), (b'Content-Disposition', b'inline; filename*=UTF-8\'\'sentence_bert_config.json; filename="sentence_bert_config.json";'), (b'Content-Security-Policy', b"default-src 'none'; sandbox"), (b'X-Linked-ETag', b'"ea85692bff64b0d1917833c31ddbca8ab10f5455"'), (b'X-Cache', b'Miss from cloudfront'), (b'Via', b'1.1 519a45a6eb7235ed934341d9b7a8cb2c.cloudfront.net (CloudFront)'), (b'X-Amz-Cf-Pop', b'FRA56-P17'), (b'Alt-Svc', b'h3=":443"; ma=86400'), (b'X-Amz-Cf-Id', b'ReKFiDZXAvdpRk9hZhY4j1MZopfz8eEl73nF0S8NXdVfpL09YTxDyA==')])
[ 2026-08-24 16:01:43,127 ] httpx - INFO - HTTP Request: HEAD https://huggingface.co/BAAI/bge-large-zh-v1.5/resolve/main/sentence_bert_config.json "HTTP/1.1 307 Temporary Redirect"
[ 2026-08-24 16:01:43,128 ] httpcore.http11 - DEBUG - receive_response_body.started request=<Request [b'HEAD']>
[ 2026-08-24 16:01:43,128 ] httpcore.http11 - DEBUG - receive_response_body.complete
[ 2026-08-24 16:01:43,128 ] httpcore.http11 - DEBUG - response_closed.started
[ 2026-08-24 16:01:43,128 ] httpcore.http11 - DEBUG - response_closed.complete
[ 2026-08-24 16:01:43,129 ] httpcore.http11 - DEBUG - send_request_headers.started request=<Request [b'HEAD']>
[ 2026-08-24 16:01:43,129 ] httpcore.http11 - DEBUG - send_request_headers.complete
[ 2026-08-24 16:01:43,130 ] httpcore.http11 - DEBUG - send_request_body.started request=<Request [b'HEAD']>
[ 2026-08-24 16:01:43,130 ] httpcore.http11 - DEBUG - send_request_body.complete
[ 2026-08-24 16:01:43,130 ] httpcore.http11 - DEBUG - receive_response_headers.started request=<Request [b'HEAD']>
[ 2026-08-24 16:01:43,284 ] httpcore.http11 - DEBUG - receive_response_headers.complete return_value=(b'HTTP/1.1', 200, b'OK', [(b'Content-Type', b'text/plain; charset=utf-8'), (b'Content-Length', b'52'), (b'Connection', b'keep-alive'), (b'Date', b'Sat, 25 Jul 2026 07:18:50 GMT'), (b'ETag', b'"ea85692bff64b0d1917833c31ddbca8ab10f5455"'), (b'X-Powered-By', b'huggingface-moon'), (b'X-Request-Id', b'Root=1-6a64635a-26e895777f6a164d2935bed0;a8688795-4197-4255-a025-dcbf00f2ecb7'), (b'RateLimit', b'"resolvers";r=2993;t=150'), (b'RateLimit-Policy', b'"fixed window";"resolvers";q=3000;w=300'), (b'cross-origin-opener-policy', b'same-origin'), (b'Referrer-Policy', b'strict-origin-when-cross-origin'), (b'Access-Control-Max-Age', b'86400'), (b'Access-Control-Allow-Origin', b'https://huggingface.co'), (b'Access-Control-Expose-Headers', b'X-Repo-Commit,X-Request-Id,X-Error-Code,X-Error-Message,X-Total-Count,ETag,Link,Accept-Ranges,Content-Range,X-Linked-Size,X-Linked-ETag,X-Xet-Hash'), (b'X-Repo-Commit', b'79e7739b6ab944e86d6171e44d24c997fc1e0116'), (b'Accept-Ranges', b'bytes'), (b'X-Hub-Cache', b'MISS'), (b'Content-Disposition', b'inline; filename*=UTF-8\'\'sentence_bert_config.json; filename="sentence_bert_config.json";'), (b'Content-Security-Policy', b"default-src 'none'; sandbox"), (b'Vary', b'Origin'), (b'X-Cache', b'Hit from cloudfront'), (b'Via', b'1.1 519a45a6eb7235ed934341d9b7a8cb2c.cloudfront.net (CloudFront)'), (b'X-Amz-Cf-Pop', b'FRA56-P17'), (b'Alt-Svc', b'h3=":443"; ma=86400'), (b'X-Amz-Cf-Id', b'4JruOPvWCKJEB5oCDEGA_oA4enp1zuzPIoxjD-gY_dv1cSid4o0WGQ=='), (b'Age', b'2594573')])
[ 2026-08-24 16:01:43,285 ] httpx - INFO - HTTP Request: HEAD https://huggingface.co/api/resolve-cache/models/BAAI/bge-large-zh-v1.5/79e7739b6ab944e86d6171e44d24c997fc1e0116/sentence_bert_config.json "HTTP/1.1 200 OK"
[ 2026-08-24 16:01:43,285 ] httpcore.http11 - DEBUG - receive_response_body.started request=<Request [b'HEAD']>
[ 2026-08-24 16:01:43,285 ] httpcore.http11 - DEBUG - receive_response_body.complete
[ 2026-08-24 16:01:43,285 ] httpcore.http11 - DEBUG - response_closed.started
[ 2026-08-24 16:01:43,285 ] httpcore.http11 - DEBUG - response_closed.complete
[ 2026-08-24 16:01:43,289 ] httpcore.http11 - DEBUG - send_request_headers.started request=<Request [b'HEAD']>
[ 2026-08-24 16:01:43,290 ] httpcore.http11 - DEBUG - send_request_headers.complete
[ 2026-08-24 16:01:43,290 ] httpcore.http11 - DEBUG - send_request_body.started request=<Request [b'HEAD']>
[ 2026-08-24 16:01:43,290 ] httpcore.http11 - DEBUG - send_request_body.complete
[ 2026-08-24 16:01:43,290 ] httpcore.http11 - DEBUG - receive_response_headers.started request=<Request [b'HEAD']>
[ 2026-08-24 16:01:43,547 ] httpcore.http11 - DEBUG - receive_response_headers.complete return_value=(b'HTTP/1.1', 404, b'Not Found', [(b'Content-Type', b'text/plain; charset=utf-8'), (b'Content-Length', b'15'), (b'Connection', b'keep-alive'), (b'Date', b'Mon, 24 Aug 2026 08:01:43 GMT'), (b'ETag', b'W/"f-mY2VvLxuxB7KhsoOdQTlMTccuAQ"'), (b'X-Powered-By', b'huggingface-moon'), (b'X-Request-Id', b'Root=1-6a8bfa67-009e80d7419a1aeb277cd0c7;869a4e92-5252-4f0e-9e77-79057e1f762d'), (b'RateLimit', b'"resolvers";r=2972;t=53'), (b'RateLimit-Policy', b'"fixed window";"resolvers";q=3000;w=300'), (b'cross-origin-opener-policy', b'same-origin'), (b'Referrer-Policy', b'strict-origin-when-cross-origin'), (b'Access-Control-Max-Age', b'86400'), (b'Access-Control-Allow-Origin', b'https://huggingface.co'), (b'Vary', b'Origin'), (b'Access-Control-Expose-Headers', b'X-Repo-Commit,X-Request-Id,X-Error-Code,X-Error-Message,X-Total-Count,ETag,Link,Accept-Ranges,Content-Range,X-Linked-Size,X-Linked-ETag,X-Xet-Hash'), (b'X-Repo-Commit', b'79e7739b6ab944e86d6171e44d24c997fc1e0116'), (b'Accept-Ranges', b'bytes'), (b'X-HF-Warning', b'unauthenticated; Warning: You are sending unauthenticated requests to the HF Hub. Please set a HF_TOKEN to enable higher rate limits and faster downloads.'), (b'X-Hub-Cache', b'MISS'), (b'X-Error-Code', b'EntryNotFound'), (b'X-Error-Message', b'Entry not found'), (b'X-Cache', b'Error from cloudfront'), (b'Via', b'1.1 519a45a6eb7235ed934341d9b7a8cb2c.cloudfront.net (CloudFront)'), (b'X-Amz-Cf-Pop', b'FRA56-P17'), (b'Alt-Svc', b'h3=":443"; ma=86400'), (b'X-Amz-Cf-Id', b'B765baB13znsV63y9NEGGK5ewL5KZVrmqdY6kn9C2U2ZH5Qn7wUczg==')])
[ 2026-08-24 16:01:43,548 ] httpx - INFO - HTTP Request: HEAD https://huggingface.co/BAAI/bge-large-zh-v1.5/resolve/main/adapter_config.json "HTTP/1.1 404 Not Found"
[ 2026-08-24 16:01:43,548 ] httpcore.http11 - DEBUG - receive_response_body.started request=<Request [b'HEAD']>
[ 2026-08-24 16:01:43,548 ] httpcore.http11 - DEBUG - receive_response_body.complete
[ 2026-08-24 16:01:43,549 ] httpcore.http11 - DEBUG - response_closed.started
[ 2026-08-24 16:01:43,549 ] httpcore.http11 - DEBUG - response_closed.complete
[ 2026-08-24 16:01:43,555 ] httpcore.http11 - DEBUG - send_request_headers.started request=<Request [b'HEAD']>
[ 2026-08-24 16:01:43,555 ] httpcore.http11 - DEBUG - send_request_headers.complete
[ 2026-08-24 16:01:43,555 ] httpcore.http11 - DEBUG - send_request_body.started request=<Request [b'HEAD']>
[ 2026-08-24 16:01:43,555 ] httpcore.http11 - DEBUG - send_request_body.complete
[ 2026-08-24 16:01:43,555 ] httpcore.http11 - DEBUG - receive_response_headers.started request=<Request [b'HEAD']>
[ 2026-08-24 16:01:43,803 ] httpcore.http11 - DEBUG - receive_response_headers.complete return_value=(b'HTTP/1.1', 307, b'Temporary Redirect', [(b'Content-Type', b'text/plain; charset=utf-8'), (b'Content-Length', b'248'), (b'Connection', b'keep-alive'), (b'Date', b'Mon, 24 Aug 2026 08:01:43 GMT'), (b'Location', b'/api/resolve-cache/models/BAAI/bge-large-zh-v1.5/79e7739b6ab944e86d6171e44d24c997fc1e0116/config.json?%2FBAAI%2Fbge-large-zh-v1.5%2Fresolve%2Fmain%2Fconfig.json=&etag=%2203df12a02c65a8ba9552ed63f6f1518575d1f7ef%22'), (b'X-Powered-By', b'huggingface-moon'), (b'X-Request-Id', b'Root=1-6a8bfa67-0bf3c4d61794a70b6dc75465;c07203bd-f5c0-4294-8edc-d0c9033077b9'), (b'RateLimit', b'"resolvers";r=2971;t=53'), (b'RateLimit-Policy', b'"fixed window";"resolvers";q=3000;w=300'), (b'cross-origin-opener-policy', b'same-origin'), (b'Referrer-Policy', b'strict-origin-when-cross-origin'), (b'Access-Control-Max-Age', b'86400'), (b'Access-Control-Allow-Origin', b'https://huggingface.co'), (b'Vary', b'Origin, Accept'), (b'Access-Control-Expose-Headers', b'X-Repo-Commit,X-Request-Id,X-Error-Code,X-Error-Message,X-Total-Count,ETag,Link,Accept-Ranges,Content-Range,X-Linked-Size,X-Linked-ETag,X-Xet-Hash'), (b'X-Repo-Commit', b'79e7739b6ab944e86d6171e44d24c997fc1e0116'), (b'Accept-Ranges', b'bytes'), (b'X-HF-Warning', b'unauthenticated; Warning: You are sending unauthenticated requests to the HF Hub. Please set a HF_TOKEN to enable higher rate limits and faster downloads.'), (b'X-Hub-Cache', b'HIT'), (b'Content-Disposition', b'inline; filename*=UTF-8\'\'config.json; filename="config.json";'), (b'Content-Security-Policy', b"default-src 'none'; sandbox"), (b'X-Linked-ETag', b'"03df12a02c65a8ba9552ed63f6f1518575d1f7ef"'), (b'X-Cache', b'Miss from cloudfront'), (b'Via', b'1.1 519a45a6eb7235ed934341d9b7a8cb2c.cloudfront.net (CloudFront)'), (b'X-Amz-Cf-Pop', b'FRA56-P17'), (b'Alt-Svc', b'h3=":443"; ma=86400'), (b'X-Amz-Cf-Id', b'Jr5HozELUe9WiFR-6FKWCnpQ99IlPs7qsQdBOZxwT_c_Aid5EdHSeA==')])
[ 2026-08-24 16:01:43,803 ] httpx - INFO - HTTP Request: HEAD https://huggingface.co/BAAI/bge-large-zh-v1.5/resolve/main/config.json "HTTP/1.1 307 Temporary Redirect"
[ 2026-08-24 16:01:43,805 ] httpcore.http11 - DEBUG - receive_response_body.started request=<Request [b'HEAD']>
[ 2026-08-24 16:01:43,805 ] httpcore.http11 - DEBUG - receive_response_body.complete
[ 2026-08-24 16:01:43,805 ] httpcore.http11 - DEBUG - response_closed.started
[ 2026-08-24 16:01:43,805 ] httpcore.http11 - DEBUG - response_closed.complete
[ 2026-08-24 16:01:43,806 ] httpcore.http11 - DEBUG - send_request_headers.started request=<Request [b'HEAD']>
[ 2026-08-24 16:01:43,806 ] httpcore.http11 - DEBUG - send_request_headers.complete
[ 2026-08-24 16:01:43,806 ] httpcore.http11 - DEBUG - send_request_body.started request=<Request [b'HEAD']>
[ 2026-08-24 16:01:43,806 ] httpcore.http11 - DEBUG - send_request_body.complete
[ 2026-08-24 16:01:43,807 ] httpcore.http11 - DEBUG - receive_response_headers.started request=<Request [b'HEAD']>
[ 2026-08-24 16:01:43,953 ] httpcore.http11 - DEBUG - receive_response_headers.complete return_value=(b'HTTP/1.1', 200, b'OK', [(b'Content-Type', b'text/plain; charset=utf-8'), (b'Content-Length', b'1000'), (b'Connection', b'keep-alive'), (b'Date', b'Fri, 17 Jul 2026 09:06:51 GMT'), (b'ETag', b'"03df12a02c65a8ba9552ed63f6f1518575d1f7ef"'), (b'X-Powered-By', b'huggingface-moon'), (b'X-Request-Id', b'Root=1-6a59f0ab-0e0ef8ea2170c0b77003df48;1b4092b7-eb26-4eaf-a9a1-114ae7d9b5b8'), (b'RateLimit', b'"resolvers";r=2976;t=157'), (b'RateLimit-Policy', b'"fixed window";"resolvers";q=3000;w=300'), (b'cross-origin-opener-policy', b'same-origin'), (b'Referrer-Policy', b'strict-origin-when-cross-origin'), (b'Access-Control-Max-Age', b'86400'), (b'Access-Control-Allow-Origin', b'https://huggingface.co'), (b'Access-Control-Expose-Headers', b'X-Repo-Commit,X-Request-Id,X-Error-Code,X-Error-Message,X-Total-Count,ETag,Link,Accept-Ranges,Content-Range,X-Linked-Size,X-Linked-ETag,X-Xet-Hash'), (b'X-Repo-Commit', b'79e7739b6ab944e86d6171e44d24c997fc1e0116'), (b'Accept-Ranges', b'bytes'), (b'X-Hub-Cache', b'MISS'), (b'Content-Disposition', b'inline; filename*=UTF-8\'\'config.json; filename="config.json";'), (b'Content-Security-Policy', b"default-src 'none'; sandbox"), (b'Vary', b'Origin'), (b'X-Cache', b'Hit from cloudfront'), (b'Via', b'1.1 519a45a6eb7235ed934341d9b7a8cb2c.cloudfront.net (CloudFront)'), (b'X-Amz-Cf-Pop', b'FRA56-P17'), (b'Alt-Svc', b'h3=":443"; ma=86400'), (b'X-Amz-Cf-Id', b'P3PUVTv2XU7eszOEcmZWxjVJP6BL95tpuMm_hHknsnC_1eHnPPq_9A=='), (b'Age', b'3279292')])
[ 2026-08-24 16:01:43,954 ] httpx - INFO - HTTP Request: HEAD https://huggingface.co/api/resolve-cache/models/BAAI/bge-large-zh-v1.5/79e7739b6ab944e86d6171e44d24c997fc1e0116/config.json "HTTP/1.1 200 OK"
[ 2026-08-24 16:01:43,954 ] httpcore.http11 - DEBUG - receive_response_body.started request=<Request [b'HEAD']>
[ 2026-08-24 16:01:43,954 ] httpcore.http11 - DEBUG - receive_response_body.complete
[ 2026-08-24 16:01:43,954 ] httpcore.http11 - DEBUG - response_closed.started
[ 2026-08-24 16:01:43,954 ] httpcore.http11 - DEBUG - response_closed.complete
[ 2026-08-24 16:01:43,964 ] httpcore.http11 - DEBUG - send_request_headers.started request=<Request [b'HEAD']>
[ 2026-08-24 16:01:43,965 ] httpcore.http11 - DEBUG - send_request_headers.complete
[ 2026-08-24 16:01:43,965 ] httpcore.http11 - DEBUG - send_request_body.started request=<Request [b'HEAD']>
[ 2026-08-24 16:01:43,965 ] httpcore.http11 - DEBUG - send_request_body.complete
[ 2026-08-24 16:01:43,965 ] httpcore.http11 - DEBUG - receive_response_headers.started request=<Request [b'HEAD']>
[ 2026-08-24 16:01:44,218 ] httpcore.http11 - DEBUG - receive_response_headers.complete return_value=(b'HTTP/1.1', 404, b'Not Found', [(b'Content-Type', b'text/plain; charset=utf-8'), (b'Content-Length', b'15'), (b'Connection', b'keep-alive'), (b'Date', b'Mon, 24 Aug 2026 08:01:44 GMT'), (b'ETag', b'W/"f-mY2VvLxuxB7KhsoOdQTlMTccuAQ"'), (b'X-Powered-By', b'huggingface-moon'), (b'X-Request-Id', b'Root=1-6a8bfa68-732f852328acd50f3e614cf1;ba7df403-ab75-4631-bd49-68a3debd1d19'), (b'RateLimit', b'"resolvers";r=2970;t=52'), (b'RateLimit-Policy', b'"fixed window";"resolvers";q=3000;w=300'), (b'cross-origin-opener-policy', b'same-origin'), (b'Referrer-Policy', b'strict-origin-when-cross-origin'), (b'Access-Control-Max-Age', b'86400'), (b'Access-Control-Allow-Origin', b'https://huggingface.co'), (b'Vary', b'Origin'), (b'Access-Control-Expose-Headers', b'X-Repo-Commit,X-Request-Id,X-Error-Code,X-Error-Message,X-Total-Count,ETag,Link,Accept-Ranges,Content-Range,X-Linked-Size,X-Linked-ETag,X-Xet-Hash'), (b'X-Repo-Commit', b'79e7739b6ab944e86d6171e44d24c997fc1e0116'), (b'Accept-Ranges', b'bytes'), (b'X-HF-Warning', b'unauthenticated; Warning: You are sending unauthenticated requests to the HF Hub. Please set a HF_TOKEN to enable higher rate limits and faster downloads.'), (b'X-Hub-Cache', b'MISS'), (b'X-Error-Code', b'EntryNotFound'), (b'X-Error-Message', b'Entry not found'), (b'X-Cache', b'Error from cloudfront'), (b'Via', b'1.1 519a45a6eb7235ed934341d9b7a8cb2c.cloudfront.net (CloudFront)'), (b'X-Amz-Cf-Pop', b'FRA56-P17'), (b'Alt-Svc', b'h3=":443"; ma=86400'), (b'X-Amz-Cf-Id', b'oO6Y8zu3-J25eKalV3OHGbejfAmqyA1c8l0ILKWItK0Fe5k8cH6geQ==')])
[ 2026-08-24 16:01:44,219 ] httpx - INFO - HTTP Request: HEAD https://huggingface.co/BAAI/bge-large-zh-v1.5/resolve/main/model.safetensors "HTTP/1.1 404 Not Found"
[ 2026-08-24 16:01:44,219 ] httpcore.http11 - DEBUG - receive_response_body.started request=<Request [b'HEAD']>
[ 2026-08-24 16:01:44,219 ] httpcore.http11 - DEBUG - receive_response_body.complete
[ 2026-08-24 16:01:44,219 ] httpcore.http11 - DEBUG - response_closed.started
[ 2026-08-24 16:01:44,219 ] httpcore.http11 - DEBUG - response_closed.complete
[ 2026-08-24 16:01:44,225 ] httpcore.http11 - DEBUG - send_request_headers.started request=<Request [b'GET']>
[ 2026-08-24 16:01:44,227 ] httpcore.http11 - DEBUG - send_request_headers.complete
[ 2026-08-24 16:01:44,227 ] httpcore.http11 - DEBUG - send_request_body.started request=<Request [b'GET']>
[ 2026-08-24 16:01:44,228 ] httpcore.http11 - DEBUG - send_request_body.complete
[ 2026-08-24 16:01:44,228 ] httpcore.http11 - DEBUG - receive_response_headers.started request=<Request [b'GET']>
[ 2026-08-24 16:01:44,327 ] httpcore.connection - DEBUG - connect_tcp.started host='127.0.0.1' port=7897 local_address=None timeout=10 socket_options=None
[ 2026-08-24 16:01:44,327 ] httpcore.connection - DEBUG - connect_tcp.complete return_value=<httpcore._backends.sync.SyncStream object at 0x0000018429E63680>
[ 2026-08-24 16:01:44,327 ] httpcore.http11 - DEBUG - send_request_headers.started request=<Request [b'CONNECT']>
[ 2026-08-24 16:01:44,327 ] httpcore.http11 - DEBUG - send_request_headers.complete
[ 2026-08-24 16:01:44,327 ] httpcore.http11 - DEBUG - send_request_body.started request=<Request [b'CONNECT']>
[ 2026-08-24 16:01:44,327 ] httpcore.http11 - DEBUG - send_request_body.complete
[ 2026-08-24 16:01:44,327 ] httpcore.http11 - DEBUG - receive_response_headers.started request=<Request [b'CONNECT']>
[ 2026-08-24 16:01:44,327 ] httpcore.http11 - DEBUG - receive_response_headers.complete return_value=(b'HTTP/1.1', 200, b'Connection established', [])
[ 2026-08-24 16:01:44,328 ] httpcore.proxy - DEBUG - start_tls.started ssl_context=<ssl.SSLContext object at 0x00000183D424D4D0> server_hostname='huggingface.co' timeout=10
[ 2026-08-24 16:01:44,480 ] httpcore.http11 - DEBUG - receive_response_headers.complete return_value=(b'HTTP/1.1', 200, b'OK', [(b'Content-Type', b'application/json; charset=utf-8'), (b'Transfer-Encoding', b'chunked'), (b'Connection', b'keep-alive'), (b'Date', b'Mon, 24 Aug 2026 08:01:44 GMT'), (b'content-encoding', b'gzip'), (b'ETag', b'W/"1087-S+6DM8GSN3MHuNw6xUPojlZRyGk"'), (b'X-Powered-By', b'huggingface-moon'), (b'X-Request-Id', b'Root=1-6a8bfa68-2844469d1314bf3c2c178b31;990e65ad-28d5-4792-9212-d341c57bbbb4'), (b'RateLimit', b'"api";r=492;t=52'), (b'RateLimit-Policy', b'"fixed window";"api";q=500;w=300'), (b'cross-origin-opener-policy', b'same-origin'), (b'Referrer-Policy', b'strict-origin-when-cross-origin'), (b'Access-Control-Max-Age', b'86400'), (b'Access-Control-Allow-Origin', b'https://huggingface.co'), (b'Vary', b'Origin'), (b'vary', b'Accept-Encoding'), (b'Access-Control-Expose-Headers', b'X-Repo-Commit,X-Request-Id,X-Error-Code,X-Error-Message,X-Total-Count,ETag,Link,Accept-Ranges,Content-Range,X-Linked-Size,X-Linked-ETag,X-Xet-Hash'), (b'X-Cache', b'Miss from cloudfront'), (b'Via', b'1.1 519a45a6eb7235ed934341d9b7a8cb2c.cloudfront.net (CloudFront)'), (b'X-Amz-Cf-Pop', b'FRA56-P17'), (b'Alt-Svc', b'h3=":443"; ma=86400'), (b'X-Amz-Cf-Id', b'_WN8csc6yKM4ANGSF34AUMg-IucUK2zbT_LxCdaoEyNy2B5-HjZPJw==')])
[ 2026-08-24 16:01:44,480 ] httpx - INFO - HTTP Request: GET https://huggingface.co/api/models/BAAI/bge-large-zh-v1.5 "HTTP/1.1 200 OK"
[ 2026-08-24 16:01:44,481 ] httpcore.http11 - DEBUG - receive_response_body.started request=<Request [b'GET']>
[ 2026-08-24 16:01:44,481 ] httpcore.http11 - DEBUG - receive_response_body.complete
[ 2026-08-24 16:01:44,481 ] httpcore.http11 - DEBUG - response_closed.started
[ 2026-08-24 16:01:44,481 ] httpcore.http11 - DEBUG - response_closed.complete
[ 2026-08-24 16:01:44,483 ] httpcore.http11 - DEBUG - send_request_headers.started request=<Request [b'GET']>
[ 2026-08-24 16:01:44,483 ] httpcore.http11 - DEBUG - send_request_headers.complete
[ 2026-08-24 16:01:44,484 ] httpcore.http11 - DEBUG - send_request_body.started request=<Request [b'GET']>
[ 2026-08-24 16:01:44,484 ] httpcore.http11 - DEBUG - send_request_body.complete
[ 2026-08-24 16:01:44,484 ] httpcore.http11 - DEBUG - receive_response_headers.started request=<Request [b'GET']>
[ 2026-08-24 16:01:44,752 ] httpcore.http11 - DEBUG - receive_response_headers.complete return_value=(b'HTTP/1.1', 200, b'OK', [(b'Content-Type', b'application/json; charset=utf-8'), (b'Transfer-Encoding', b'chunked'), (b'Connection', b'keep-alive'), (b'Date', b'Mon, 24 Aug 2026 08:01:44 GMT'), (b'content-encoding', b'gzip'), (b'ETag', b'W/"f1f-D23revP1zCuWrEO88XVnAbvY2Dk"'), (b'X-Powered-By', b'huggingface-moon'), (b'X-Request-Id', b'Root=1-6a8bfa68-5d2556e607f44f5965d088a4;62b2a40d-a699-4023-a9ed-aa82cdd8b0b3'), (b'RateLimit', b'"api";r=491;t=52'), (b'RateLimit-Policy', b'"fixed window";"api";q=500;w=300'), (b'cross-origin-opener-policy', b'same-origin'), (b'Referrer-Policy', b'strict-origin-when-cross-origin'), (b'Access-Control-Max-Age', b'86400'), (b'Access-Control-Allow-Origin', b'https://huggingface.co'), (b'Vary', b'Origin'), (b'vary', b'Accept-Encoding'), (b'Access-Control-Expose-Headers', b'X-Repo-Commit,X-Request-Id,X-Error-Code,X-Error-Message,X-Total-Count,ETag,Link,Accept-Ranges,Content-Range,X-Linked-Size,X-Linked-ETag,X-Xet-Hash'), (b'X-Total-Count', b'15'), (b'X-Cache', b'Miss from cloudfront'), (b'Via', b'1.1 519a45a6eb7235ed934341d9b7a8cb2c.cloudfront.net (CloudFront)'), (b'X-Amz-Cf-Pop', b'FRA56-P17'), (b'Alt-Svc', b'h3=":443"; ma=86400'), (b'X-Amz-Cf-Id', b'HdiYBjc6f3k6rBCTst49_vadgZZLohiwNypCIXJmGMCMZCKtnMYtbA==')])
[ 2026-08-24 16:01:44,752 ] httpx - INFO - HTTP Request: GET https://huggingface.co/api/models/BAAI/bge-large-zh-v1.5/commits/main "HTTP/1.1 200 OK"
[ 2026-08-24 16:01:44,752 ] httpcore.http11 - DEBUG - receive_response_body.started request=<Request [b'GET']>
[ 2026-08-24 16:01:44,753 ] httpcore.http11 - DEBUG - receive_response_body.complete
[ 2026-08-24 16:01:44,753 ] httpcore.http11 - DEBUG - response_closed.started
[ 2026-08-24 16:01:44,753 ] httpcore.http11 - DEBUG - response_closed.complete
[ 2026-08-24 16:01:44,754 ] httpcore.http11 - DEBUG - send_request_headers.started request=<Request [b'GET']>
[ 2026-08-24 16:01:44,754 ] httpcore.http11 - DEBUG - send_request_headers.complete
[ 2026-08-24 16:01:44,754 ] httpcore.http11 - DEBUG - send_request_body.started request=<Request [b'GET']>
[ 2026-08-24 16:01:44,756 ] httpcore.http11 - DEBUG - send_request_body.complete
[ 2026-08-24 16:01:44,756 ] httpcore.http11 - DEBUG - receive_response_headers.started request=<Request [b'GET']>
[ 2026-08-24 16:01:44,821 ] httpcore.proxy - DEBUG - start_tls.complete return_value=<httpcore._backends.sync.SyncStream object at 0x0000018428C81CD0>
[ 2026-08-24 16:01:44,822 ] httpcore.http11 - DEBUG - send_request_headers.started request=<Request [b'HEAD']>
[ 2026-08-24 16:01:44,822 ] httpcore.http11 - DEBUG - send_request_headers.complete
[ 2026-08-24 16:01:44,822 ] httpcore.http11 - DEBUG - send_request_body.started request=<Request [b'HEAD']>
[ 2026-08-24 16:01:44,822 ] httpcore.http11 - DEBUG - send_request_body.complete
[ 2026-08-24 16:01:44,822 ] httpcore.http11 - DEBUG - receive_response_headers.started request=<Request [b'HEAD']>
[ 2026-08-24 16:01:45,043 ] httpcore.http11 - DEBUG - receive_response_headers.complete return_value=(b'HTTP/1.1', 200, b'OK', [(b'Content-Type', b'application/json; charset=utf-8'), (b'Transfer-Encoding', b'chunked'), (b'Connection', b'keep-alive'), (b'Date', b'Mon, 24 Aug 2026 08:01:44 GMT'), (b'content-encoding', b'gzip'), (b'ETag', b'W/"6c5f-0yYIP47Noh8TeQXILT7cTNsmCzU"'), (b'X-Powered-By', b'huggingface-moon'), (b'X-Request-Id', b'Root=1-6a8bfa68-158970a1174307cd1dfb9787;ba9840f2-1223-4b44-97a4-152789470fc1'), (b'RateLimit', b'"api";r=490;t=52'), (b'RateLimit-Policy', b'"fixed window";"api";q=500;w=300'), (b'cross-origin-opener-policy', b'same-origin'), (b'Referrer-Policy', b'strict-origin-when-cross-origin'), (b'Access-Control-Max-Age', b'86400'), (b'Access-Control-Allow-Origin', b'https://huggingface.co'), (b'Vary', b'Origin'), (b'vary', b'Accept-Encoding'), (b'Access-Control-Expose-Headers', b'X-Repo-Commit,X-Request-Id,X-Error-Code,X-Error-Message,X-Total-Count,ETag,Link,Accept-Ranges,Content-Range,X-Linked-Size,X-Linked-ETag,X-Xet-Hash'), (b'X-Cache', b'Miss from cloudfront'), (b'Via', b'1.1 519a45a6eb7235ed934341d9b7a8cb2c.cloudfront.net (CloudFront)'), (b'X-Amz-Cf-Pop', b'FRA56-P17'), (b'Alt-Svc', b'h3=":443"; ma=86400'), (b'X-Amz-Cf-Id', b'_vTe3GjFfQLfL0vVpL4ONCuvBz4sMkhv-zn_-3iiUMhIDjYsgVrAww==')])
[ 2026-08-24 16:01:45,043 ] httpx - INFO - HTTP Request: GET https://huggingface.co/api/models/BAAI/bge-large-zh-v1.5/discussions?p=0 "HTTP/1.1 200 OK"
[ 2026-08-24 16:01:45,043 ] httpcore.http11 - DEBUG - receive_response_body.started request=<Request [b'GET']>
[ 2026-08-24 16:01:45,044 ] httpcore.http11 - DEBUG - receive_response_body.complete
[ 2026-08-24 16:01:45,044 ] httpcore.http11 - DEBUG - response_closed.started
[ 2026-08-24 16:01:45,044 ] httpcore.http11 - DEBUG - response_closed.complete
[ 2026-08-24 16:01:45,046 ] httpcore.http11 - DEBUG - send_request_headers.started request=<Request [b'GET']>
[ 2026-08-24 16:01:45,046 ] httpcore.http11 - DEBUG - send_request_headers.complete
[ 2026-08-24 16:01:45,047 ] httpcore.http11 - DEBUG - send_request_body.started request=<Request [b'GET']>
[ 2026-08-24 16:01:45,047 ] httpcore.http11 - DEBUG - send_request_body.complete
[ 2026-08-24 16:01:45,047 ] httpcore.http11 - DEBUG - receive_response_headers.started request=<Request [b'GET']>
[ 2026-08-24 16:01:45,087 ] httpcore.http11 - DEBUG - receive_response_headers.complete return_value=(b'HTTP/1.1', 404, b'Not Found', [(b'Content-Type', b'text/plain; charset=utf-8'), (b'Content-Length', b'15'), (b'Connection', b'keep-alive'), (b'Date', b'Mon, 24 Aug 2026 08:01:44 GMT'), (b'ETag', b'W/"f-mY2VvLxuxB7KhsoOdQTlMTccuAQ"'), (b'X-Powered-By', b'huggingface-moon'), (b'X-Request-Id', b'Root=1-6a8bfa68-23d662e0195d37bf54e6c026;68c333e7-d1c9-438b-8762-815b7df6a2d8'), (b'RateLimit', b'"resolvers";r=2969;t=52'), (b'RateLimit-Policy', b'"fixed window";"resolvers";q=3000;w=300'), (b'cross-origin-opener-policy', b'same-origin'), (b'Referrer-Policy', b'strict-origin-when-cross-origin'), (b'Access-Control-Max-Age', b'86400'), (b'Access-Control-Allow-Origin', b'https://huggingface.co'), (b'Vary', b'Origin'), (b'Access-Control-Expose-Headers', b'X-Repo-Commit,X-Request-Id,X-Error-Code,X-Error-Message,X-Total-Count,ETag,Link,Accept-Ranges,Content-Range,X-Linked-Size,X-Linked-ETag,X-Xet-Hash'), (b'X-Repo-Commit', b'79e7739b6ab944e86d6171e44d24c997fc1e0116'), (b'Accept-Ranges', b'bytes'), (b'X-HF-Warning', b'unauthenticated; Warning: You are sending unauthenticated requests to the HF Hub. Please set a HF_TOKEN to enable higher rate limits and faster downloads.'), (b'X-Hub-Cache', b'MISS'), (b'X-Error-Code', b'EntryNotFound'), (b'X-Error-Message', b'Entry not found'), (b'X-Cache', b'Error from cloudfront'), (b'Via', b'1.1 927ebc336b8dc69bb685b5a15f5a14d2.cloudfront.net (CloudFront)'), (b'X-Amz-Cf-Pop', b'FRA56-P17'), (b'Alt-Svc', b'h3=":443"; ma=86400'), (b'X-Amz-Cf-Id', b'ULR_tJIUQX4PVLEwbWVCUat_RnD9HhVS03ZTMsMmToAhxPmFUcdzgw==')])
[ 2026-08-24 16:01:45,088 ] httpx - INFO - HTTP Request: HEAD https://huggingface.co/BAAI/bge-large-zh-v1.5/resolve/main/processor_config.json "HTTP/1.1 404 Not Found"
[ 2026-08-24 16:01:45,088 ] httpcore.http11 - DEBUG - receive_response_body.started request=<Request [b'HEAD']>
[ 2026-08-24 16:01:45,088 ] httpcore.http11 - DEBUG - receive_response_body.complete
[ 2026-08-24 16:01:45,088 ] httpcore.http11 - DEBUG - response_closed.started
[ 2026-08-24 16:01:45,089 ] httpcore.http11 - DEBUG - response_closed.complete
[ 2026-08-24 16:01:45,097 ] httpcore.http11 - DEBUG - send_request_headers.started request=<Request [b'HEAD']>
[ 2026-08-24 16:01:45,098 ] httpcore.http11 - DEBUG - send_request_headers.complete
[ 2026-08-24 16:01:45,098 ] httpcore.http11 - DEBUG - send_request_body.started request=<Request [b'HEAD']>
[ 2026-08-24 16:01:45,098 ] httpcore.http11 - DEBUG - send_request_body.complete
[ 2026-08-24 16:01:45,098 ] httpcore.http11 - DEBUG - receive_response_headers.started request=<Request [b'HEAD']>
[ 2026-08-24 16:01:45,307 ] httpcore.http11 - DEBUG - receive_response_headers.complete return_value=(b'HTTP/1.1', 200, b'OK', [(b'Content-Type', b'application/json; charset=utf-8'), (b'Transfer-Encoding', b'chunked'), (b'Connection', b'keep-alive'), (b'Date', b'Mon, 24 Aug 2026 08:01:45 GMT'), (b'content-encoding', b'gzip'), (b'ETag', b'W/"12e4-0UhKjGizpPsyzsF8uV7lpRh/v8A"'), (b'X-Powered-By', b'huggingface-moon'), (b'X-Request-Id', b'Root=1-6a8bfa69-6cd78ee25c49e43a6614fceb;c8c03d96-9a39-4c57-8936-4a4c6e7fc52e'), (b'RateLimit', b'"api";r=489;t=51'), (b'RateLimit-Policy', b'"fixed window";"api";q=500;w=300'), (b'cross-origin-opener-policy', b'same-origin'), (b'Referrer-Policy', b'strict-origin-when-cross-origin'), (b'Access-Control-Max-Age', b'86400'), (b'Access-Control-Allow-Origin', b'https://huggingface.co'), (b'Vary', b'Origin'), (b'vary', b'Accept-Encoding'), (b'Access-Control-Expose-Headers', b'X-Repo-Commit,X-Request-Id,X-Error-Code,X-Error-Message,X-Total-Count,ETag,Link,Accept-Ranges,Content-Range,X-Linked-Size,X-Linked-ETag,X-Xet-Hash'), (b'X-Total-Count', b'16'), (b'X-Cache', b'Miss from cloudfront'), (b'Via', b'1.1 519a45a6eb7235ed934341d9b7a8cb2c.cloudfront.net (CloudFront)'), (b'X-Amz-Cf-Pop', b'FRA56-P17'), (b'Alt-Svc', b'h3=":443"; ma=86400'), (b'X-Amz-Cf-Id', b'mql1ZJ0cfawc5Fa4eSzld6twGfhwIomoXMkqDJjRSNO3xh4GPz_ZOg==')])
[ 2026-08-24 16:01:45,308 ] httpx - INFO - HTTP Request: GET https://huggingface.co/api/models/BAAI/bge-large-zh-v1.5/commits/refs%2Fpr%2F35 "HTTP/1.1 200 OK"
[ 2026-08-24 16:01:45,308 ] httpcore.http11 - DEBUG - receive_response_body.started request=<Request [b'GET']>
[ 2026-08-24 16:01:45,308 ] httpcore.http11 - DEBUG - receive_response_body.complete
[ 2026-08-24 16:01:45,309 ] httpcore.http11 - DEBUG - response_closed.started
[ 2026-08-24 16:01:45,309 ] httpcore.http11 - DEBUG - response_closed.complete
[ 2026-08-24 16:01:45,311 ] httpcore.http11 - DEBUG - send_request_headers.started request=<Request [b'HEAD']>
[ 2026-08-24 16:01:45,312 ] httpcore.http11 - DEBUG - send_request_headers.complete
[ 2026-08-24 16:01:45,312 ] httpcore.http11 - DEBUG - send_request_body.started request=<Request [b'HEAD']>
[ 2026-08-24 16:01:45,312 ] httpcore.http11 - DEBUG - send_request_body.complete
[ 2026-08-24 16:01:45,312 ] httpcore.http11 - DEBUG - receive_response_headers.started request=<Request [b'HEAD']>
[ 2026-08-24 16:01:45,358 ] httpcore.http11 - DEBUG - receive_response_headers.complete return_value=(b'HTTP/1.1', 404, b'Not Found', [(b'Content-Type', b'text/plain; charset=utf-8'), (b'Content-Length', b'15'), (b'Connection', b'keep-alive'), (b'Date', b'Mon, 24 Aug 2026 08:01:45 GMT'), (b'ETag', b'W/"f-mY2VvLxuxB7KhsoOdQTlMTccuAQ"'), (b'X-Powered-By', b'huggingface-moon'), (b'X-Request-Id', b'Root=1-6a8bfa69-589c0dcb36ee66c77b290244;6c88628a-a414-410a-85e8-07f64cc5cc9e'), (b'RateLimit', b'"resolvers";r=2968;t=51'), (b'RateLimit-Policy', b'"fixed window";"resolvers";q=3000;w=300'), (b'cross-origin-opener-policy', b'same-origin'), (b'Referrer-Policy', b'strict-origin-when-cross-origin'), (b'Access-Control-Max-Age', b'86400'), (b'Access-Control-Allow-Origin', b'https://huggingface.co'), (b'Vary', b'Origin'), (b'Access-Control-Expose-Headers', b'X-Repo-Commit,X-Request-Id,X-Error-Code,X-Error-Message,X-Total-Count,ETag,Link,Accept-Ranges,Content-Range,X-Linked-Size,X-Linked-ETag,X-Xet-Hash'), (b'X-Repo-Commit', b'79e7739b6ab944e86d6171e44d24c997fc1e0116'), (b'Accept-Ranges', b'bytes'), (b'X-HF-Warning', b'unauthenticated; Warning: You are sending unauthenticated requests to the HF Hub. Please set a HF_TOKEN to enable higher rate limits and faster downloads.'), (b'X-Hub-Cache', b'MISS'), (b'X-Error-Code', b'EntryNotFound'), (b'X-Error-Message', b'Entry not found'), (b'X-Cache', b'Error from cloudfront'), (b'Via', b'1.1 927ebc336b8dc69bb685b5a15f5a14d2.cloudfront.net (CloudFront)'), (b'X-Amz-Cf-Pop', b'FRA56-P17'), (b'Alt-Svc', b'h3=":443"; ma=86400'), (b'X-Amz-Cf-Id', b'skgv4r9WZlmJUYPKUQ3VWwIPVGKB0yVHYQAA-z7xb77KfrvPQ2zdSQ==')])
[ 2026-08-24 16:01:45,359 ] httpx - INFO - HTTP Request: HEAD https://huggingface.co/BAAI/bge-large-zh-v1.5/resolve/main/preprocessor_config.json "HTTP/1.1 404 Not Found"
[ 2026-08-24 16:01:45,359 ] httpcore.http11 - DEBUG - receive_response_body.started request=<Request [b'HEAD']>
[ 2026-08-24 16:01:45,359 ] httpcore.http11 - DEBUG - receive_response_body.complete
[ 2026-08-24 16:01:45,359 ] httpcore.http11 - DEBUG - response_closed.started
[ 2026-08-24 16:01:45,359 ] httpcore.http11 - DEBUG - response_closed.complete
[ 2026-08-24 16:01:45,362 ] httpcore.http11 - DEBUG - send_request_headers.started request=<Request [b'HEAD']>
[ 2026-08-24 16:01:45,362 ] httpcore.http11 - DEBUG - send_request_headers.complete
[ 2026-08-24 16:01:45,362 ] httpcore.http11 - DEBUG - send_request_body.started request=<Request [b'HEAD']>
[ 2026-08-24 16:01:45,362 ] httpcore.http11 - DEBUG - send_request_body.complete
[ 2026-08-24 16:01:45,363 ] httpcore.http11 - DEBUG - receive_response_headers.started request=<Request [b'HEAD']>
[ 2026-08-24 16:01:45,563 ] httpcore.http11 - DEBUG - receive_response_headers.complete return_value=(b'HTTP/1.1', 404, b'Not Found', [(b'Content-Type', b'text/plain; charset=utf-8'), (b'Content-Length', b'15'), (b'Connection', b'keep-alive'), (b'Date', b'Mon, 24 Aug 2026 08:01:45 GMT'), (b'ETag', b'W/"f-mY2VvLxuxB7KhsoOdQTlMTccuAQ"'), (b'X-Powered-By', b'huggingface-moon'), (b'X-Request-Id', b'Root=1-6a8bfa69-60f1d13318ace45174d9f70f;df46c4be-dd95-4509-9309-70868319985a'), (b'RateLimit', b'"resolvers";r=2967;t=51'), (b'RateLimit-Policy', b'"fixed window";"resolvers";q=3000;w=300'), (b'cross-origin-opener-policy', b'same-origin'), (b'Referrer-Policy', b'strict-origin-when-cross-origin'), (b'Access-Control-Max-Age', b'86400'), (b'Access-Control-Allow-Origin', b'https://huggingface.co'), (b'Vary', b'Origin'), (b'Access-Control-Expose-Headers', b'X-Repo-Commit,X-Request-Id,X-Error-Code,X-Error-Message,X-Total-Count,ETag,Link,Accept-Ranges,Content-Range,X-Linked-Size,X-Linked-ETag,X-Xet-Hash'), (b'X-Repo-Commit', b'0cc67d9f159c4037e86efde28c42dadf6e3de7aa'), (b'Accept-Ranges', b'bytes'), (b'X-HF-Warning', b'unauthenticated; Warning: You are sending unauthenticated requests to the HF Hub. Please set a HF_TOKEN to enable higher rate limits and faster downloads.'), (b'X-Hub-Cache', b'MISS'), (b'X-Error-Code', b'EntryNotFound'), (b'X-Error-Message', b'Entry not found'), (b'X-Cache', b'Error from cloudfront'), (b'Via', b'1.1 519a45a6eb7235ed934341d9b7a8cb2c.cloudfront.net (CloudFront)'), (b'X-Amz-Cf-Pop', b'FRA56-P17'), (b'Alt-Svc', b'h3=":443"; ma=86400'), (b'X-Amz-Cf-Id', b'ro5J6ueY7s_qjkrXuKf9SZu8_tDvvxeK7pi42M-tfQrs_NgaWrwaig==')])
[ 2026-08-24 16:01:45,563 ] httpx - INFO - HTTP Request: HEAD https://huggingface.co/BAAI/bge-large-zh-v1.5/resolve/refs%2Fpr%2F35/model.safetensors.index.json "HTTP/1.1 404 Not Found"
[ 2026-08-24 16:01:45,564 ] httpcore.http11 - DEBUG - receive_response_body.started request=<Request [b'HEAD']>
[ 2026-08-24 16:01:45,565 ] httpcore.http11 - DEBUG - receive_response_body.complete
[ 2026-08-24 16:01:45,565 ] httpcore.http11 - DEBUG - response_closed.started
[ 2026-08-24 16:01:45,565 ] httpcore.http11 - DEBUG - response_closed.complete
[ 2026-08-24 16:01:45,568 ] httpcore.http11 - DEBUG - send_request_headers.started request=<Request [b'HEAD']>
[ 2026-08-24 16:01:45,569 ] httpcore.http11 - DEBUG - send_request_headers.complete
[ 2026-08-24 16:01:45,570 ] httpcore.http11 - DEBUG - send_request_body.started request=<Request [b'HEAD']>
[ 2026-08-24 16:01:45,570 ] httpcore.http11 - DEBUG - send_request_body.complete
[ 2026-08-24 16:01:45,570 ] httpcore.http11 - DEBUG - receive_response_headers.started request=<Request [b'HEAD']>
[ 2026-08-24 16:01:45,623 ] httpcore.http11 - DEBUG - receive_response_headers.complete return_value=(b'HTTP/1.1', 404, b'Not Found', [(b'Content-Type', b'text/plain; charset=utf-8'), (b'Content-Length', b'15'), (b'Connection', b'keep-alive'), (b'Date', b'Mon, 24 Aug 2026 08:01:45 GMT'), (b'ETag', b'W/"f-mY2VvLxuxB7KhsoOdQTlMTccuAQ"'), (b'X-Powered-By', b'huggingface-moon'), (b'X-Request-Id', b'Root=1-6a8bfa69-323ea6600a93fd684afd81cf;4c79545f-6afe-46fe-968e-76f5b9396fb8'), (b'RateLimit', b'"resolvers";r=2966;t=51'), (b'RateLimit-Policy', b'"fixed window";"resolvers";q=3000;w=300'), (b'cross-origin-opener-policy', b'same-origin'), (b'Referrer-Policy', b'strict-origin-when-cross-origin'), (b'Access-Control-Max-Age', b'86400'), (b'Access-Control-Allow-Origin', b'https://huggingface.co'), (b'Vary', b'Origin'), (b'Access-Control-Expose-Headers', b'X-Repo-Commit,X-Request-Id,X-Error-Code,X-Error-Message,X-Total-Count,ETag,Link,Accept-Ranges,Content-Range,X-Linked-Size,X-Linked-ETag,X-Xet-Hash'), (b'X-Repo-Commit', b'79e7739b6ab944e86d6171e44d24c997fc1e0116'), (b'Accept-Ranges', b'bytes'), (b'X-HF-Warning', b'unauthenticated; Warning: You are sending unauthenticated requests to the HF Hub. Please set a HF_TOKEN to enable higher rate limits and faster downloads.'), (b'X-Hub-Cache', b'MISS'), (b'X-Error-Code', b'EntryNotFound'), (b'X-Error-Message', b'Entry not found'), (b'X-Cache', b'Error from cloudfront'), (b'Via', b'1.1 927ebc336b8dc69bb685b5a15f5a14d2.cloudfront.net (CloudFront)'), (b'X-Amz-Cf-Pop', b'FRA56-P17'), (b'Alt-Svc', b'h3=":443"; ma=86400'), (b'X-Amz-Cf-Id', b'7Te-fryduLnnPuaAn-LMnV1NVq_cdCYeDki7OLIWXtStd3yPTlRM8w==')])
[ 2026-08-24 16:01:45,623 ] httpx - INFO - HTTP Request: HEAD https://huggingface.co/BAAI/bge-large-zh-v1.5/resolve/main/video_preprocessor_config.json "HTTP/1.1 404 Not Found"
[ 2026-08-24 16:01:45,623 ] httpcore.http11 - DEBUG - receive_response_body.started request=<Request [b'HEAD']>
[ 2026-08-24 16:01:45,623 ] httpcore.http11 - DEBUG - receive_response_body.complete
[ 2026-08-24 16:01:45,624 ] httpcore.http11 - DEBUG - response_closed.started
[ 2026-08-24 16:01:45,624 ] httpcore.http11 - DEBUG - response_closed.complete
[ 2026-08-24 16:01:45,633 ] httpcore.http11 - DEBUG - send_request_headers.started request=<Request [b'HEAD']>
[ 2026-08-24 16:01:45,633 ] httpcore.http11 - DEBUG - send_request_headers.complete
[ 2026-08-24 16:01:45,633 ] httpcore.http11 - DEBUG - send_request_body.started request=<Request [b'HEAD']>
[ 2026-08-24 16:01:45,633 ] httpcore.http11 - DEBUG - send_request_body.complete
[ 2026-08-24 16:01:45,634 ] httpcore.http11 - DEBUG - receive_response_headers.started request=<Request [b'HEAD']>
[ 2026-08-24 16:01:45,845 ] httpcore.http11 - DEBUG - receive_response_headers.complete return_value=(b'HTTP/1.1', 302, b'Found', [(b'Content-Type', b'text/plain; charset=utf-8'), (b'Content-Length', b'984'), (b'Connection', b'keep-alive'), (b'Date', b'Mon, 24 Aug 2026 08:01:45 GMT'), (b'Location', b'https://us.aws.cdn.hf.co/xet-bridge-us/64fff58369219ce3e48e1a1a/57e0f934e2119245da805d8a6e8fb02178d5ded3f2e97ab9eaca5225f8ea47bf?user_id=public&response-content-disposition=inline%3B+filename*%3DUTF-8%27%27model.safetensors%3B+filename%3D%22model.safetensors%22%3B&X-Xet-Cas-Uid=public&Expires=1787562105&Policy=eyJTdGF0ZW1lbnQiOlt7IlJlc291cmNlIjoiaHR0cHM6Ly91cy5hd3MuY2RuLmhmLmNvL3hldC1icmlkZ2UtdXMvNjRmZmY1ODM2OTIxOWNlM2U0OGUxYTFhLzU3ZTBmOTM0ZTIxMTkyNDVkYTgwNWQ4YTZlOGZiMDIxNzhkNWRlZDNmMmU5N2FiOWVhY2E1MjI1ZjhlYTQ3YmZcXD91c2VyX2lkPXB1YmxpYyZyZXNwb25zZS1jb250ZW50LWRpc3Bvc2l0aW9uPWlubGluZSUzQitmaWxlbmFtZSUyQSUzRFVURi04JTI3JTI3bW9kZWwuc2FmZXRlbnNvcnMlM0IrZmlsZW5hbWUlM0QlMjJtb2RlbC5zYWZldGVuc29ycyUyMiUzQiZYLVhldC1DYXMtVWlkPXB1YmxpYyIsIkNvbmRpdGlvbiI6eyJEYXRlTGVzc1RoYW4iOnsiRXBvY2hUaW1lIjoxNzg3NTYyMTA1fX19XX0_&Signature=MEUCIA3mRiPnYIQ6G9ouHGZ6o6WuOAXehiZ7fI8gMn3bWN%7E0AiEAsVQeuBdIsCmv%7EN5AODYP4STAbXwJa7qbqZL-GVdyXQ4_&Key-Pair-Id=01KXEF4KZ1B6FV465MAWR4M21F'), (b'X-Powered-By', b'huggingface-moon'), (b'X-Request-Id', b'Root=1-6a8bfa69-60db452e2d91828a66303384;7feb30b2-0ec0-41d3-96f2-25c66975fe9b'), (b'RateLimit', b'"resolvers";r=2965;t=51'), (b'RateLimit-Policy', b'"fixed window";"resolvers";q=3000;w=300'), (b'cross-origin-opener-policy', b'same-origin'), (b'Referrer-Policy', b'strict-origin-when-cross-origin'), (b'Access-Control-Max-Age', b'86400'), (b'Access-Control-Allow-Origin', b'https://huggingface.co'), (b'Vary', b'Origin, Accept'), (b'Access-Control-Expose-Headers', b'X-Repo-Commit,X-Request-Id,X-Error-Code,X-Error-Message,X-Total-Count,ETag,Link,Accept-Ranges,Content-Range,X-Linked-Size,X-Linked-ETag,X-Xet-Hash'), (b'X-Repo-Commit', b'0cc67d9f159c4037e86efde28c42dadf6e3de7aa'), (b'Accept-Ranges', b'bytes'), (b'X-HF-Warning', b'unauthenticated; Warning: You are sending unauthenticated requests to the HF Hub. Please set a HF_TOKEN to enable higher rate limits and faster downloads.'), (b'X-Hub-Cache', b'MISS'), (b'X-Linked-Size', b'1302138752'), (b'X-Linked-ETag', b'"74541fa3bddf35c2ed35a7c21542776fb830cde7d372dbe05ca42aa70f2bf904"'), (b'Cache-Control', b'no-store'), (b'X-Xet-Hash', b'57e0f934e2119245da805d8a6e8fb02178d5ded3f2e97ab9eaca5225f8ea47bf'), (b'Link', b'<https://huggingface.co/api/models/BAAI/bge-large-zh-v1.5/xet-read-token/0cc67d9f159c4037e86efde28c42dadf6e3de7aa>; rel="xet-auth", <https://cas-server.xethub.hf.co/v1/reconstructions/57e0f934e2119245da805d8a6e8fb02178d5ded3f2e97ab9eaca5225f8ea47bf>; rel="xet-reconstruction-info"'), (b'X-Cache', b'Miss from cloudfront'), (b'Via', b'1.1 519a45a6eb7235ed934341d9b7a8cb2c.cloudfront.net (CloudFront)'), (b'X-Amz-Cf-Pop', b'FRA56-P17'), (b'Alt-Svc', b'h3=":443"; ma=86400'), (b'X-Amz-Cf-Id', b'C3maHWf3PicIVZL3rxhBO9H4ZHC_7pLVzsZ06FvlkhMfk5Leo-JtlQ==')])
[ 2026-08-24 16:01:45,846 ] httpx - INFO - HTTP Request: HEAD https://huggingface.co/BAAI/bge-large-zh-v1.5/resolve/refs%2Fpr%2F35/model.safetensors "HTTP/1.1 302 Found"
[ 2026-08-24 16:01:45,846 ] httpcore.http11 - DEBUG - receive_response_body.started request=<Request [b'HEAD']>
[ 2026-08-24 16:01:45,846 ] httpcore.http11 - DEBUG - receive_response_body.complete
[ 2026-08-24 16:01:45,847 ] httpcore.http11 - DEBUG - response_closed.started
[ 2026-08-24 16:01:45,847 ] httpcore.http11 - DEBUG - response_closed.complete
[ 2026-08-24 16:01:45,897 ] httpcore.http11 - DEBUG - receive_response_headers.complete return_value=(b'HTTP/1.1', 404, b'Not Found', [(b'Content-Type', b'text/plain; charset=utf-8'), (b'Content-Length', b'15'), (b'Connection', b'keep-alive'), (b'Date', b'Mon, 24 Aug 2026 08:01:45 GMT'), (b'ETag', b'W/"f-mY2VvLxuxB7KhsoOdQTlMTccuAQ"'), (b'X-Powered-By', b'huggingface-moon'), (b'X-Request-Id', b'Root=1-6a8bfa69-5d5a0b014c9fbe6a6c1fd2f3;d81bd27a-defe-4cd6-8a9d-152633531582'), (b'RateLimit', b'"resolvers";r=2964;t=51'), (b'RateLimit-Policy', b'"fixed window";"resolvers";q=3000;w=300'), (b'cross-origin-opener-policy', b'same-origin'), (b'Referrer-Policy', b'strict-origin-when-cross-origin'), (b'Access-Control-Max-Age', b'86400'), (b'Access-Control-Allow-Origin', b'https://huggingface.co'), (b'Vary', b'Origin'), (b'Access-Control-Expose-Headers', b'X-Repo-Commit,X-Request-Id,X-Error-Code,X-Error-Message,X-Total-Count,ETag,Link,Accept-Ranges,Content-Range,X-Linked-Size,X-Linked-ETag,X-Xet-Hash'), (b'X-Repo-Commit', b'79e7739b6ab944e86d6171e44d24c997fc1e0116'), (b'Accept-Ranges', b'bytes'), (b'X-HF-Warning', b'unauthenticated; Warning: You are sending unauthenticated requests to the HF Hub. Please set a HF_TOKEN to enable higher rate limits and faster downloads.'), (b'X-Hub-Cache', b'MISS'), (b'X-Error-Code', b'EntryNotFound'), (b'X-Error-Message', b'Entry not found'), (b'X-Cache', b'Error from cloudfront'), (b'Via', b'1.1 927ebc336b8dc69bb685b5a15f5a14d2.cloudfront.net (CloudFront)'), (b'X-Amz-Cf-Pop', b'FRA56-P17'), (b'Alt-Svc', b'h3=":443"; ma=86400'), (b'X-Amz-Cf-Id', b'LVA5_Yh8CowH542IbvuS3E0IZ4hCTQ-5RtqQll-3cwMzACc530go6w==')])
[ 2026-08-24 16:01:45,898 ] httpx - INFO - HTTP Request: HEAD https://huggingface.co/BAAI/bge-large-zh-v1.5/resolve/main/preprocessor_config.json "HTTP/1.1 404 Not Found"
[ 2026-08-24 16:01:45,898 ] httpcore.http11 - DEBUG - receive_response_body.started request=<Request [b'HEAD']>
[ 2026-08-24 16:01:45,898 ] httpcore.http11 - DEBUG - receive_response_body.complete
[ 2026-08-24 16:01:45,899 ] httpcore.http11 - DEBUG - response_closed.started
[ 2026-08-24 16:01:45,899 ] httpcore.http11 - DEBUG - response_closed.complete
[ 2026-08-24 16:01:45,904 ] httpcore.http11 - DEBUG - send_request_headers.started request=<Request [b'HEAD']>
[ 2026-08-24 16:01:45,904 ] httpcore.http11 - DEBUG - send_request_headers.complete
[ 2026-08-24 16:01:45,905 ] httpcore.http11 - DEBUG - send_request_body.started request=<Request [b'HEAD']>
[ 2026-08-24 16:01:45,905 ] httpcore.http11 - DEBUG - send_request_body.complete
[ 2026-08-24 16:01:45,905 ] httpcore.http11 - DEBUG - receive_response_headers.started request=<Request [b'HEAD']>
[ 2026-08-24 16:01:46,152 ] httpcore.http11 - DEBUG - receive_response_headers.complete return_value=(b'HTTP/1.1', 307, b'Temporary Redirect', [(b'Content-Type', b'text/plain; charset=utf-8'), (b'Content-Length', b'268'), (b'Connection', b'keep-alive'), (b'Date', b'Mon, 24 Aug 2026 08:01:46 GMT'), (b'Location', b'/api/resolve-cache/models/BAAI/bge-large-zh-v1.5/79e7739b6ab944e86d6171e44d24c997fc1e0116/tokenizer_config.json?%2FBAAI%2Fbge-large-zh-v1.5%2Fresolve%2Fmain%2Ftokenizer_config.json=&etag=%2242046bd361a033a24264dc41de1fe6cafd68072f%22'), (b'X-Powered-By', b'huggingface-moon'), (b'X-Request-Id', b'Root=1-6a8bfa6a-5b231cd92461fb327013759c;2d67215e-8956-4d87-833d-4c09d7ebef16'), (b'RateLimit', b'"resolvers";r=2963;t=50'), (b'RateLimit-Policy', b'"fixed window";"resolvers";q=3000;w=300'), (b'cross-origin-opener-policy', b'same-origin'), (b'Referrer-Policy', b'strict-origin-when-cross-origin'), (b'Access-Control-Max-Age', b'86400'), (b'Access-Control-Allow-Origin', b'https://huggingface.co'), (b'Vary', b'Origin, Accept'), (b'Access-Control-Expose-Headers', b'X-Repo-Commit,X-Request-Id,X-Error-Code,X-Error-Message,X-Total-Count,ETag,Link,Accept-Ranges,Content-Range,X-Linked-Size,X-Linked-ETag,X-Xet-Hash'), (b'X-Repo-Commit', b'79e7739b6ab944e86d6171e44d24c997fc1e0116'), (b'Accept-Ranges', b'bytes'), (b'X-HF-Warning', b'unauthenticated; Warning: You are sending unauthenticated requests to the HF Hub. Please set a HF_TOKEN to enable higher rate limits and faster downloads.'), (b'X-Hub-Cache', b'HIT'), (b'Content-Disposition', b'inline; filename*=UTF-8\'\'tokenizer_config.json; filename="tokenizer_config.json";'), (b'Content-Security-Policy', b"default-src 'none'; sandbox"), (b'X-Linked-ETag', b'"42046bd361a033a24264dc41de1fe6cafd68072f"'), (b'X-Cache', b'Miss from cloudfront'), (b'Via', b'1.1 519a45a6eb7235ed934341d9b7a8cb2c.cloudfront.net (CloudFront)'), (b'X-Amz-Cf-Pop', b'FRA56-P17'), (b'Alt-Svc', b'h3=":443"; ma=86400'), (b'X-Amz-Cf-Id', b'ItZoi_EUdn60jcUpc-MU-9BFugdYRI4zKORvxyTwr4ZOG7XOJDyrJw==')])
[ 2026-08-24 16:01:46,153 ] httpx - INFO - HTTP Request: HEAD https://huggingface.co/BAAI/bge-large-zh-v1.5/resolve/main/tokenizer_config.json "HTTP/1.1 307 Temporary Redirect"
[ 2026-08-24 16:01:46,153 ] httpcore.http11 - DEBUG - receive_response_body.started request=<Request [b'HEAD']>
[ 2026-08-24 16:01:46,154 ] httpcore.http11 - DEBUG - receive_response_body.complete
[ 2026-08-24 16:01:46,154 ] httpcore.http11 - DEBUG - response_closed.started
[ 2026-08-24 16:01:46,154 ] httpcore.http11 - DEBUG - response_closed.complete
[ 2026-08-24 16:01:46,154 ] httpcore.http11 - DEBUG - send_request_headers.started request=<Request [b'HEAD']>
[ 2026-08-24 16:01:46,155 ] httpcore.http11 - DEBUG - send_request_headers.complete
[ 2026-08-24 16:01:46,155 ] httpcore.http11 - DEBUG - send_request_body.started request=<Request [b'HEAD']>
[ 2026-08-24 16:01:46,155 ] httpcore.http11 - DEBUG - send_request_body.complete
[ 2026-08-24 16:01:46,155 ] httpcore.http11 - DEBUG - receive_response_headers.started request=<Request [b'HEAD']>
[ 2026-08-24 16:01:46,306 ] httpcore.http11 - DEBUG - receive_response_headers.complete return_value=(b'HTTP/1.1', 200, b'OK', [(b'Content-Type', b'text/plain; charset=utf-8'), (b'Content-Length', b'394'), (b'Connection', b'keep-alive'), (b'Date', b'Thu, 30 Jul 2026 09:53:59 GMT'), (b'ETag', b'"42046bd361a033a24264dc41de1fe6cafd68072f"'), (b'X-Powered-By', b'huggingface-moon'), (b'X-Request-Id', b'Root=1-6a6b1f37-5b25ebf030be26356c15d306;74900a39-ee4e-41b3-90b1-e7fe15b70203'), (b'RateLimit', b'"resolvers";r=2976;t=242'), (b'RateLimit-Policy', b'"fixed window";"resolvers";q=3000;w=300'), (b'cross-origin-opener-policy', b'same-origin'), (b'Referrer-Policy', b'strict-origin-when-cross-origin'), (b'Access-Control-Max-Age', b'86400'), (b'Access-Control-Allow-Origin', b'https://huggingface.co'), (b'Access-Control-Expose-Headers', b'X-Repo-Commit,X-Request-Id,X-Error-Code,X-Error-Message,X-Total-Count,ETag,Link,Accept-Ranges,Content-Range,X-Linked-Size,X-Linked-ETag,X-Xet-Hash'), (b'X-Repo-Commit', b'79e7739b6ab944e86d6171e44d24c997fc1e0116'), (b'Accept-Ranges', b'bytes'), (b'X-Hub-Cache', b'MISS'), (b'Content-Disposition', b'inline; filename*=UTF-8\'\'tokenizer_config.json; filename="tokenizer_config.json";'), (b'Content-Security-Policy', b"default-src 'none'; sandbox"), (b'Vary', b'Origin'), (b'X-Cache', b'Hit from cloudfront'), (b'Via', b'1.1 519a45a6eb7235ed934341d9b7a8cb2c.cloudfront.net (CloudFront)'), (b'X-Amz-Cf-Pop', b'FRA56-P17'), (b'Alt-Svc', b'h3=":443"; ma=86400'), (b'X-Amz-Cf-Id', b'cowDV1pahQnZqG1hh4QlHj1FQuzV0QFx_-xPhTUnxyz5-a5U3O3Rqw=='), (b'Age', b'2153267')])
[ 2026-08-24 16:01:46,307 ] httpx - INFO - HTTP Request: HEAD https://huggingface.co/api/resolve-cache/models/BAAI/bge-large-zh-v1.5/79e7739b6ab944e86d6171e44d24c997fc1e0116/tokenizer_config.json "HTTP/1.1 200 OK"
[ 2026-08-24 16:01:46,308 ] httpcore.http11 - DEBUG - receive_response_body.started request=<Request [b'HEAD']>
[ 2026-08-24 16:01:46,308 ] httpcore.http11 - DEBUG - receive_response_body.complete
[ 2026-08-24 16:01:46,308 ] httpcore.http11 - DEBUG - response_closed.started
[ 2026-08-24 16:01:46,308 ] httpcore.http11 - DEBUG - response_closed.complete
[ 2026-08-24 16:01:46,312 ] httpcore.http11 - DEBUG - send_request_headers.started request=<Request [b'HEAD']>
[ 2026-08-24 16:01:46,312 ] httpcore.http11 - DEBUG - send_request_headers.complete
[ 2026-08-24 16:01:46,313 ] httpcore.http11 - DEBUG - send_request_body.started request=<Request [b'HEAD']>
[ 2026-08-24 16:01:46,313 ] httpcore.http11 - DEBUG - send_request_body.complete
[ 2026-08-24 16:01:46,313 ] httpcore.http11 - DEBUG - receive_response_headers.started request=<Request [b'HEAD']>
[ 2026-08-24 16:01:46,565 ] httpcore.http11 - DEBUG - receive_response_headers.complete return_value=(b'HTTP/1.1', 307, b'Temporary Redirect', [(b'Content-Type', b'text/plain; charset=utf-8'), (b'Content-Length', b'248'), (b'Connection', b'keep-alive'), (b'Date', b'Mon, 24 Aug 2026 08:01:46 GMT'), (b'Location', b'/api/resolve-cache/models/BAAI/bge-large-zh-v1.5/79e7739b6ab944e86d6171e44d24c997fc1e0116/config.json?%2FBAAI%2Fbge-large-zh-v1.5%2Fresolve%2Fmain%2Fconfig.json=&etag=%2203df12a02c65a8ba9552ed63f6f1518575d1f7ef%22'), (b'X-Powered-By', b'huggingface-moon'), (b'X-Request-Id', b'Root=1-6a8bfa6a-45e0836002463a417027cb7d;27148c3f-70f2-48a6-a8d3-7808303ff00e'), (b'RateLimit', b'"resolvers";r=2962;t=50'), (b'RateLimit-Policy', b'"fixed window";"resolvers";q=3000;w=300'), (b'cross-origin-opener-policy', b'same-origin'), (b'Referrer-Policy', b'strict-origin-when-cross-origin'), (b'Access-Control-Max-Age', b'86400'), (b'Access-Control-Allow-Origin', b'https://huggingface.co'), (b'Vary', b'Origin, Accept'), (b'Access-Control-Expose-Headers', b'X-Repo-Commit,X-Request-Id,X-Error-Code,X-Error-Message,X-Total-Count,ETag,Link,Accept-Ranges,Content-Range,X-Linked-Size,X-Linked-ETag,X-Xet-Hash'), (b'X-Repo-Commit', b'79e7739b6ab944e86d6171e44d24c997fc1e0116'), (b'Accept-Ranges', b'bytes'), (b'X-HF-Warning', b'unauthenticated; Warning: You are sending unauthenticated requests to the HF Hub. Please set a HF_TOKEN to enable higher rate limits and faster downloads.'), (b'X-Hub-Cache', b'HIT'), (b'Content-Disposition', b'inline; filename*=UTF-8\'\'config.json; filename="config.json";'), (b'Content-Security-Policy', b"default-src 'none'; sandbox"), (b'X-Linked-ETag', b'"03df12a02c65a8ba9552ed63f6f1518575d1f7ef"'), (b'X-Cache', b'Miss from cloudfront'), (b'Via', b'1.1 519a45a6eb7235ed934341d9b7a8cb2c.cloudfront.net (CloudFront)'), (b'X-Amz-Cf-Pop', b'FRA56-P17'), (b'Alt-Svc', b'h3=":443"; ma=86400'), (b'X-Amz-Cf-Id', b'dB1MD3avj4Li-tQ7e_4texGiE4Hfg_YODKilmooH-FHR8QSAMB3aQg==')])
[ 2026-08-24 16:01:46,566 ] httpx - INFO - HTTP Request: HEAD https://huggingface.co/BAAI/bge-large-zh-v1.5/resolve/main/config.json "HTTP/1.1 307 Temporary Redirect"
[ 2026-08-24 16:01:46,566 ] httpcore.http11 - DEBUG - receive_response_body.started request=<Request [b'HEAD']>
[ 2026-08-24 16:01:46,566 ] httpcore.http11 - DEBUG - receive_response_body.complete
[ 2026-08-24 16:01:46,566 ] httpcore.http11 - DEBUG - response_closed.started
[ 2026-08-24 16:01:46,566 ] httpcore.http11 - DEBUG - response_closed.complete
[ 2026-08-24 16:01:46,568 ] httpcore.http11 - DEBUG - send_request_headers.started request=<Request [b'HEAD']>
[ 2026-08-24 16:01:46,568 ] httpcore.http11 - DEBUG - send_request_headers.complete
[ 2026-08-24 16:01:46,568 ] httpcore.http11 - DEBUG - send_request_body.started request=<Request [b'HEAD']>
[ 2026-08-24 16:01:46,568 ] httpcore.http11 - DEBUG - send_request_body.complete
[ 2026-08-24 16:01:46,569 ] httpcore.http11 - DEBUG - receive_response_headers.started request=<Request [b'HEAD']>
[ 2026-08-24 16:01:46,729 ] httpcore.http11 - DEBUG - receive_response_headers.complete return_value=(b'HTTP/1.1', 200, b'OK', [(b'Content-Type', b'text/plain; charset=utf-8'), (b'Content-Length', b'1000'), (b'Connection', b'keep-alive'), (b'Date', b'Fri, 17 Jul 2026 09:06:51 GMT'), (b'ETag', b'"03df12a02c65a8ba9552ed63f6f1518575d1f7ef"'), (b'X-Powered-By', b'huggingface-moon'), (b'X-Request-Id', b'Root=1-6a59f0ab-0e0ef8ea2170c0b77003df48;1b4092b7-eb26-4eaf-a9a1-114ae7d9b5b8'), (b'RateLimit', b'"resolvers";r=2976;t=157'), (b'RateLimit-Policy', b'"fixed window";"resolvers";q=3000;w=300'), (b'cross-origin-opener-policy', b'same-origin'), (b'Referrer-Policy', b'strict-origin-when-cross-origin'), (b'Access-Control-Max-Age', b'86400'), (b'Access-Control-Allow-Origin', b'https://huggingface.co'), (b'Access-Control-Expose-Headers', b'X-Repo-Commit,X-Request-Id,X-Error-Code,X-Error-Message,X-Total-Count,ETag,Link,Accept-Ranges,Content-Range,X-Linked-Size,X-Linked-ETag,X-Xet-Hash'), (b'X-Repo-Commit', b'79e7739b6ab944e86d6171e44d24c997fc1e0116'), (b'Accept-Ranges', b'bytes'), (b'X-Hub-Cache', b'MISS'), (b'Content-Disposition', b'inline; filename*=UTF-8\'\'config.json; filename="config.json";'), (b'Content-Security-Policy', b"default-src 'none'; sandbox"), (b'Vary', b'Origin'), (b'X-Cache', b'Hit from cloudfront'), (b'Via', b'1.1 519a45a6eb7235ed934341d9b7a8cb2c.cloudfront.net (CloudFront)'), (b'X-Amz-Cf-Pop', b'FRA56-P17'), (b'Alt-Svc', b'h3=":443"; ma=86400'), (b'X-Amz-Cf-Id', b'j3MeQtef8RqUZjWeO3PHHd8XQPxDTcs6zz1MOORluZivaS6IvFdB3g=='), (b'Age', b'3279295')])
[ 2026-08-24 16:01:46,729 ] httpx - INFO - HTTP Request: HEAD https://huggingface.co/api/resolve-cache/models/BAAI/bge-large-zh-v1.5/79e7739b6ab944e86d6171e44d24c997fc1e0116/config.json "HTTP/1.1 200 OK"
[ 2026-08-24 16:01:46,729 ] httpcore.http11 - DEBUG - receive_response_body.started request=<Request [b'HEAD']>
[ 2026-08-24 16:01:46,729 ] httpcore.http11 - DEBUG - receive_response_body.complete
[ 2026-08-24 16:01:46,729 ] httpcore.http11 - DEBUG - response_closed.started
[ 2026-08-24 16:01:46,729 ] httpcore.http11 - DEBUG - response_closed.complete
[ 2026-08-24 16:01:46,738 ] httpcore.http11 - DEBUG - send_request_headers.started request=<Request [b'HEAD']>
[ 2026-08-24 16:01:46,739 ] httpcore.http11 - DEBUG - send_request_headers.complete
[ 2026-08-24 16:01:46,739 ] httpcore.http11 - DEBUG - send_request_body.started request=<Request [b'HEAD']>
[ 2026-08-24 16:01:46,739 ] httpcore.http11 - DEBUG - send_request_body.complete
[ 2026-08-24 16:01:46,739 ] httpcore.http11 - DEBUG - receive_response_headers.started request=<Request [b'HEAD']>
[ 2026-08-24 16:01:46,991 ] httpcore.http11 - DEBUG - receive_response_headers.complete return_value=(b'HTTP/1.1', 307, b'Temporary Redirect', [(b'Content-Type', b'text/plain; charset=utf-8'), (b'Content-Length', b'248'), (b'Connection', b'keep-alive'), (b'Date', b'Mon, 24 Aug 2026 08:01:46 GMT'), (b'Location', b'/api/resolve-cache/models/BAAI/bge-large-zh-v1.5/79e7739b6ab944e86d6171e44d24c997fc1e0116/config.json?%2FBAAI%2Fbge-large-zh-v1.5%2Fresolve%2Fmain%2Fconfig.json=&etag=%2203df12a02c65a8ba9552ed63f6f1518575d1f7ef%22'), (b'X-Powered-By', b'huggingface-moon'), (b'X-Request-Id', b'Root=1-6a8bfa6a-2e9f88bb0d134e800f0786dd;649e6804-6818-4845-afc2-3baa1abca3e2'), (b'RateLimit', b'"resolvers";r=2961;t=50'), (b'RateLimit-Policy', b'"fixed window";"resolvers";q=3000;w=300'), (b'cross-origin-opener-policy', b'same-origin'), (b'Referrer-Policy', b'strict-origin-when-cross-origin'), (b'Access-Control-Max-Age', b'86400'), (b'Access-Control-Allow-Origin', b'https://huggingface.co'), (b'Vary', b'Origin, Accept'), (b'Access-Control-Expose-Headers', b'X-Repo-Commit,X-Request-Id,X-Error-Code,X-Error-Message,X-Total-Count,ETag,Link,Accept-Ranges,Content-Range,X-Linked-Size,X-Linked-ETag,X-Xet-Hash'), (b'X-Repo-Commit', b'79e7739b6ab944e86d6171e44d24c997fc1e0116'), (b'Accept-Ranges', b'bytes'), (b'X-HF-Warning', b'unauthenticated; Warning: You are sending unauthenticated requests to the HF Hub. Please set a HF_TOKEN to enable higher rate limits and faster downloads.'), (b'X-Hub-Cache', b'HIT'), (b'Content-Disposition', b'inline; filename*=UTF-8\'\'config.json; filename="config.json";'), (b'Content-Security-Policy', b"default-src 'none'; sandbox"), (b'X-Linked-ETag', b'"03df12a02c65a8ba9552ed63f6f1518575d1f7ef"'), (b'X-Cache', b'Miss from cloudfront'), (b'Via', b'1.1 519a45a6eb7235ed934341d9b7a8cb2c.cloudfront.net (CloudFront)'), (b'X-Amz-Cf-Pop', b'FRA56-P17'), (b'Alt-Svc', b'h3=":443"; ma=86400'), (b'X-Amz-Cf-Id', b'KB-PrT-RyD9FyItYJrH6S49gtDmQsjusQOra_C_r-OtFjAKucM8a8g==')])
[ 2026-08-24 16:01:46,992 ] httpx - INFO - HTTP Request: HEAD https://huggingface.co/BAAI/bge-large-zh-v1.5/resolve/main/config.json "HTTP/1.1 307 Temporary Redirect"
[ 2026-08-24 16:01:46,992 ] httpcore.http11 - DEBUG - receive_response_body.started request=<Request [b'HEAD']>
[ 2026-08-24 16:01:46,993 ] httpcore.http11 - DEBUG - receive_response_body.complete
[ 2026-08-24 16:01:46,993 ] httpcore.http11 - DEBUG - response_closed.started
[ 2026-08-24 16:01:46,993 ] httpcore.http11 - DEBUG - response_closed.complete
[ 2026-08-24 16:01:46,993 ] httpcore.http11 - DEBUG - send_request_headers.started request=<Request [b'HEAD']>
[ 2026-08-24 16:01:46,994 ] httpcore.http11 - DEBUG - send_request_headers.complete
[ 2026-08-24 16:01:46,994 ] httpcore.http11 - DEBUG - send_request_body.started request=<Request [b'HEAD']>
[ 2026-08-24 16:01:46,994 ] httpcore.http11 - DEBUG - send_request_body.complete
[ 2026-08-24 16:01:46,994 ] httpcore.http11 - DEBUG - receive_response_headers.started request=<Request [b'HEAD']>
[ 2026-08-24 16:01:47,139 ] httpcore.http11 - DEBUG - receive_response_headers.complete return_value=(b'HTTP/1.1', 200, b'OK', [(b'Content-Type', b'text/plain; charset=utf-8'), (b'Content-Length', b'1000'), (b'Connection', b'keep-alive'), (b'Date', b'Fri, 17 Jul 2026 09:06:51 GMT'), (b'ETag', b'"03df12a02c65a8ba9552ed63f6f1518575d1f7ef"'), (b'X-Powered-By', b'huggingface-moon'), (b'X-Request-Id', b'Root=1-6a59f0ab-0e0ef8ea2170c0b77003df48;1b4092b7-eb26-4eaf-a9a1-114ae7d9b5b8'), (b'RateLimit', b'"resolvers";r=2976;t=157'), (b'RateLimit-Policy', b'"fixed window";"resolvers";q=3000;w=300'), (b'cross-origin-opener-policy', b'same-origin'), (b'Referrer-Policy', b'strict-origin-when-cross-origin'), (b'Access-Control-Max-Age', b'86400'), (b'Access-Control-Allow-Origin', b'https://huggingface.co'), (b'Access-Control-Expose-Headers', b'X-Repo-Commit,X-Request-Id,X-Error-Code,X-Error-Message,X-Total-Count,ETag,Link,Accept-Ranges,Content-Range,X-Linked-Size,X-Linked-ETag,X-Xet-Hash'), (b'X-Repo-Commit', b'79e7739b6ab944e86d6171e44d24c997fc1e0116'), (b'Accept-Ranges', b'bytes'), (b'X-Hub-Cache', b'MISS'), (b'Content-Disposition', b'inline; filename*=UTF-8\'\'config.json; filename="config.json";'), (b'Content-Security-Policy', b"default-src 'none'; sandbox"), (b'Vary', b'Origin'), (b'X-Cache', b'Hit from cloudfront'), (b'Via', b'1.1 519a45a6eb7235ed934341d9b7a8cb2c.cloudfront.net (CloudFront)'), (b'X-Amz-Cf-Pop', b'FRA56-P17'), (b'Alt-Svc', b'h3=":443"; ma=86400'), (b'X-Amz-Cf-Id', b'hN24T-UTuOb7bGAUF9eHoRJWkka7BbM_lNrhicYsA1Tbbb3eZBwtyg=='), (b'Age', b'3279296')])
[ 2026-08-24 16:01:47,140 ] httpx - INFO - HTTP Request: HEAD https://huggingface.co/api/resolve-cache/models/BAAI/bge-large-zh-v1.5/79e7739b6ab944e86d6171e44d24c997fc1e0116/config.json "HTTP/1.1 200 OK"
[ 2026-08-24 16:01:47,140 ] httpcore.http11 - DEBUG - receive_response_body.started request=<Request [b'HEAD']>
[ 2026-08-24 16:01:47,141 ] httpcore.http11 - DEBUG - receive_response_body.complete
[ 2026-08-24 16:01:47,141 ] httpcore.http11 - DEBUG - response_closed.started
[ 2026-08-24 16:01:47,141 ] httpcore.http11 - DEBUG - response_closed.complete
[ 2026-08-24 16:01:47,148 ] httpcore.http11 - DEBUG - send_request_headers.started request=<Request [b'HEAD']>
[ 2026-08-24 16:01:47,148 ] httpcore.http11 - DEBUG - send_request_headers.complete
[ 2026-08-24 16:01:47,149 ] httpcore.http11 - DEBUG - send_request_body.started request=<Request [b'HEAD']>
[ 2026-08-24 16:01:47,149 ] httpcore.http11 - DEBUG - send_request_body.complete
[ 2026-08-24 16:01:47,149 ] httpcore.http11 - DEBUG - receive_response_headers.started request=<Request [b'HEAD']>
[ 2026-08-24 16:01:47,397 ] httpcore.http11 - DEBUG - receive_response_headers.complete return_value=(b'HTTP/1.1', 307, b'Temporary Redirect', [(b'Content-Type', b'text/plain; charset=utf-8'), (b'Content-Length', b'268'), (b'Connection', b'keep-alive'), (b'Date', b'Mon, 24 Aug 2026 08:01:47 GMT'), (b'Location', b'/api/resolve-cache/models/BAAI/bge-large-zh-v1.5/79e7739b6ab944e86d6171e44d24c997fc1e0116/tokenizer_config.json?%2FBAAI%2Fbge-large-zh-v1.5%2Fresolve%2Fmain%2Ftokenizer_config.json=&etag=%2242046bd361a033a24264dc41de1fe6cafd68072f%22'), (b'X-Powered-By', b'huggingface-moon'), (b'X-Request-Id', b'Root=1-6a8bfa6b-7d0748184fb43b2737728faa;780f0ca7-4509-4094-96c9-52a4b563a17a'), (b'RateLimit', b'"resolvers";r=2960;t=49'), (b'RateLimit-Policy', b'"fixed window";"resolvers";q=3000;w=300'), (b'cross-origin-opener-policy', b'same-origin'), (b'Referrer-Policy', b'strict-origin-when-cross-origin'), (b'Access-Control-Max-Age', b'86400'), (b'Access-Control-Allow-Origin', b'https://huggingface.co'), (b'Vary', b'Origin, Accept'), (b'Access-Control-Expose-Headers', b'X-Repo-Commit,X-Request-Id,X-Error-Code,X-Error-Message,X-Total-Count,ETag,Link,Accept-Ranges,Content-Range,X-Linked-Size,X-Linked-ETag,X-Xet-Hash'), (b'X-Repo-Commit', b'79e7739b6ab944e86d6171e44d24c997fc1e0116'), (b'Accept-Ranges', b'bytes'), (b'X-HF-Warning', b'unauthenticated; Warning: You are sending unauthenticated requests to the HF Hub. Please set a HF_TOKEN to enable higher rate limits and faster downloads.'), (b'X-Hub-Cache', b'HIT'), (b'Content-Disposition', b'inline; filename*=UTF-8\'\'tokenizer_config.json; filename="tokenizer_config.json";'), (b'Content-Security-Policy', b"default-src 'none'; sandbox"), (b'X-Linked-ETag', b'"42046bd361a033a24264dc41de1fe6cafd68072f"'), (b'X-Cache', b'Miss from cloudfront'), (b'Via', b'1.1 519a45a6eb7235ed934341d9b7a8cb2c.cloudfront.net (CloudFront)'), (b'X-Amz-Cf-Pop', b'FRA56-P17'), (b'Alt-Svc', b'h3=":443"; ma=86400'), (b'X-Amz-Cf-Id', b'XoCiAMKUe2a-wrZtcJnj9BPQk1Bdl7SCvSJcCS_oRzvSWBzsPhUKRA==')])
[ 2026-08-24 16:01:47,397 ] httpx - INFO - HTTP Request: HEAD https://huggingface.co/BAAI/bge-large-zh-v1.5/resolve/main/tokenizer_config.json "HTTP/1.1 307 Temporary Redirect"
[ 2026-08-24 16:01:47,398 ] httpcore.http11 - DEBUG - receive_response_body.started request=<Request [b'HEAD']>
[ 2026-08-24 16:01:47,400 ] httpcore.http11 - DEBUG - receive_response_body.complete
[ 2026-08-24 16:01:47,400 ] httpcore.http11 - DEBUG - response_closed.started
[ 2026-08-24 16:01:47,400 ] httpcore.http11 - DEBUG - response_closed.complete
[ 2026-08-24 16:01:47,401 ] httpcore.http11 - DEBUG - send_request_headers.started request=<Request [b'HEAD']>
[ 2026-08-24 16:01:47,402 ] httpcore.http11 - DEBUG - send_request_headers.complete
[ 2026-08-24 16:01:47,402 ] httpcore.http11 - DEBUG - send_request_body.started request=<Request [b'HEAD']>
[ 2026-08-24 16:01:47,402 ] httpcore.http11 - DEBUG - send_request_body.complete
[ 2026-08-24 16:01:47,402 ] httpcore.http11 - DEBUG - receive_response_headers.started request=<Request [b'HEAD']>
[ 2026-08-24 16:01:47,573 ] httpcore.http11 - DEBUG - receive_response_headers.complete return_value=(b'HTTP/1.1', 200, b'OK', [(b'Content-Type', b'text/plain; charset=utf-8'), (b'Content-Length', b'394'), (b'Connection', b'keep-alive'), (b'Date', b'Thu, 30 Jul 2026 09:53:59 GMT'), (b'ETag', b'"42046bd361a033a24264dc41de1fe6cafd68072f"'), (b'X-Powered-By', b'huggingface-moon'), (b'X-Request-Id', b'Root=1-6a6b1f37-5b25ebf030be26356c15d306;74900a39-ee4e-41b3-90b1-e7fe15b70203'), (b'RateLimit', b'"resolvers";r=2976;t=242'), (b'RateLimit-Policy', b'"fixed window";"resolvers";q=3000;w=300'), (b'cross-origin-opener-policy', b'same-origin'), (b'Referrer-Policy', b'strict-origin-when-cross-origin'), (b'Access-Control-Max-Age', b'86400'), (b'Access-Control-Allow-Origin', b'https://huggingface.co'), (b'Access-Control-Expose-Headers', b'X-Repo-Commit,X-Request-Id,X-Error-Code,X-Error-Message,X-Total-Count,ETag,Link,Accept-Ranges,Content-Range,X-Linked-Size,X-Linked-ETag,X-Xet-Hash'), (b'X-Repo-Commit', b'79e7739b6ab944e86d6171e44d24c997fc1e0116'), (b'Accept-Ranges', b'bytes'), (b'X-Hub-Cache', b'MISS'), (b'Content-Disposition', b'inline; filename*=UTF-8\'\'tokenizer_config.json; filename="tokenizer_config.json";'), (b'Content-Security-Policy', b"default-src 'none'; sandbox"), (b'Vary', b'Origin'), (b'X-Cache', b'Hit from cloudfront'), (b'Via', b'1.1 519a45a6eb7235ed934341d9b7a8cb2c.cloudfront.net (CloudFront)'), (b'X-Amz-Cf-Pop', b'FRA56-P17'), (b'Alt-Svc', b'h3=":443"; ma=86400'), (b'X-Amz-Cf-Id', b'IcDe3bHdShSqd-JJxHhd41kPzmAUt69G64Jp7tUOrEvg5-3g7uVJBQ=='), (b'Age', b'2153268')])
[ 2026-08-24 16:01:47,574 ] httpx - INFO - HTTP Request: HEAD https://huggingface.co/api/resolve-cache/models/BAAI/bge-large-zh-v1.5/79e7739b6ab944e86d6171e44d24c997fc1e0116/tokenizer_config.json "HTTP/1.1 200 OK"
[ 2026-08-24 16:01:47,574 ] httpcore.http11 - DEBUG - receive_response_body.started request=<Request [b'HEAD']>
[ 2026-08-24 16:01:47,574 ] httpcore.http11 - DEBUG - receive_response_body.complete
[ 2026-08-24 16:01:47,575 ] httpcore.http11 - DEBUG - response_closed.started
[ 2026-08-24 16:01:47,575 ] httpcore.http11 - DEBUG - response_closed.complete
[ 2026-08-24 16:01:47,579 ] httpcore.http11 - DEBUG - send_request_headers.started request=<Request [b'GET']>
[ 2026-08-24 16:01:47,579 ] httpcore.http11 - DEBUG - send_request_headers.complete
[ 2026-08-24 16:01:47,580 ] httpcore.http11 - DEBUG - send_request_body.started request=<Request [b'GET']>
[ 2026-08-24 16:01:47,580 ] httpcore.http11 - DEBUG - send_request_body.complete
[ 2026-08-24 16:01:47,580 ] httpcore.http11 - DEBUG - receive_response_headers.started request=<Request [b'GET']>
[ 2026-08-24 16:01:47,835 ] httpcore.http11 - DEBUG - receive_response_headers.complete return_value=(b'HTTP/1.1', 404, b'Not Found', [(b'Content-Type', b'application/json; charset=utf-8'), (b'Content-Length', b'64'), (b'Connection', b'keep-alive'), (b'Date', b'Mon, 24 Aug 2026 08:01:47 GMT'), (b'ETag', b'W/"40-09f9IAqP13xarAhQxFS2W8rvRkM"'), (b'X-Powered-By', b'huggingface-moon'), (b'X-Request-Id', b'Root=1-6a8bfa6b-426e6c477dc1ad2062fa21a9;c41d295b-e921-4a22-bf23-f323f04927a8'), (b'RateLimit', b'"api";r=488;t=49'), (b'RateLimit-Policy', b'"fixed window";"api";q=500;w=300'), (b'cross-origin-opener-policy', b'same-origin'), (b'Referrer-Policy', b'strict-origin-when-cross-origin'), (b'Access-Control-Max-Age', b'86400'), (b'Access-Control-Allow-Origin', b'https://huggingface.co'), (b'Vary', b'Origin'), (b'Access-Control-Expose-Headers', b'X-Repo-Commit,X-Request-Id,X-Error-Code,X-Error-Message,X-Total-Count,ETag,Link,Accept-Ranges,Content-Range,X-Linked-Size,X-Linked-ETag,X-Xet-Hash'), (b'X-Error-Code', b'EntryNotFound'), (b'X-Error-Message', b'additional_chat_templates does not exist on "main"'), (b'X-Cache', b'Error from cloudfront'), (b'Via', b'1.1 519a45a6eb7235ed934341d9b7a8cb2c.cloudfront.net (CloudFront)'), (b'X-Amz-Cf-Pop', b'FRA56-P17'), (b'Alt-Svc', b'h3=":443"; ma=86400'), (b'X-Amz-Cf-Id', b'ADc9nei-MWU2aGulHJ-MV_oSP4WXoCOZd2X9rXWHyCcjJBDyI7VFAg==')])
[ 2026-08-24 16:01:47,836 ] httpx - INFO - HTTP Request: GET https://huggingface.co/api/models/BAAI/bge-large-zh-v1.5/tree/main/additional_chat_templates?recursive=false&expand=false "HTTP/1.1 404 Not Found"
[ 2026-08-24 16:01:47,836 ] httpcore.http11 - DEBUG - receive_response_body.started request=<Request [b'GET']>
[ 2026-08-24 16:01:47,836 ] httpcore.http11 - DEBUG - receive_response_body.complete
[ 2026-08-24 16:01:47,836 ] httpcore.http11 - DEBUG - response_closed.started
[ 2026-08-24 16:01:47,836 ] httpcore.http11 - DEBUG - response_closed.complete
[ 2026-08-24 16:01:47,838 ] httpcore.http11 - DEBUG - send_request_headers.started request=<Request [b'GET']>
[ 2026-08-24 16:01:47,838 ] httpcore.http11 - DEBUG - send_request_headers.complete
[ 2026-08-24 16:01:47,838 ] httpcore.http11 - DEBUG - send_request_body.started request=<Request [b'GET']>
[ 2026-08-24 16:01:47,839 ] httpcore.http11 - DEBUG - send_request_body.complete
[ 2026-08-24 16:01:47,839 ] httpcore.http11 - DEBUG - receive_response_headers.started request=<Request [b'GET']>
[ 2026-08-24 16:01:48,109 ] httpcore.http11 - DEBUG - receive_response_headers.complete return_value=(b'HTTP/1.1', 200, b'OK', [(b'Content-Type', b'application/json; charset=utf-8'), (b'Transfer-Encoding', b'chunked'), (b'Connection', b'keep-alive'), (b'Date', b'Mon, 24 Aug 2026 08:01:47 GMT'), (b'content-encoding', b'gzip'), (b'ETag', b'W/"60e-4HTeqdg1nbgKNpZ8eK9G2cU1aXs"'), (b'X-Powered-By', b'huggingface-moon'), (b'X-Request-Id', b'Root=1-6a8bfa6b-2200a0b0204f6c693a4574cb;29d9851c-8d63-42f9-9a14-27583ba7bb8e'), (b'RateLimit', b'"api";r=487;t=49'), (b'RateLimit-Policy', b'"fixed window";"api";q=500;w=300'), (b'cross-origin-opener-policy', b'same-origin'), (b'Referrer-Policy', b'strict-origin-when-cross-origin'), (b'Access-Control-Max-Age', b'86400'), (b'Access-Control-Allow-Origin', b'https://huggingface.co'), (b'Vary', b'Origin'), (b'vary', b'Accept-Encoding'), (b'Access-Control-Expose-Headers', b'X-Repo-Commit,X-Request-Id,X-Error-Code,X-Error-Message,X-Total-Count,ETag,Link,Accept-Ranges,Content-Range,X-Linked-Size,X-Linked-ETag,X-Xet-Hash'), (b'X-Cache', b'Miss from cloudfront'), (b'Via', b'1.1 519a45a6eb7235ed934341d9b7a8cb2c.cloudfront.net (CloudFront)'), (b'X-Amz-Cf-Pop', b'FRA56-P17'), (b'Alt-Svc', b'h3=":443"; ma=86400'), (b'X-Amz-Cf-Id', b'bcPiN475IkTE0ra0qXE6zp8665WqogAv-H6erNLUABpcCF5ICY4rnw==')])
[ 2026-08-24 16:01:48,109 ] httpx - INFO - HTTP Request: GET https://huggingface.co/api/models/BAAI/bge-large-zh-v1.5/tree/main?recursive=true&expand=false "HTTP/1.1 200 OK"
[ 2026-08-24 16:01:48,109 ] httpcore.http11 - DEBUG - receive_response_body.started request=<Request [b'GET']>
[ 2026-08-24 16:01:48,110 ] httpcore.http11 - DEBUG - receive_response_body.complete
[ 2026-08-24 16:01:48,110 ] httpcore.http11 - DEBUG - response_closed.started
[ 2026-08-24 16:01:48,110 ] httpcore.http11 - DEBUG - response_closed.complete
[ 2026-08-24 16:01:48,142 ] sentence_transformers.base.modules.transformer - DEBUG - Active modality config: {'text': {'method': 'forward', 'method_output_name': 'last_hidden_state'}}
[ 2026-08-24 16:01:48,144 ] httpcore.http11 - DEBUG - send_request_headers.started request=<Request [b'HEAD']>
[ 2026-08-24 16:01:48,145 ] httpcore.http11 - DEBUG - send_request_headers.complete
[ 2026-08-24 16:01:48,145 ] httpcore.http11 - DEBUG - send_request_body.started request=<Request [b'HEAD']>
[ 2026-08-24 16:01:48,145 ] httpcore.http11 - DEBUG - send_request_body.complete
[ 2026-08-24 16:01:48,145 ] httpcore.http11 - DEBUG - receive_response_headers.started request=<Request [b'HEAD']>
[ 2026-08-24 16:01:48,443 ] httpcore.http11 - DEBUG - receive_response_headers.complete return_value=(b'HTTP/1.1', 307, b'Temporary Redirect', [(b'Content-Type', b'text/plain; charset=utf-8'), (b'Content-Length', b'272'), (b'Connection', b'keep-alive'), (b'Date', b'Mon, 24 Aug 2026 08:01:48 GMT'), (b'Location', b'/api/resolve-cache/models/BAAI/bge-large-zh-v1.5/79e7739b6ab944e86d6171e44d24c997fc1e0116/1_Pooling%2Fconfig.json?%2FBAAI%2Fbge-large-zh-v1.5%2Fresolve%2Fmain%2F1_Pooling%2Fconfig.json=&etag=%229bd85925f325e25246d94c4918dc02ab98f2a1b7%22'), (b'X-Powered-By', b'huggingface-moon'), (b'X-Request-Id', b'Root=1-6a8bfa6c-1919ebbd64a01c8600a1bee1;f5b1ccac-7bfb-493b-b6b3-3d13af9051ea'), (b'RateLimit', b'"resolvers";r=2959;t=48'), (b'RateLimit-Policy', b'"fixed window";"resolvers";q=3000;w=300'), (b'cross-origin-opener-policy', b'same-origin'), (b'Referrer-Policy', b'strict-origin-when-cross-origin'), (b'Access-Control-Max-Age', b'86400'), (b'Access-Control-Allow-Origin', b'https://huggingface.co'), (b'Vary', b'Origin, Accept'), (b'Access-Control-Expose-Headers', b'X-Repo-Commit,X-Request-Id,X-Error-Code,X-Error-Message,X-Total-Count,ETag,Link,Accept-Ranges,Content-Range,X-Linked-Size,X-Linked-ETag,X-Xet-Hash'), (b'X-Repo-Commit', b'79e7739b6ab944e86d6171e44d24c997fc1e0116'), (b'Accept-Ranges', b'bytes'), (b'X-Hub-Cache', b'MISS'), (b'Content-Disposition', b'inline; filename*=UTF-8\'\'config.json; filename="config.json";'), (b'Content-Security-Policy', b"default-src 'none'; sandbox"), (b'X-Linked-ETag', b'"9bd85925f325e25246d94c4918dc02ab98f2a1b7"'), (b'X-Cache', b'Miss from cloudfront'), (b'Via', b'1.1 519a45a6eb7235ed934341d9b7a8cb2c.cloudfront.net (CloudFront)'), (b'X-Amz-Cf-Pop', b'FRA56-P17'), (b'Alt-Svc', b'h3=":443"; ma=86400'), (b'X-Amz-Cf-Id', b'TRXsaq2X7n197N4BRY292u0Q34jhD8dMiEzQXcp6U1wi0okIz3MiFg==')])
[ 2026-08-24 16:01:48,444 ] httpx - INFO - HTTP Request: HEAD https://huggingface.co/BAAI/bge-large-zh-v1.5/resolve/main/1_Pooling/config.json "HTTP/1.1 307 Temporary Redirect"
[ 2026-08-24 16:01:48,445 ] httpcore.http11 - DEBUG - receive_response_body.started request=<Request [b'HEAD']>
[ 2026-08-24 16:01:48,445 ] httpcore.http11 - DEBUG - receive_response_body.complete
[ 2026-08-24 16:01:48,445 ] httpcore.http11 - DEBUG - response_closed.started
[ 2026-08-24 16:01:48,445 ] httpcore.http11 - DEBUG - response_closed.complete
[ 2026-08-24 16:01:48,446 ] httpcore.http11 - DEBUG - send_request_headers.started request=<Request [b'HEAD']>
[ 2026-08-24 16:01:48,446 ] httpcore.http11 - DEBUG - send_request_headers.complete
[ 2026-08-24 16:01:48,446 ] httpcore.http11 - DEBUG - send_request_body.started request=<Request [b'HEAD']>
[ 2026-08-24 16:01:48,446 ] httpcore.http11 - DEBUG - send_request_body.complete
[ 2026-08-24 16:01:48,446 ] httpcore.http11 - DEBUG - receive_response_headers.started request=<Request [b'HEAD']>
[ 2026-08-24 16:01:48,596 ] httpcore.http11 - DEBUG - receive_response_headers.complete return_value=(b'HTTP/1.1', 200, b'OK', [(b'Content-Type', b'text/plain; charset=utf-8'), (b'Content-Length', b'191'), (b'Connection', b'keep-alive'), (b'Date', b'Fri, 17 Jul 2026 09:06:54 GMT'), (b'ETag', b'"9bd85925f325e25246d94c4918dc02ab98f2a1b7"'), (b'X-Powered-By', b'huggingface-moon'), (b'X-Request-Id', b'Root=1-6a59f0ae-70c0c6ba248d48e874c5894b;ecfe3705-3aa0-4dbb-9a7d-f9d7b359dbe5'), (b'RateLimit', b'"resolvers";r=2968;t=154'), (b'RateLimit-Policy', b'"fixed window";"resolvers";q=3000;w=300'), (b'cross-origin-opener-policy', b'same-origin'), (b'Referrer-Policy', b'strict-origin-when-cross-origin'), (b'Access-Control-Max-Age', b'86400'), (b'Access-Control-Allow-Origin', b'https://huggingface.co'), (b'Access-Control-Expose-Headers', b'X-Repo-Commit,X-Request-Id,X-Error-Code,X-Error-Message,X-Total-Count,ETag,Link,Accept-Ranges,Content-Range,X-Linked-Size,X-Linked-ETag,X-Xet-Hash'), (b'X-Repo-Commit', b'79e7739b6ab944e86d6171e44d24c997fc1e0116'), (b'Accept-Ranges', b'bytes'), (b'X-Hub-Cache', b'HIT'), (b'Content-Disposition', b'inline; filename*=UTF-8\'\'config.json; filename="config.json";'), (b'Content-Security-Policy', b"default-src 'none'; sandbox"), (b'Vary', b'Origin'), (b'X-Cache', b'Hit from cloudfront'), (b'Via', b'1.1 519a45a6eb7235ed934341d9b7a8cb2c.cloudfront.net (CloudFront)'), (b'X-Amz-Cf-Pop', b'FRA56-P17'), (b'Alt-Svc', b'h3=":443"; ma=86400'), (b'X-Amz-Cf-Id', b'l3L6w9Leg7FIZXtrL10fFWWj3qJ5UN8HHl7-96W6rCK916NZy8m2jw=='), (b'Age', b'3279294')])
[ 2026-08-24 16:01:48,596 ] httpx - INFO - HTTP Request: HEAD https://huggingface.co/api/resolve-cache/models/BAAI/bge-large-zh-v1.5/79e7739b6ab944e86d6171e44d24c997fc1e0116/1_Pooling%2Fconfig.json "HTTP/1.1 200 OK"
[ 2026-08-24 16:01:48,596 ] httpcore.http11 - DEBUG - receive_response_body.started request=<Request [b'HEAD']>
[ 2026-08-24 16:01:48,597 ] httpcore.http11 - DEBUG - receive_response_body.complete
[ 2026-08-24 16:01:48,597 ] httpcore.http11 - DEBUG - response_closed.started
[ 2026-08-24 16:01:48,597 ] httpcore.http11 - DEBUG - response_closed.complete
[ 2026-08-24 16:01:48,603 ] httpcore.http11 - DEBUG - send_request_headers.started request=<Request [b'HEAD']>
[ 2026-08-24 16:01:48,603 ] httpcore.http11 - DEBUG - send_request_headers.complete
[ 2026-08-24 16:01:48,603 ] httpcore.http11 - DEBUG - send_request_body.started request=<Request [b'HEAD']>
[ 2026-08-24 16:01:48,604 ] httpcore.http11 - DEBUG - send_request_body.complete
[ 2026-08-24 16:01:48,604 ] httpcore.http11 - DEBUG - receive_response_headers.started request=<Request [b'HEAD']>
[ 2026-08-24 16:01:48,850 ] httpcore.http11 - DEBUG - receive_response_headers.complete return_value=(b'HTTP/1.1', 404, b'Not Found', [(b'Content-Type', b'text/plain; charset=utf-8'), (b'Content-Length', b'15'), (b'Connection', b'keep-alive'), (b'Date', b'Mon, 24 Aug 2026 08:01:48 GMT'), (b'ETag', b'W/"f-mY2VvLxuxB7KhsoOdQTlMTccuAQ"'), (b'X-Powered-By', b'huggingface-moon'), (b'X-Request-Id', b'Root=1-6a8bfa6c-613102a9361c0b8638e5cc27;3b1aa2d5-40f1-483a-825d-9c230a284e8b'), (b'RateLimit', b'"resolvers";r=2958;t=48'), (b'RateLimit-Policy', b'"fixed window";"resolvers";q=3000;w=300'), (b'cross-origin-opener-policy', b'same-origin'), (b'Referrer-Policy', b'strict-origin-when-cross-origin'), (b'Access-Control-Max-Age', b'86400'), (b'Access-Control-Allow-Origin', b'https://huggingface.co'), (b'Vary', b'Origin'), (b'Access-Control-Expose-Headers', b'X-Repo-Commit,X-Request-Id,X-Error-Code,X-Error-Message,X-Total-Count,ETag,Link,Accept-Ranges,Content-Range,X-Linked-Size,X-Linked-ETag,X-Xet-Hash'), (b'X-Repo-Commit', b'79e7739b6ab944e86d6171e44d24c997fc1e0116'), (b'Accept-Ranges', b'bytes'), (b'X-HF-Warning', b'unauthenticated; Warning: You are sending unauthenticated requests to the HF Hub. Please set a HF_TOKEN to enable higher rate limits and faster downloads.'), (b'X-Hub-Cache', b'MISS'), (b'X-Error-Code', b'EntryNotFound'), (b'X-Error-Message', b'Entry not found'), (b'X-Cache', b'Error from cloudfront'), (b'Via', b'1.1 519a45a6eb7235ed934341d9b7a8cb2c.cloudfront.net (CloudFront)'), (b'X-Amz-Cf-Pop', b'FRA56-P17'), (b'Alt-Svc', b'h3=":443"; ma=86400'), (b'X-Amz-Cf-Id', b'6uCPZ-EeMT-IAhlMq7EazWcjSGTVDj4vDpw66WSl5vmdkmX4vOp79w==')])
[ 2026-08-24 16:01:48,850 ] httpx - INFO - HTTP Request: HEAD https://huggingface.co/BAAI/bge-large-zh-v1.5/resolve/main/2_Normalize/config.json "HTTP/1.1 404 Not Found"
[ 2026-08-24 16:01:48,850 ] httpcore.http11 - DEBUG - receive_response_body.started request=<Request [b'HEAD']>
[ 2026-08-24 16:01:48,850 ] httpcore.http11 - DEBUG - receive_response_body.complete
[ 2026-08-24 16:01:48,850 ] httpcore.http11 - DEBUG - response_closed.started
[ 2026-08-24 16:01:48,851 ] httpcore.http11 - DEBUG - response_closed.complete
[ 2026-08-24 16:01:48,855 ] sentence_transformers.util.file_io - DEBUG - Could not load 'config.json' from 'BAAI/bge-large-zh-v1.5': 404 Client Error. (Request ID: Root=1-6a8bfa6c-613102a9361c0b8638e5cc27;3b1aa2d5-40f1-483a-825d-9c230a284e8b)

Entry Not Found for url: https://huggingface.co/BAAI/bge-large-zh-v1.5/resolve/main/2_Normalize/config.json.
[ 2026-08-24 16:01:48,857 ] httpcore.http11 - DEBUG - send_request_headers.started request=<Request [b'GET']>
[ 2026-08-24 16:01:48,858 ] httpcore.http11 - DEBUG - send_request_headers.complete
[ 2026-08-24 16:01:48,859 ] httpcore.http11 - DEBUG - send_request_body.started request=<Request [b'GET']>
[ 2026-08-24 16:01:48,859 ] httpcore.http11 - DEBUG - send_request_body.complete
[ 2026-08-24 16:01:48,859 ] httpcore.http11 - DEBUG - receive_response_headers.started request=<Request [b'GET']>
[ 2026-08-24 16:01:49,119 ] httpcore.http11 - DEBUG - receive_response_headers.complete return_value=(b'HTTP/1.1', 200, b'OK', [(b'Content-Type', b'application/json; charset=utf-8'), (b'Transfer-Encoding', b'chunked'), (b'Connection', b'keep-alive'), (b'Date', b'Mon, 24 Aug 2026 08:01:48 GMT'), (b'content-encoding', b'gzip'), (b'ETag', b'W/"1087-S+6DM8GSN3MHuNw6xUPojlZRyGk"'), (b'X-Powered-By', b'huggingface-moon'), (b'X-Request-Id', b'Root=1-6a8bfa6c-71a2887f46996f4d20ee8282;25574874-cc34-4cc2-be24-37d3fdf76cfe'), (b'RateLimit', b'"api";r=486;t=48'), (b'RateLimit-Policy', b'"fixed window";"api";q=500;w=300'), (b'cross-origin-opener-policy', b'same-origin'), (b'Referrer-Policy', b'strict-origin-when-cross-origin'), (b'Access-Control-Max-Age', b'86400'), (b'Access-Control-Allow-Origin', b'https://huggingface.co'), (b'Vary', b'Origin'), (b'vary', b'Accept-Encoding'), (b'Access-Control-Expose-Headers', b'X-Repo-Commit,X-Request-Id,X-Error-Code,X-Error-Message,X-Total-Count,ETag,Link,Accept-Ranges,Content-Range,X-Linked-Size,X-Linked-ETag,X-Xet-Hash'), (b'X-Cache', b'Miss from cloudfront'), (b'Via', b'1.1 519a45a6eb7235ed934341d9b7a8cb2c.cloudfront.net (CloudFront)'), (b'X-Amz-Cf-Pop', b'FRA56-P17'), (b'Alt-Svc', b'h3=":443"; ma=86400'), (b'X-Amz-Cf-Id', b'QlAYupWMmc9R-nzqCiLAnUSekXF4z-tJOvn1ur4h0Tr1MBWkcsIvzw==')])
[ 2026-08-24 16:01:49,119 ] httpx - INFO - HTTP Request: GET https://huggingface.co/api/models/BAAI/bge-large-zh-v1.5 "HTTP/1.1 200 OK"
[ 2026-08-24 16:01:49,120 ] httpcore.http11 - DEBUG - receive_response_body.started request=<Request [b'GET']>
[ 2026-08-24 16:01:49,121 ] httpcore.http11 - DEBUG - receive_response_body.complete
[ 2026-08-24 16:01:49,121 ] httpcore.http11 - DEBUG - response_closed.started
[ 2026-08-24 16:01:49,122 ] httpcore.http11 - DEBUG - response_closed.complete
[ 2026-08-24 16:01:50,147 ] langchain_openai.chat_models._client_utils - INFO - langchain-openai detected system proxy configuration and no explicit `http_socket_options` / `http_client` / `http_async_client` / `openai_proxy`; skipping the custom `httpx` transport so httpx's env-proxy auto-detection applies. Pass `http_socket_options=[...]` to opt back into kernel-level TCP keepalive tuning on top of the env proxy.
[ 2026-08-24 16:01:50,848 ] backend.agents.utils.helper - INFO - [MediaProcessor] DeepSeek Vision initialized
[ 2026-08-24 16:01:50,848 ] backend.agents.utils.helper - ERROR - [MediaProcessor] Groq Whisper init failed: GROQ_API_KEY not set
[ 2026-08-24 16:01:50,861 ] langgraph.checkpoint.redis - INFO - Redis client is a standalone client
[ 2026-08-24 16:01:50,862 ] redisvl.index.index - INFO - Index already exists, not overwriting.
[ 2026-08-24 16:01:50,863 ] redisvl.index.index - INFO - Index already exists, not overwriting.
[ 2026-08-24 16:01:50,863 ] backend.agents - INFO - [STM] RedisSaver checkpointer ready
[ 2026-08-24 16:01:50,914 ] backend.agents - INFO - [Graph] MathTutorWorkflow compiled successfully
